date,product,category,region,sales_amount,quantity,profit,year,month,month_name,year_month,profit_margin
2023-05-11,Coffee,Groceries,Central,5.52,1,0.75,2023,5,May,2023-05,13.59
2023-05-22,Juice,Groceries,Central,58.25,2,3.98,2023,5,May,2023-05,6.83
2022-04-05,Sweater,Clothing,Central,184.14,2,68.69,2022,4,Apr,2022-04,37.3
2023-09-03,Olive Oil,Groceries,West,18.18,1,2.01,2023,9,Sep,2023-09,11.06
2021-01-21,Webcam,Electronics,South,4277.65,3,693.44,2021,1,Jan,2021-01,16.21
2023-08-14,Lamp,Furniture,East,2204.13,3,681.83,2023,8,Aug,2023-08,30.93
2022-12-04,Jeans,Clothing,West,754.02,4,234.73,2022,12,Dec,2022-12,31.13
2021-10-23,Tennis Racket,Sports,South,891.13,4,252.24,2021,10,Oct,2021-10,28.31
2022-06-05,Headphones,Electronics,East,2706.57,8,336.96,2022,6,Jun,2022-06,12.45
2023-03-16,Olive Oil,Groceries,East,69.1,4,5.22,2023,3,Mar,2023-03,7.55
2023-03-06,Webcam,Electronics,South,86.86,1,13.58,2023,3,Mar,2023-03,15.63
2022-07-18,Bicycle,Sports,Central,332.93,3,102.53,2022,7,Jul,2022-07,30.8
2022-08-01,Dress,Clothing,North,90.13,3,34.35,2022,8,Aug,2022-08,38.11
2021-07-09,Laptop,Electronics,North,989.15,1,120.98,2021,7,Jul,2021-07,12.23
2022-12-11,Bread,Groceries,Central,42.16,2,3.03,2022,12,Dec,2022-12,7.19
2022-03-18,Sofa,Furniture,South,1185.67,2,468.72,2022,3,Mar,2022-03,39.53
2021-08-08,Yoga Mat,Sports,North,321.69,3,123.67,2021,8,Aug,2021-08,38.44
2021-07-22,Bread,Groceries,Central,38.67,2,5.16,2021,7,Jul,2021-07,13.34
2021-07-06,Running Shoes,Sports,West,561.98,4,246.21,2021,7,Jul,2021-07,43.81
2022-07-05,T-Shirt,Clothing,East,224.41,3,104.35,2022,7,Jul,2022-07,46.5
2021-12-12,Headphones,Electronics,West,3853.82,9,718.86,2021,12,Dec,2021-12,18.65
2022-09-20,Bread,Groceries,West,27.06,1,1.63,2022,9,Sep,2022-09,6.02
2021-04-09,Smartwatch,Electronics,South,849.52,3,140.56,2021,4,Apr,2021-04,16.55
2023-03-12,Bicycle,Sports,East,268.18,1,86.77,2023,3,Mar,2023-03,32.36
2023-11-12,Running Shoes,Sports,East,911.21,5,332.05,2023,11,Nov,2023-11,36.44
2023-12-09,Headphones,Electronics,West,5851.36,8,682.76,2023,12,Dec,2023-12,11.67
2023-07-17,Tablet,Electronics,South,2572.09,3,395.59,2023,7,Jul,2023-07,15.38
2023-05-04,Shorts,Clothing,East,132.21,2,63.09,2023,5,May,2023-05,47.72
2023-11-29,Dumbbell Set,Sports,South,2942.04,9,956.51,2023,11,Nov,2023-11,32.51
2023-04-14,Bread,Groceries,South,33.47,2,1.8,2023,4,Apr,2023-04,5.38
2023-04-18,Olive Oil,Groceries,Central,48.44,3,2.67,2023,4,Apr,2023-04,5.51
2023-06-03,Cereal,Groceries,West,9.7,2,0.87,2023,6,Jun,2023-06,8.97
2023-12-18,Dress,Clothing,South,771.61,4,279.76,2023,12,Dec,2023-12,36.26
2022-07-14,Smartwatch,Electronics,Central,3901.97,4,577.2,2022,7,Jul,2022-07,14.79
2023-09-24,Smartwatch,Electronics,West,116.7,1,21.32,2023,9,Sep,2023-09,18.27
2023-10-09,Bicycle,Sports,South,1235.58,4,543.44,2023,10,Oct,2023-10,43.98
2023-03-13,Bed Frame,Furniture,South,1591.86,3,340.84,2023,3,Mar,2023-03,21.41
2021-09-15,Headphones,Electronics,East,3634.13,3,648.61,2021,9,Sep,2021-09,17.85
2023-12-03,Lamp,Furniture,Central,469.01,2,125.37,2023,12,Dec,2023-12,26.73
2021-03-31,Dumbbell Set,Sports,South,47.92,2,18.66,2021,3,Mar,2021-03,38.94
2022-02-17,Chair,Furniture,Central,2329.97,3,806.94,2022,2,Feb,2022-02,34.63
2023-09-05,Webcam,Electronics,Central,1187.9,3,171.2,2023,9,Sep,2023-09,14.41
2022-08-19,Monitor,Electronics,Central,1348.51,1,254.39,2022,8,Aug,2022-08,18.86
2021-03-17,Webcam,Electronics,West,5710.36,4,682.04,2021,3,Mar,2021-03,11.94
2023-06-10,Bicycle,Sports,Central,639.52,2,167.24,2023,6,Jun,2023-06,26.15
2022-09-26,Running Shoes,Sports,Central,150.1,1,60.39,2022,9,Sep,2022-09,40.23
2022-05-07,Smartwatch,Electronics,Central,745.47,2,105.56,2022,5,May,2022-05,14.16
2021-12-05,Yoga Mat,Sports,West,742.87,7,234.78,2021,12,Dec,2021-12,31.6
2021-06-22,Dumbbell Set,Sports,West,1410.1,6,487.25,2021,6,Jun,2021-06,34.55
2023-04-04,Monitor,Electronics,Central,1446.67,1,284.1,2023,4,Apr,2023-04,19.64
2023-03-26,Tennis Racket,Sports,East,737.72,2,208.95,2023,3,Mar,2023-03,28.32
2022-10-18,Tablet,Electronics,West,1440.12,1,133.66,2022,10,Oct,2022-10,9.28
2022-01-08,Shoes,Clothing,West,196.21,2,106.66,2022,1,Jan,2022-01,54.36
2022-05-17,Laptop,Electronics,North,1292.5,2,115.22,2022,5,May,2022-05,8.91
2022-01-25,Jacket,Clothing,Central,379.65,3,116.4,2022,1,Jan,2022-01,30.66
2022-01-09,Smartphone,Electronics,North,2385.09,4,201.35,2022,1,Jan,2022-01,8.44
2022-05-26,Smartwatch,Electronics,West,8600.95,7,821.38,2022,5,May,2022-05,9.55
2021-02-20,Tennis Racket,Sports,West,309.08,3,118.78,2021,2,Feb,2021-02,38.43
2022-11-05,Rice,Groceries,South,102.85,4,5.44,2022,11,Nov,2022-11,5.29
2023-05-03,Jacket,Clothing,East,907.99,5,437.29,2023,5,May,2023-05,48.16
2021-09-06,Webcam,Electronics,West,2892.25,6,247.3,2021,9,Sep,2021-09,8.55
2021-02-22,Dress,Clothing,East,240.27,2,107.21,2021,2,Feb,2021-02,44.62
2023-06-19,Chair,Furniture,East,3547.54,5,956.15,2023,6,Jun,2023-06,26.95
2022-06-18,Yoga Mat,Sports,Central,384.8,2,149.33,2022,6,Jun,2022-06,38.81
2023-03-05,Webcam,Electronics,North,2094.58,2,168.22,2023,3,Mar,2023-03,8.03
2023-03-15,Laptop,Electronics,East,317.56,1,43.87,2023,3,Mar,2023-03,13.81
2022-04-19,Bed Frame,Furniture,South,618.18,1,154.85,2022,4,Apr,2022-04,25.05
2023-10-28,Cereal,Groceries,East,32.86,2,2.44,2023,10,Oct,2023-10,7.43
2022-04-30,Desk,Furniture,North,685.31,1,169.03,2022,4,Apr,2022-04,24.66
2021-01-25,Desk,Furniture,East,2188.61,4,684.8,2021,1,Jan,2021-01,31.29
2022-03-01,Bicycle,Sports,South,497.82,2,217.42,2022,3,Mar,2022-03,43.67
2022-10-24,Bicycle,Sports,East,97.67,2,25.43,2022,10,Oct,2022-10,26.04
2022-06-27,Bicycle,Sports,South,236.76,1,105.36,2022,6,Jun,2022-06,44.5
2022-05-19,Juice,Groceries,North,65.51,3,9.62,2022,5,May,2022-05,14.68
2023-04-16,Olive Oil,Groceries,North,67.05,3,6.75,2023,4,Apr,2023-04,10.07
2023-04-25,Rice,Groceries,North,35.12,3,4.16,2023,4,Apr,2023-04,11.85
2021-11-17,Yoga Mat,Sports,North,299.64,5,99.39,2021,11,Nov,2021-11,33.17
2022-01-11,Bread,Groceries,South,6.26,1,0.78,2022,1,Jan,2022-01,12.46
2023-07-07,Lamp,Furniture,East,652.59,1,151.96,2023,7,Jul,2023-07,23.29
2021-01-05,Rice,Groceries,South,81.98,3,9.95,2021,1,Jan,2021-01,12.14
2023-03-11,Coffee,Groceries,North,68.04,3,7.1,2023,3,Mar,2023-03,10.44
2021-04-14,Cereal,Groceries,East,40.54,3,5.59,2021,4,Apr,2021-04,13.79
2022-04-23,Olive Oil,Groceries,Central,10.8,2,0.58,2022,4,Apr,2022-04,5.37
2022-08-21,Jeans,Clothing,Central,353.17,2,180.69,2022,8,Aug,2022-08,51.16
2021-08-04,Bed Frame,Furniture,Central,1406.1,3,449.51,2021,8,Aug,2021-08,31.97
2023-03-05,Rice,Groceries,Central,49.95,2,4.61,2023,3,Mar,2023-03,9.23
2021-12-12,Olive Oil,Groceries,South,36.0,2,4.94,2021,12,Dec,2021-12,13.72
2023-10-01,Sofa,Furniture,Central,2232.6,3,635.9,2023,10,Oct,2023-10,28.48
2023-11-19,Monitor,Electronics,East,2111.15,3,402.18,2023,11,Nov,2023-11,19.05
2022-07-21,Cereal,Groceries,Central,48.0,4,4.39,2022,7,Jul,2022-07,9.15
2021-03-16,Shorts,Clothing,South,202.72,2,107.07,2021,3,Mar,2021-03,52.82
2022-10-26,Webcam,Electronics,West,2629.77,4,419.78,2022,10,Oct,2022-10,15.96
2023-08-25,Headphones,Electronics,North,265.56,1,53.01,2023,8,Aug,2023-08,19.96
2022-07-15,Smartwatch,Electronics,East,708.73,2,59.81,2022,7,Jul,2022-07,8.44
2021-10-13,Milk,Groceries,North,70.47,3,7.47,2021,10,Oct,2021-10,10.6
2023-04-11,Chair,Furniture,Central,806.17,6,301.02,2023,4,Apr,2023-04,37.34
2023-10-29,Laptop,Electronics,East,385.06,1,35.62,2023,10,Oct,2023-10,9.25
2022-08-02,Bread,Groceries,West,7.91,1,0.97,2022,8,Aug,2022-08,12.26
2023-03-25,Olive Oil,Groceries,West,20.37,1,2.84,2023,3,Mar,2023-03,13.94
2021-01-07,Shorts,Clothing,North,49.5,1,17.1,2021,1,Jan,2021-01,34.55
2022-12-01,Jeans,Clothing,North,661.26,4,301.56,2022,12,Dec,2022-12,45.6
2023-07-23,Smartphone,Electronics,Central,2384.88,5,419.7,2023,7,Jul,2023-07,17.6
2022-12-22,Jacket,Clothing,North,244.19,4,133.35,2022,12,Dec,2022-12,54.61
2022-03-18,Tennis Racket,Sports,South,119.84,1,51.87,2022,3,Mar,2022-03,43.28
2021-02-11,Chair,Furniture,South,958.02,2,193.71,2021,2,Feb,2021-02,20.22
2021-01-27,Webcam,Electronics,East,1832.5,2,347.68,2021,1,Jan,2021-01,18.97
2023-07-11,Bicycle,Sports,South,532.45,3,215.21,2023,7,Jul,2023-07,40.42
2021-01-29,Running Shoes,Sports,East,455.8,3,174.45,2021,1,Jan,2021-01,38.27
2023-01-28,Yoga Mat,Sports,South,54.01,2,18.86,2023,1,Jan,2023-01,34.92
2021-12-31,Milk,Groceries,North,23.36,1,2.87,2021,12,Dec,2021-12,12.29
2021-03-02,Milk,Groceries,North,32.58,4,2.81,2021,3,Mar,2021-03,8.62
2023-12-04,Rice,Groceries,North,39.74,8,5.36,2023,12,Dec,2023-12,13.49
2022-04-11,Headphones,Electronics,East,1482.12,1,244.06,2022,4,Apr,2022-04,16.47
2022-12-12,Webcam,Electronics,South,2620.56,3,500.34,2022,12,Dec,2022-12,19.09
2023-04-07,Dumbbell Set,Sports,West,680.3,2,251.2,2023,4,Apr,2023-04,36.92
2023-09-22,Sofa,Furniture,Central,406.22,3,106.86,2023,9,Sep,2023-09,26.31
2022-05-12,Lamp,Furniture,North,2445.02,4,973.28,2022,5,May,2022-05,39.81
2021-09-08,Tennis Racket,Sports,South,1882.71,5,706.96,2021,9,Sep,2021-09,37.55
2022-01-12,Sweater,Clothing,North,147.82,2,61.62,2022,1,Jan,2022-01,41.69
2022-01-11,Shoes,Clothing,South,54.39,1,16.56,2022,1,Jan,2022-01,30.45
2022-08-08,Laptop,Electronics,West,1099.4,3,203.93,2022,8,Aug,2022-08,18.55
2021-01-11,Dumbbell Set,Sports,North,301.19,1,99.49,2021,1,Jan,2021-01,33.03
2023-06-04,Coffee,Groceries,South,2.36,1,0.34,2023,6,Jun,2023-06,14.41
2021-02-23,Laptop,Electronics,East,1832.09,2,254.55,2021,2,Feb,2021-02,13.89
2021-08-04,Rice,Groceries,Central,22.47,3,3.1,2021,8,Aug,2021-08,13.8
2022-09-27,Lamp,Furniture,North,111.95,1,29.76,2022,9,Sep,2022-09,26.58
2023-08-13,Shoes,Clothing,East,294.9,2,138.84,2023,8,Aug,2023-08,47.08
2023-08-31,Smartphone,Electronics,Central,3734.25,5,692.46,2023,8,Aug,2023-08,18.54
2021-12-02,Chair,Furniture,East,6340.07,9,2315.16,2021,12,Dec,2021-12,36.52
2022-11-03,Coffee,Groceries,South,49.44,2,3.89,2022,11,Nov,2022-11,7.87
2023-12-06,Bread,Groceries,North,77.29,4,9.75,2023,12,Dec,2023-12,12.61
2022-08-09,Smartphone,Electronics,West,3869.21,4,449.28,2022,8,Aug,2022-08,11.61
2023-11-07,Wardrobe,Furniture,North,998.33,2,373.68,2023,11,Nov,2023-11,37.43
2022-12-05,Bicycle,Sports,West,1057.26,4,437.45,2022,12,Dec,2022-12,41.38
2022-04-04,Shorts,Clothing,South,80.4,2,41.29,2022,4,Apr,2022-04,51.36
2023-06-06,Tennis Racket,Sports,East,199.99,2,60.93,2023,6,Jun,2023-06,30.47
2023-04-29,Sofa,Furniture,Central,2278.21,3,903.98,2023,4,Apr,2023-04,39.68
2022-07-24,Wardrobe,Furniture,South,233.44,1,77.11,2022,7,Jul,2022-07,33.03
2022-05-07,Olive Oil,Groceries,North,130.95,5,6.97,2022,5,May,2022-05,5.32
2022-01-13,Olive Oil,Groceries,North,2.07,2,0.22,2022,1,Jan,2022-01,10.63
2023-10-14,Bed Frame,Furniture,Central,821.03,3,176.1,2023,10,Oct,2023-10,21.45
2021-12-04,Coffee,Groceries,North,77.83,3,5.78,2021,12,Dec,2021-12,7.43
2023-06-08,Sofa,Furniture,North,482.95,1,128.12,2023,6,Jun,2023-06,26.53
2021-01-02,Laptop,Electronics,North,558.41,1,49.94,2021,1,Jan,2021-01,8.94
2023-07-07,Sweater,Clothing,South,282.0,2,91.97,2023,7,Jul,2023-07,32.61
2021-11-13,Rice,Groceries,North,56.3,2,7.72,2021,11,Nov,2021-11,13.71
2021-04-21,Cereal,Groceries,East,134.75,5,7.84,2021,4,Apr,2021-04,5.82
2023-10-11,Bed Frame,Furniture,West,779.49,4,279.01,2023,10,Oct,2023-10,35.79
2022-11-26,Olive Oil,Groceries,South,6.42,4,0.58,2022,11,Nov,2022-11,9.03
2022-03-21,Yoga Mat,Sports,West,492.39,6,176.6,2022,3,Mar,2022-03,35.87
2023-08-05,Headphones,Electronics,South,5508.12,5,1043.7,2023,8,Aug,2023-08,18.95
2022-06-14,Yoga Mat,Sports,East,1255.04,4,417.43,2022,6,Jun,2022-06,33.26
2023-10-02,Monitor,Electronics,West,1911.84,3,302.56,2023,10,Oct,2023-10,15.83
2021-01-28,Jacket,Clothing,Central,35.15,3,12.61,2021,1,Jan,2021-01,35.87
2023-10-31,Juice,Groceries,South,42.04,3,6.09,2023,10,Oct,2023-10,14.49
2021-11-09,Sofa,Furniture,North,3611.91,7,747.08,2021,11,Nov,2021-11,20.68
2021-11-30,T-Shirt,Clothing,Central,187.96,1,77.64,2021,11,Nov,2021-11,41.31
2023-12-19,Yoga Mat,Sports,North,960.39,4,302.16,2023,12,Dec,2023-12,31.46
2023-11-29,Milk,Groceries,West,16.44,1,1.06,2023,11,Nov,2023-11,6.45
2023-01-16,Bed Frame,Furniture,South,431.22,2,169.33,2023,1,Jan,2023-01,39.27
2021-11-07,Jacket,Clothing,South,53.31,4,26.6,2021,11,Nov,2021-11,49.9
2023-03-12,Tablet,Electronics,Central,2034.22,2,310.41,2023,3,Mar,2023-03,15.26
2022-07-29,Laptop,Electronics,North,2980.68,2,277.48,2022,7,Jul,2022-07,9.31
2022-05-09,Wardrobe,Furniture,East,2646.6,4,817.53,2022,5,May,2022-05,30.89
2022-12-26,Headphones,Electronics,South,2497.8,4,267.94,2022,12,Dec,2022-12,10.73
2023-05-17,Jeans,Clothing,North,246.48,3,94.97,2023,5,May,2023-05,38.53
2021-01-12,Dumbbell Set,Sports,Central,219.47,2,87.65,2021,1,Jan,2021-01,39.94
2021-12-30,Rice,Groceries,Central,124.25,5,8.66,2021,12,Dec,2021-12,6.97
2021-05-21,Milk,Groceries,Central,94.52,5,11.51,2021,5,May,2021-05,12.18
2021-01-02,Smartwatch,Electronics,West,1243.6,1,227.74,2021,1,Jan,2021-01,18.31
2023-11-29,Yoga Mat,Sports,South,345.25,4,122.67,2023,11,Nov,2023-11,35.53
2022-07-13,Coffee,Groceries,Central,53.28,2,4.85,2022,7,Jul,2022-07,9.1
2022-11-13,Smartphone,Electronics,East,4727.05,4,732.05,2022,11,Nov,2022-11,15.49
2023-09-20,Dress,Clothing,North,300.01,2,91.78,2023,9,Sep,2023-09,30.59
2022-02-23,Bed Frame,Furniture,East,494.0,2,196.39,2022,2,Feb,2022-02,39.76
2021-09-20,Dumbbell Set,Sports,East,370.89,2,118.02,2021,9,Sep,2021-09,31.82
2021-10-29,Olive Oil,Groceries,South,53.9,5,4.67,2021,10,Oct,2021-10,8.66
2023-12-30,Webcam,Electronics,West,2765.98,4,418.04,2023,12,Dec,2023-12,15.11
2021-03-08,Lamp,Furniture,South,1918.57,6,599.48,2021,3,Mar,2021-03,31.25
2022-03-29,Tennis Racket,Sports,North,241.9,3,75.03,2022,3,Mar,2022-03,31.02
2023-09-07,Juice,Groceries,Central,4.48,1,0.55,2023,9,Sep,2023-09,12.28
2021-12-30,Laptop,Electronics,Central,923.74,5,80.89,2021,12,Dec,2021-12,8.76
2022-04-26,Dress,Clothing,South,164.75,2,83.42,2022,4,Apr,2022-04,50.63
2021-11-07,Juice,Groceries,East,88.32,5,10.37,2021,11,Nov,2021-11,11.74
2021-05-14,Cereal,Groceries,West,24.74,1,1.62,2021,5,May,2021-05,6.55
2023-07-20,Sweater,Clothing,West,594.39,5,311.8,2023,7,Jul,2023-07,52.46
2021-08-26,Bicycle,Sports,East,1145.48,3,402.32,2021,8,Aug,2021-08,35.12
2023-11-02,Lamp,Furniture,West,792.9,2,256.83,2023,11,Nov,2023-11,32.39
2023-12-20,Cereal,Groceries,East,69.48,4,5.54,2023,12,Dec,2023-12,7.97
2023-09-10,Bread,Groceries,East,6.33,2,0.75,2023,9,Sep,2023-09,11.85
2022-09-01,Sofa,Furniture,North,247.5,1,81.96,2022,9,Sep,2022-09,33.12
2022-02-26,Shorts,Clothing,Central,178.45,1,69.94,2022,2,Feb,2022-02,39.19
2021-04-02,Tennis Racket,Sports,Central,38.49,2,11.62,2021,4,Apr,2021-04,30.19
2022-10-12,Shorts,Clothing,Central,50.89,1,18.34,2022,10,Oct,2022-10,36.04
2021-12-04,Tennis Racket,Sports,West,631.97,4,174.07,2021,12,Dec,2021-12,27.54
2022-06-30,Sofa,Furniture,South,1690.93,4,661.27,2022,6,Jun,2022-06,39.11
2021-01-17,Laptop,Electronics,North,1222.88,1,138.83,2021,1,Jan,2021-01,11.35
2021-08-30,Shoes,Clothing,Central,500.33,3,261.35,2021,8,Aug,2021-08,52.24
2023-05-06,Running Shoes,Sports,Central,597.82,2,159.59,2023,5,May,2023-05,26.7
2021-02-12,Smartwatch,Electronics,East,153.32,1,29.86,2021,2,Feb,2021-02,19.48
2021-10-04,Shorts,Clothing,West,229.33,3,74.44,2021,10,Oct,2021-10,32.46
2021-12-16,Sweater,Clothing,West,723.16,4,263.12,2021,12,Dec,2021-12,36.38
2023-04-16,Laptop,Electronics,North,818.94,1,160.69,2023,4,Apr,2023-04,19.62
2021-05-29,Sofa,Furniture,East,3927.89,5,1051.31,2021,5,May,2021-05,26.77
2023-07-25,Shorts,Clothing,North,322.85,4,106.66,2023,7,Jul,2023-07,33.04
2022-11-17,Smartwatch,Electronics,East,5118.05,5,1010.34,2022,11,Nov,2022-11,19.74
2021-10-29,Bookshelf,Furniture,East,547.84,2,184.65,2021,10,Oct,2021-10,33.71
2022-03-12,Milk,Groceries,East,21.48,4,1.3,2022,3,Mar,2022-03,6.05
2021-01-23,Bicycle,Sports,North,308.03,1,77.58,2021,1,Jan,2021-01,25.19
2021-05-09,Lamp,Furniture,East,794.1,1,285.89,2021,5,May,2021-05,36.0
2022-04-18,Dress,Clothing,East,137.17,3,67.25,2022,4,Apr,2022-04,49.03
2022-07-20,Chair,Furniture,North,1539.63,2,402.03,2022,7,Jul,2022-07,26.11
2022-11-29,Bed Frame,Furniture,Central,1629.67,3,326.55,2022,11,Nov,2022-11,20.04
2023-05-21,Dumbbell Set,Sports,West,339.23,4,91.87,2023,5,May,2023-05,27.08
2022-11-29,Sofa,Furniture,South,511.55,1,135.26,2022,11,Nov,2022-11,26.44
2021-07-30,Bicycle,Sports,South,862.37,3,272.2,2021,7,Jul,2021-07,31.56
2022-04-26,Shorts,Clothing,West,87.53,4,40.21,2022,4,Apr,2022-04,45.94
2022-10-22,Cereal,Groceries,West,36.39,3,3.04,2022,10,Oct,2022-10,8.35
2023-08-31,Bread,Groceries,Central,63.7,3,4.62,2023,8,Aug,2023-08,7.25
2022-08-04,Tennis Racket,Sports,West,648.04,2,172.46,2022,8,Aug,2022-08,26.61
2023-01-13,Jacket,Clothing,North,158.24,1,49.74,2023,1,Jan,2023-01,31.43
2022-11-17,Sofa,Furniture,West,734.32,2,188.39,2022,11,Nov,2022-11,25.66
2022-09-10,Bed Frame,Furniture,East,1392.2,5,321.98,2022,9,Sep,2022-09,23.13
2022-08-19,Jeans,Clothing,East,145.83,4,67.95,2022,8,Aug,2022-08,46.6
2023-08-02,Dumbbell Set,Sports,South,704.94,4,204.16,2023,8,Aug,2023-08,28.96
2023-09-11,Tablet,Electronics,East,2918.82,2,286.48,2023,9,Sep,2023-09,9.81
2023-06-14,T-Shirt,Clothing,North,328.33,3,156.6,2023,6,Jun,2023-06,47.7
2022-06-13,Sweater,Clothing,South,408.37,4,164.55,2022,6,Jun,2022-06,40.29
2022-09-29,Bed Frame,Furniture,West,2017.8,6,707.89,2022,9,Sep,2022-09,35.08
2022-01-11,Bicycle,Sports,West,566.82,5,180.66,2022,1,Jan,2022-01,31.87
2023-12-04,Smartphone,Electronics,West,3622.8,3,481.57,2023,12,Dec,2023-12,13.29
2023-02-18,Desk,Furniture,West,1952.57,3,747.87,2023,2,Feb,2023-02,38.3
2022-07-08,Sofa,Furniture,West,598.63,3,180.43,2022,7,Jul,2022-07,30.14
2021-08-08,Webcam,Electronics,Central,5561.61,5,938.62,2021,8,Aug,2021-08,16.88
2023-11-06,Webcam,Electronics,Central,7384.8,5,601.96,2023,11,Nov,2023-11,8.15
2021-05-11,Headphones,Electronics,North,3729.87,3,431.09,2021,5,May,2021-05,11.56
2022-10-08,Olive Oil,Groceries,West,118.62,4,16.37,2022,10,Oct,2022-10,13.8
2023-09-13,Bicycle,Sports,South,53.75,1,17.18,2023,9,Sep,2023-09,31.96
2023-08-01,Jeans,Clothing,East,802.31,6,376.32,2023,8,Aug,2023-08,46.9
2023-12-26,Olive Oil,Groceries,North,40.01,2,3.36,2023,12,Dec,2023-12,8.4
2022-03-18,Webcam,Electronics,Central,588.75,6,65.49,2022,3,Mar,2022-03,11.12
2022-10-08,Rice,Groceries,East,16.87,4,2.49,2022,10,Oct,2022-10,14.76
2022-08-19,Laptop,Electronics,South,10157.37,7,1494.17,2022,8,Aug,2022-08,14.71
2022-09-25,Bookshelf,Furniture,West,322.12,2,80.01,2022,9,Sep,2022-09,24.84
2021-11-16,Headphones,Electronics,North,1245.58,1,208.8,2021,11,Nov,2021-11,16.76
2021-02-10,Bookshelf,Furniture,West,1423.22,2,566.16,2021,2,Feb,2021-02,39.78
2022-11-26,Yoga Mat,Sports,West,1196.9,5,326.74,2022,11,Nov,2022-11,27.3
2023-11-25,Smartphone,Electronics,North,345.82,4,41.81,2023,11,Nov,2023-11,12.09
2023-03-31,Tennis Racket,Sports,East,559.26,3,166.01,2023,3,Mar,2023-03,29.68
2021-03-17,Running Shoes,Sports,West,1523.82,4,458.48,2021,3,Mar,2021-03,30.09
2022-07-27,Wardrobe,Furniture,South,2199.94,3,713.89,2022,7,Jul,2022-07,32.45
2021-05-22,Coffee,Groceries,West,7.0,1,0.36,2021,5,May,2021-05,5.14
2022-07-09,Sofa,Furniture,North,1619.9,5,352.2,2022,7,Jul,2022-07,21.74
2022-07-07,Smartwatch,Electronics,East,1325.8,1,213.52,2022,7,Jul,2022-07,16.1
2023-06-26,Tennis Racket,Sports,North,825.5,5,324.99,2023,6,Jun,2023-06,39.37
2023-09-15,Dress,Clothing,North,130.92,1,41.22,2023,9,Sep,2023-09,31.48
2023-04-30,Jeans,Clothing,West,165.86,2,67.13,2023,4,Apr,2023-04,40.47
2021-11-28,Jacket,Clothing,North,755.71,4,346.89,2021,11,Nov,2021-11,45.9
2022-12-14,Webcam,Electronics,West,2692.62,9,344.45,2022,12,Dec,2022-12,12.79
2022-07-28,Webcam,Electronics,North,5536.51,5,646.43,2022,7,Jul,2022-07,11.68
2023-11-20,Sofa,Furniture,South,1069.96,3,404.37,2023,11,Nov,2023-11,37.79
2022-11-03,Jacket,Clothing,North,45.63,3,21.06,2022,11,Nov,2022-11,46.15
2022-02-25,Laptop,Electronics,West,1085.33,2,137.08,2022,2,Feb,2022-02,12.63
2021-05-06,Bread,Groceries,North,41.27,2,6.14,2021,5,May,2021-05,14.88
2023-04-13,Chair,Furniture,Central,2339.57,3,514.38,2023,4,Apr,2023-04,21.99
2021-12-29,Milk,Groceries,East,6.71,4,0.98,2021,12,Dec,2021-12,14.61
2023-11-25,Desk,Furniture,West,945.35,2,194.92,2023,11,Nov,2023-11,20.62
2023-10-05,Lamp,Furniture,Central,848.14,2,311.87,2023,10,Oct,2023-10,36.77
2023-06-18,Jeans,Clothing,Central,46.98,1,17.27,2023,6,Jun,2023-06,36.76
2021-10-27,Cereal,Groceries,West,22.14,2,2.49,2021,10,Oct,2021-10,11.25
2021-05-19,Bookshelf,Furniture,Central,3182.28,4,887.94,2021,5,May,2021-05,27.9
2022-06-01,Smartwatch,Electronics,West,2730.13,2,334.21,2022,6,Jun,2022-06,12.24
2021-09-03,Running Shoes,Sports,West,74.46,2,33.05,2021,9,Sep,2021-09,44.39
2023-06-02,Milk,Groceries,West,60.08,4,7.58,2023,6,Jun,2023-06,12.62
2022-02-03,Rice,Groceries,North,46.02,4,5.02,2022,2,Feb,2022-02,10.91
2023-06-22,Running Shoes,Sports,North,37.9,1,14.33,2023,6,Jun,2023-06,37.81
2023-01-07,Cereal,Groceries,East,42.0,3,4.1,2023,1,Jan,2023-01,9.76
2022-11-14,Juice,Groceries,South,19.59,4,2.86,2022,11,Nov,2022-11,14.6
2021-01-19,Jeans,Clothing,North,27.06,1,8.42,2021,1,Jan,2021-01,31.12
2021-01-25,Yoga Mat,Sports,Central,85.91,5,28.33,2021,1,Jan,2021-01,32.98
2023-03-13,Wardrobe,Furniture,East,993.45,3,388.46,2023,3,Mar,2023-03,39.1
2021-12-24,T-Shirt,Clothing,South,321.92,2,129.0,2021,12,Dec,2021-12,40.07
2021-04-21,Desk,Furniture,East,2634.03,4,645.88,2021,4,Apr,2021-04,24.52
2022-03-13,Tennis Racket,Sports,East,305.52,2,107.12,2022,3,Mar,2022-03,35.06
2023-10-31,Wardrobe,Furniture,West,1616.12,3,416.95,2023,10,Oct,2023-10,25.8
2023-11-20,Lamp,Furniture,East,1914.75,3,624.04,2023,11,Nov,2023-11,32.59
2023-05-23,Chair,Furniture,North,80.1,1,20.44,2023,5,May,2023-05,25.52
2021-10-21,Webcam,Electronics,South,1454.21,2,278.78,2021,10,Oct,2021-10,19.17
2022-09-25,Tablet,Electronics,East,6084.59,7,571.48,2022,9,Sep,2022-09,9.39
2022-04-16,Dress,Clothing,North,560.2,3,290.68,2022,4,Apr,2022-04,51.89
2023-07-18,Bookshelf,Furniture,North,2833.99,5,849.39,2023,7,Jul,2023-07,29.97
2023-05-21,Chair,Furniture,East,819.09,2,172.39,2023,5,May,2023-05,21.05
2023-11-03,Dress,Clothing,Central,623.01,7,248.38,2023,11,Nov,2023-11,39.87
2023-02-15,Desk,Furniture,East,921.76,3,348.46,2023,2,Feb,2023-02,37.8
2021-08-23,Coffee,Groceries,North,74.63,3,5.54,2021,8,Aug,2021-08,7.42
2023-05-18,Jacket,Clothing,North,449.63,3,233.54,2023,5,May,2023-05,51.94
2023-05-08,Headphones,Electronics,West,437.52,1,80.0,2023,5,May,2023-05,18.28
2021-06-24,Smartphone,Electronics,Central,435.1,1,50.12,2021,6,Jun,2021-06,11.52
2021-02-02,Shorts,Clothing,West,395.86,3,205.77,2021,2,Feb,2021-02,51.98
2021-11-03,Tablet,Electronics,North,1857.83,2,349.15,2021,11,Nov,2021-11,18.79
2022-05-04,Dumbbell Set,Sports,South,402.74,2,177.83,2022,5,May,2022-05,44.16
2022-01-28,Bicycle,Sports,South,526.34,2,207.97,2022,1,Jan,2022-01,39.51
2021-12-28,Smartphone,Electronics,North,7097.5,6,861.8,2021,12,Dec,2021-12,12.14
2022-07-18,Chair,Furniture,North,2307.2,4,653.23,2022,7,Jul,2022-07,28.31
2022-02-26,Milk,Groceries,Central,142.62,5,13.67,2022,2,Feb,2022-02,9.58
2021-01-03,Bicycle,Sports,Central,205.45,6,90.46,2021,1,Jan,2021-01,44.03
2022-07-14,Milk,Groceries,North,22.06,3,1.13,2022,7,Jul,2022-07,5.12
2022-09-12,Coffee,Groceries,East,79.07,7,5.79,2022,9,Sep,2022-09,7.32
2023-11-29,Tablet,Electronics,West,1738.75,2,140.99,2023,11,Nov,2023-11,8.11
2021-06-20,Dumbbell Set,Sports,West,250.46,3,82.79,2021,6,Jun,2021-06,33.06
2021-01-10,Chair,Furniture,East,2302.47,3,502.27,2021,1,Jan,2021-01,21.81
2022-12-19,Smartphone,Electronics,Central,1655.81,4,314.92,2022,12,Dec,2022-12,19.02
2021-11-11,Bread,Groceries,North,30.53,4,3.72,2021,11,Nov,2021-11,12.18
2023-04-04,Coffee,Groceries,East,20.93,2,2.94,2023,4,Apr,2023-04,14.05
2021-06-03,Tennis Racket,Sports,West,995.75,3,307.83,2021,6,Jun,2021-06,30.91
2021-04-22,Wardrobe,Furniture,North,1027.01,3,375.22,2021,4,Apr,2021-04,36.54
2021-07-08,Desk,Furniture,Central,2540.83,4,724.25,2021,7,Jul,2021-07,28.5
2022-08-04,Yoga Mat,Sports,North,242.32,1,95.63,2022,8,Aug,2022-08,39.46
2022-11-11,Tennis Racket,Sports,West,103.71,1,41.06,2022,11,Nov,2022-11,39.59
2023-04-24,Cereal,Groceries,West,67.54,3,8.19,2023,4,Apr,2023-04,12.13
2021-07-25,Monitor,Electronics,East,4498.02,3,440.59,2021,7,Jul,2021-07,9.8
2021-09-29,Cereal,Groceries,South,86.28,4,6.6,2021,9,Sep,2021-09,7.65
2022-03-12,Tablet,Electronics,Central,3448.53,4,341.69,2022,3,Mar,2022-03,9.91
2023-10-22,Shorts,Clothing,Central,521.16,3,200.07,2023,10,Oct,2023-10,38.39
2021-09-02,Bread,Groceries,North,88.34,4,11.36,2021,9,Sep,2021-09,12.86
2022-01-04,Rice,Groceries,West,13.82,3,1.46,2022,1,Jan,2022-01,10.56
2023-07-14,Juice,Groceries,North,49.48,3,3.06,2023,7,Jul,2023-07,6.18
2022-10-21,Bookshelf,Furniture,East,1406.03,2,526.25,2022,10,Oct,2022-10,37.43
2023-06-02,Smartwatch,Electronics,East,3850.46,3,394.4,2023,6,Jun,2023-06,10.24
2023-11-02,Running Shoes,Sports,Central,603.56,4,245.5,2023,11,Nov,2023-11,40.68
2021-02-19,Tablet,Electronics,Central,154.56,1,30.58,2021,2,Feb,2021-02,19.79
2022-01-26,Juice,Groceries,Central,3.94,1,0.37,2022,1,Jan,2022-01,9.39
2022-07-23,Sweater,Clothing,Central,586.95,3,203.94,2022,7,Jul,2022-07,34.75
2022-03-01,Tablet,Electronics,North,626.54,1,86.44,2022,3,Mar,2022-03,13.8
2021-07-27,Shoes,Clothing,South,282.12,2,149.91,2021,7,Jul,2021-07,53.14
2021-01-20,Bread,Groceries,West,55.12,3,8.08,2021,1,Jan,2021-01,14.66
2021-03-14,Monitor,Electronics,North,812.35,1,81.96,2021,3,Mar,2021-03,10.09
2022-08-18,T-Shirt,Clothing,South,252.66,2,124.58,2022,8,Aug,2022-08,49.31
2023-05-18,Sweater,Clothing,North,97.96,5,47.16,2023,5,May,2023-05,48.14
2021-02-15,Sweater,Clothing,North,313.88,3,157.5,2021,2,Feb,2021-02,50.18
2022-01-02,Lamp,Furniture,East,600.88,1,191.01,2022,1,Jan,2022-01,31.79
2021-02-12,Laptop,Electronics,South,2132.52,2,183.4,2021,2,Feb,2021-02,8.6
2023-12-07,Laptop,Electronics,Central,809.3,5,100.89,2023,12,Dec,2023-12,12.47
2022-10-01,Olive Oil,Groceries,East,27.65,3,4.11,2022,10,Oct,2022-10,14.86
2022-11-22,T-Shirt,Clothing,North,245.91,5,122.18,2022,11,Nov,2022-11,49.68
2023-02-09,Dumbbell Set,Sports,East,781.84,3,318.05,2023,2,Feb,2023-02,40.68
2021-03-04,Milk,Groceries,North,20.5,3,1.46,2021,3,Mar,2021-03,7.12
2023-04-03,Juice,Groceries,South,25.71,2,3.31,2023,4,Apr,2023-04,12.87
2023-05-10,Dumbbell Set,Sports,East,436.46000000000004,2,204.92,2023,5,May,2023-05,46.95
2021-10-10,Shorts,Clothing,North,466.85,6,181.42,2021,10,Oct,2021-10,38.86
2021-11-10,Laptop,Electronics,Central,4080.48,3,715.46,2021,11,Nov,2021-11,17.53
2021-03-28,Headphones,Electronics,East,651.05,1,75.2,2021,3,Mar,2021-03,11.55
2022-10-15,Bed Frame,Furniture,Central,199.0,1,68.41,2022,10,Oct,2022-10,34.38
2022-10-08,Desk,Furniture,North,985.7,3,322.25,2022,10,Oct,2022-10,32.69
2021-04-25,Desk,Furniture,North,232.56,1,57.85,2021,4,Apr,2021-04,24.88
2021-05-27,Bookshelf,Furniture,Central,1893.05,5,502.62,2021,5,May,2021-05,26.55
2021-05-21,Smartphone,Electronics,Central,1644.26,2,198.08,2021,5,May,2021-05,12.05
2022-10-02,T-Shirt,Clothing,Central,253.36,3,77.16,2022,10,Oct,2022-10,30.45
2022-06-13,Bread,Groceries,East,59.01,4,7.22,2022,6,Jun,2022-06,12.24
2022-09-24,Smartwatch,Electronics,North,1317.55,1,150.54,2022,9,Sep,2022-09,11.43
2022-12-19,Running Shoes,Sports,East,1376.66,4,592.45,2022,12,Dec,2022-12,43.04
2022-07-14,Sweater,Clothing,West,311.69,7,166.95,2022,7,Jul,2022-07,53.56
2021-11-19,Rice,Groceries,East,42.98,2,3.65,2021,11,Nov,2021-11,8.49
2021-04-06,Juice,Groceries,East,75.33,3,4.55,2021,4,Apr,2021-04,6.04
2023-12-08,Headphones,Electronics,North,6274.69,7,629.89,2023,12,Dec,2023-12,10.04
2023-06-14,Wardrobe,Furniture,Central,777.0,4,239.57,2023,6,Jun,2023-06,30.83
2023-07-27,Desk,Furniture,Central,1191.61,2,295.88,2023,7,Jul,2023-07,24.83
2023-08-13,Sweater,Clothing,West,442.88,3,182.01,2023,8,Aug,2023-08,41.1
2023-03-02,Sweater,Clothing,North,246.68,4,90.62,2023,3,Mar,2023-03,36.74
2021-06-05,Dumbbell Set,Sports,Central,534.13,2,221.31,2021,6,Jun,2021-06,41.43
2023-06-06,Desk,Furniture,Central,618.44,1,181.08,2023,6,Jun,2023-06,29.28
2022-06-18,Tennis Racket,Sports,East,1329.46,4,469.09,2022,6,Jun,2022-06,35.28
2022-03-31,Dumbbell Set,Sports,South,2423.85,8,831.78,2022,3,Mar,2022-03,34.32
2021-12-17,Tennis Racket,Sports,North,1155.14,3,307.32,2021,12,Dec,2021-12,26.6
2022-05-16,Juice,Groceries,South,21.48,1,2.17,2022,5,May,2022-05,10.1
2022-05-30,Tennis Racket,Sports,Central,1204.85,5,356.36,2022,5,May,2022-05,29.58
2021-07-30,Juice,Groceries,South,65.49,6,7.16,2021,7,Jul,2021-07,10.93
2021-10-15,Coffee,Groceries,South,46.04,4,5.27,2021,10,Oct,2021-10,11.45
2023-05-07,Monitor,Electronics,South,2562.89,3,218.05,2023,5,May,2023-05,8.51
2023-08-01,Smartwatch,Electronics,South,622.08,8,61.24,2023,8,Aug,2023-08,9.84
2023-03-16,Monitor,Electronics,South,4157.69,3,348.45,2023,3,Mar,2023-03,8.38
2021-10-23,Sweater,Clothing,North,751.81,6,364.14,2021,10,Oct,2021-10,48.44
2021-03-29,Tablet,Electronics,East,467.69,5,56.23,2021,3,Mar,2021-03,12.02
2023-08-03,Smartphone,Electronics,Central,173.4,1,18.26,2023,8,Aug,2023-08,10.53
2023-02-02,Desk,Furniture,South,401.61,3,89.51,2023,2,Feb,2023-02,22.29
2021-08-24,Juice,Groceries,Central,7.74,1,0.66,2021,8,Aug,2021-08,8.53
2022-09-29,Bicycle,Sports,Central,321.98,4,86.84,2022,9,Sep,2022-09,26.97
2021-01-31,Olive Oil,Groceries,Central,29.75,2,1.5,2021,1,Jan,2021-01,5.04
2023-12-25,T-Shirt,Clothing,South,317.82,5,111.18,2023,12,Dec,2023-12,34.98
2023-04-11,Yoga Mat,Sports,North,377.06,1,133.69,2023,4,Apr,2023-04,35.46
2023-04-25,Webcam,Electronics,West,3002.45,4,403.77,2023,4,Apr,2023-04,13.45
2021-12-11,Tennis Racket,Sports,North,2968.87,9,1249.72,2021,12,Dec,2021-12,42.09
2021-02-22,Olive Oil,Groceries,East,25.21,4,1.62,2021,2,Feb,2021-02,6.43
2023-06-25,Rice,Groceries,West,68.59,4,4.93,2023,6,Jun,2023-06,7.19
2023-02-01,Bed Frame,Furniture,West,321.88,4,93.88,2023,2,Feb,2023-02,29.17
2023-06-30,Yoga Mat,Sports,South,637.67,6,257.94,2023,6,Jun,2023-06,40.45
2023-06-06,Sweater,Clothing,South,644.73,6,200.75,2023,6,Jun,2023-06,31.14
2023-04-29,Olive Oil,Groceries,North,29.16,2,2.27,2023,4,Apr,2023-04,7.78
2021-11-04,Monitor,Electronics,North,4816.84,4,914.22,2021,11,Nov,2021-11,18.98
2023-06-23,Juice,Groceries,West,36.04,3,4.59,2023,6,Jun,2023-06,12.74
2022-02-20,Dress,Clothing,Central,235.0,2,71.63,2022,2,Feb,2022-02,30.48
2021-07-11,Juice,Groceries,North,18.4,2,1.46,2021,7,Jul,2021-07,7.93
2021-04-14,Cereal,Groceries,West,36.64,2,4.1,2021,4,Apr,2021-04,11.19
2021-10-20,Olive Oil,Groceries,West,55.81,5,5.22,2021,10,Oct,2021-10,9.35
2021-03-24,Shoes,Clothing,East,74.06,2,40.58,2021,3,Mar,2021-03,54.79
2022-09-01,Desk,Furniture,West,222.91,1,76.24,2022,9,Sep,2022-09,34.2
2022-04-17,Yoga Mat,Sports,South,87.92,1,23.04,2022,4,Apr,2022-04,26.21
2023-07-05,Jacket,Clothing,East,197.73,3,102.08,2023,7,Jul,2023-07,51.63
2021-06-11,Shoes,Clothing,West,548.23,3,189.77,2021,6,Jun,2021-06,34.62
2021-05-29,Headphones,Electronics,North,2485.23,2,402.26,2021,5,May,2021-05,16.19
2021-09-07,Bed Frame,Furniture,North,595.12,3,206.27,2021,9,Sep,2021-09,34.66
2021-04-01,Dress,Clothing,West,879.37,5,319.64,2021,4,Apr,2021-04,36.35
2021-07-11,Dumbbell Set,Sports,Central,44.13,1,16.2,2021,7,Jul,2021-07,36.71
2022-08-08,Milk,Groceries,North,127.75,6,9.53,2022,8,Aug,2022-08,7.46
2023-01-02,Sweater,Clothing,North,32.08,2,10.55,2023,1,Jan,2023-01,32.89
2023-05-07,Chair,Furniture,Central,1044.12,2,380.8,2023,5,May,2023-05,36.47
2021-01-22,Coffee,Groceries,North,10.52,1,1.02,2021,1,Jan,2021-01,9.7
2022-08-13,Running Shoes,Sports,Central,710.83,3,180.09,2022,8,Aug,2022-08,25.34
2023-09-09,T-Shirt,Clothing,North,372.96,3,169.63,2023,9,Sep,2023-09,45.48
2023-02-24,Monitor,Electronics,Central,749.55,2,63.93,2023,2,Feb,2023-02,8.53
2022-02-23,Tablet,Electronics,East,771.29,2,91.29,2022,2,Feb,2022-02,11.84
2022-01-16,Webcam,Electronics,East,4335.84,3,491.56,2022,1,Jan,2022-01,11.34
2022-04-08,Bookshelf,Furniture,West,733.22,1,222.65,2022,4,Apr,2022-04,30.37
2023-02-10,Cereal,Groceries,North,10.08,1,0.97,2023,2,Feb,2023-02,9.62
2021-04-13,Dress,Clothing,North,64.28,1,19.98,2021,4,Apr,2021-04,31.08
2023-01-03,Desk,Furniture,East,723.39,1,281.13,2023,1,Jan,2023-01,38.86
2022-05-09,Sofa,Furniture,Central,2216.53,3,580.05,2022,5,May,2022-05,26.17
2023-10-27,Cereal,Groceries,East,75.08,3,5.34,2023,10,Oct,2023-10,7.11
2022-02-20,Juice,Groceries,North,37.82,3,4.17,2022,2,Feb,2022-02,11.03
2022-08-22,Smartphone,Electronics,North,491.51,1,91.64,2022,8,Aug,2022-08,18.64
2023-12-29,Bed Frame,Furniture,North,781.45,4,217.73,2023,12,Dec,2023-12,27.86
2022-01-10,Laptop,Electronics,East,923.55,1,76.51,2022,1,Jan,2022-01,8.28
2022-02-09,Yoga Mat,Sports,South,371.69,1,95.85,2022,2,Feb,2022-02,25.79
2021-08-29,Milk,Groceries,East,1.83,1,0.24,2021,8,Aug,2021-08,13.11
2022-03-07,Shoes,Clothing,West,342.24,4,180.04,2022,3,Mar,2022-03,52.61
2022-07-29,Sofa,Furniture,Central,1358.6,2,493.8,2022,7,Jul,2022-07,36.35
2021-03-31,Sofa,Furniture,Central,1062.1,2,353.21,2021,3,Mar,2021-03,33.26
2023-03-08,Cereal,Groceries,West,42.24,2,3.36,2023,3,Mar,2023-03,7.95
2023-10-09,Bicycle,Sports,North,354.74,3,91.14,2023,10,Oct,2023-10,25.69
2021-02-14,Cereal,Groceries,South,26.44,4,1.93,2021,2,Feb,2021-02,7.3
2022-08-05,Bed Frame,Furniture,North,363.19,2,120.32,2022,8,Aug,2022-08,33.13
2021-10-05,Shoes,Clothing,Central,198.05,1,81.42,2021,10,Oct,2021-10,41.11
2021-05-15,Bookshelf,Furniture,South,2606.2,4,844.09,2021,5,May,2021-05,32.39
2021-05-10,Shoes,Clothing,North,105.14,1,42.83,2021,5,May,2021-05,40.74
2021-05-09,Cereal,Groceries,Central,23.61,1,3.11,2021,5,May,2021-05,13.17
2022-08-30,Laptop,Electronics,East,4465.04,3,820.98,2022,8,Aug,2022-08,18.39
2022-06-15,Jacket,Clothing,South,690.15,5,306.32,2022,6,Jun,2022-06,44.38
2021-01-30,Wardrobe,Furniture,West,1266.76,2,411.78,2021,1,Jan,2021-01,32.51
2022-07-08,Tennis Racket,Sports,North,342.04,1,108.86,2022,7,Jul,2022-07,31.83
2021-01-12,Headphones,Electronics,South,69.84,1,7.75,2021,1,Jan,2021-01,11.1
2023-02-27,Desk,Furniture,North,2257.8,4,815.51,2023,2,Feb,2023-02,36.12
2022-09-05,Sofa,Furniture,Central,293.32,3,105.61,2022,9,Sep,2022-09,36.01
2021-11-10,Wardrobe,Furniture,West,6350.77,8,2230.81,2021,11,Nov,2021-11,35.13
2022-11-30,Bicycle,Sports,Central,258.98,1,102.49,2022,11,Nov,2022-11,39.57
2023-07-01,Smartwatch,Electronics,Central,546.96,1,98.33,2023,7,Jul,2023-07,17.98
2022-05-10,Desk,Furniture,Central,463.42,3,92.69,2022,5,May,2022-05,20.0
2023-02-24,Bookshelf,Furniture,Central,1538.99,2,476.74,2023,2,Feb,2023-02,30.98
2023-04-17,Bookshelf,Furniture,North,360.73,1,77.99,2023,4,Apr,2023-04,21.62
2022-07-20,Coffee,Groceries,South,11.63,4,1.15,2022,7,Jul,2022-07,9.89
2023-05-02,Running Shoes,Sports,North,516.95,2,201.67,2023,5,May,2023-05,39.01
2021-08-31,Juice,Groceries,East,18.96,1,1.49,2021,8,Aug,2021-08,7.86
2021-02-21,Tennis Racket,Sports,East,90.55,1,24.59,2021,2,Feb,2021-02,27.16
2023-11-16,Coffee,Groceries,West,93.5,4,5.12,2023,11,Nov,2023-11,5.48
2023-12-02,Rice,Groceries,South,108.12,7,9.35,2023,12,Dec,2023-12,8.65
2021-09-24,Bicycle,Sports,North,2277.33,8,1009.56,2021,9,Sep,2021-09,44.33
2021-09-17,Bread,Groceries,South,25.91,2,2.81,2021,9,Sep,2021-09,10.85
2022-01-02,Smartphone,Electronics,North,279.91,2,44.5,2022,1,Jan,2022-01,15.9
2021-09-30,Juice,Groceries,West,25.24,2,2.24,2021,9,Sep,2021-09,8.87
2022-07-30,Desk,Furniture,North,3028.65,4,958.11,2022,7,Jul,2022-07,31.63
2023-01-12,Olive Oil,Groceries,North,4.68,1,0.58,2023,1,Jan,2023-01,12.39
2022-03-03,Shoes,Clothing,North,17.97,1,5.91,2022,3,Mar,2022-03,32.89
2023-07-09,Olive Oil,Groceries,South,49.11,3,6.77,2023,7,Jul,2023-07,13.79
2022-07-13,Rice,Groceries,West,56.45,3,3.96,2022,7,Jul,2022-07,7.02
2023-12-26,Sofa,Furniture,West,3220.49,5,1109.18,2023,12,Dec,2023-12,34.44
2022-08-21,Coffee,Groceries,South,89.19,5,13.22,2022,8,Aug,2022-08,14.82
2022-02-09,Bed Frame,Furniture,Central,281.84,1,92.67,2022,2,Feb,2022-02,32.88
2021-06-21,Jacket,Clothing,East,389.09,4,136.12,2021,6,Jun,2021-06,34.98
2023-05-31,Dress,Clothing,South,1001.56,6,355.68,2023,5,May,2023-05,35.51
2022-03-09,Smartphone,Electronics,Central,6192.17,5,960.03,2022,3,Mar,2022-03,15.5
2021-05-03,Rice,Groceries,South,6.87,1,0.62,2021,5,May,2021-05,9.02
2022-08-12,Running Shoes,Sports,East,487.12,3,128.71,2022,8,Aug,2022-08,26.42
2023-11-06,Running Shoes,Sports,North,459.56,2,118.94,2023,11,Nov,2023-11,25.88
2021-04-23,Bicycle,Sports,North,853.2,6,329.43,2021,4,Apr,2021-04,38.61
2022-02-24,Webcam,Electronics,East,1051.55,1,201.23,2022,2,Feb,2022-02,19.14
2022-10-20,Olive Oil,Groceries,North,10.43,4,0.54,2022,10,Oct,2022-10,5.18
2023-09-21,Milk,Groceries,Central,7.87,1,1.02,2023,9,Sep,2023-09,12.96
2023-12-26,Shorts,Clothing,Central,300.8,3,149.08,2023,12,Dec,2023-12,49.56
2021-02-04,Dumbbell Set,Sports,Central,304.48,3,124.79,2021,2,Feb,2021-02,40.98
2021-03-17,Sofa,Furniture,West,1489.26,3,503.98,2021,3,Mar,2021-03,33.84
2021-05-07,Juice,Groceries,Central,18.94,1,2.15,2021,5,May,2021-05,11.35
2022-02-23,Lamp,Furniture,West,1211.45,2,341.41,2022,2,Feb,2022-02,28.18
2022-10-25,Cereal,Groceries,East,85.28,4,5.96,2022,10,Oct,2022-10,6.99
2023-03-24,Desk,Furniture,East,1351.6,2,459.37,2023,3,Mar,2023-03,33.99
2022-10-11,Tennis Racket,Sports,North,964.66,3,291.58,2022,10,Oct,2022-10,30.23
2022-09-21,Chair,Furniture,West,449.87,1,134.62,2022,9,Sep,2022-09,29.92
2021-09-06,Tennis Racket,Sports,East,720.48,3,270.28,2021,9,Sep,2021-09,37.51
2023-06-12,Running Shoes,Sports,North,90.57,1,38.25,2023,6,Jun,2023-06,42.23
2022-05-06,T-Shirt,Clothing,South,387.37,3,147.92,2022,5,May,2022-05,38.19
2022-04-26,Shoes,Clothing,South,272.88,4,87.85,2022,4,Apr,2022-04,32.19
2023-09-29,Sweater,Clothing,North,151.98,3,70.27,2023,9,Sep,2023-09,46.24
2022-09-13,Smartphone,Electronics,West,3049.88,7,513.33,2022,9,Sep,2022-09,16.83
2022-09-09,Cereal,Groceries,North,4.99,1,0.7,2022,9,Sep,2022-09,14.03
2022-01-11,Bicycle,Sports,Central,321.12,3,93.75,2022,1,Jan,2022-01,29.19
2021-06-28,Yoga Mat,Sports,South,141.49,1,62.69,2021,6,Jun,2021-06,44.31
2023-05-21,Desk,Furniture,East,914.33,3,256.99,2023,5,May,2023-05,28.11
2023-06-13,Headphones,Electronics,North,1558.23,3,129.44,2023,6,Jun,2023-06,8.31
2021-11-01,Webcam,Electronics,East,2872.68,7,467.78,2021,11,Nov,2021-11,16.28
2021-08-03,Yoga Mat,Sports,North,545.4,2,143.3,2021,8,Aug,2021-08,26.27
2021-03-19,Milk,Groceries,Central,62.39,3,8.01,2021,3,Mar,2021-03,12.84
2023-06-24,Yoga Mat,Sports,Central,901.98,3,235.17,2023,6,Jun,2023-06,26.07
2021-10-10,Tablet,Electronics,West,1660.38,5,227.91,2021,10,Oct,2021-10,13.73
2021-08-12,Olive Oil,Groceries,East,126.63,5,11.5,2021,8,Aug,2021-08,9.08
2022-12-19,Shorts,Clothing,East,695.2,5,276.88,2022,12,Dec,2022-12,39.83
2023-01-23,Yoga Mat,Sports,South,314.23,2,106.25,2023,1,Jan,2023-01,33.81
2023-02-04,Monitor,Electronics,East,412.46,1,65.82,2023,2,Feb,2023-02,15.96
2021-12-06,Tennis Racket,Sports,Central,1648.93,5,719.21,2021,12,Dec,2021-12,43.62
2023-05-12,Webcam,Electronics,North,1362.26,2,142.37,2023,5,May,2023-05,10.45
2022-12-10,T-Shirt,Clothing,South,50.22,5,24.16,2022,12,Dec,2022-12,48.11
2023-08-19,Laptop,Electronics,West,3171.88,4,267.3,2023,8,Aug,2023-08,8.43
2021-11-14,Shorts,Clothing,South,46.08,1,23.07,2021,11,Nov,2021-11,50.07
2023-08-31,Smartwatch,Electronics,East,3088.8,3,535.49,2023,8,Aug,2023-08,17.34
2023-04-06,Bookshelf,Furniture,South,3952.83,5,1349.0,2023,4,Apr,2023-04,34.13
2022-06-05,Cereal,Groceries,West,28.67,1,4.03,2022,6,Jun,2022-06,14.06
2023-04-20,Monitor,Electronics,North,497.36,2,43.45,2023,4,Apr,2023-04,8.74
2022-09-03,Running Shoes,Sports,West,1956.17,6,752.74,2022,9,Sep,2022-09,38.48
2022-07-23,Desk,Furniture,East,627.84,1,234.14,2022,7,Jul,2022-07,37.29
2022-12-11,Yoga Mat,Sports,East,793.85,4,216.81,2022,12,Dec,2022-12,27.31
2022-08-09,Bread,Groceries,North,194.29,8,13.49,2022,8,Aug,2022-08,6.94
2022-04-30,Wardrobe,Furniture,North,1089.57,2,300.15,2022,4,Apr,2022-04,27.55
2021-02-14,Webcam,Electronics,South,1417.41,4,133.09,2021,2,Feb,2021-02,9.39
2023-12-29,Dumbbell Set,Sports,South,341.06,6,149.25,2023,12,Dec,2023-12,43.76
2022-08-06,Milk,Groceries,South,222.38,8,20.59,2022,8,Aug,2022-08,9.26
2021-02-25,Webcam,Electronics,East,1083.37,1,148.1,2021,2,Feb,2021-02,13.67
2022-10-01,Desk,Furniture,Central,326.91,1,110.5,2022,10,Oct,2022-10,33.8
2023-09-20,Milk,Groceries,North,37.37,2,2.42,2023,9,Sep,2023-09,6.48
2022-09-01,Smartwatch,Electronics,North,117.54,2,22.47,2022,9,Sep,2022-09,19.12
2021-04-27,Sweater,Clothing,South,603.59,4,206.16,2021,4,Apr,2021-04,34.16
2021-04-11,Dumbbell Set,Sports,North,949.51,6,286.19,2021,4,Apr,2021-04,30.14
2023-09-15,Running Shoes,Sports,South,1475.58,4,472.67,2023,9,Sep,2023-09,32.03
2023-03-21,Bread,Groceries,West,92.41,4,11.96,2023,3,Mar,2023-03,12.94
2023-12-06,Lamp,Furniture,North,701.46,6,245.42,2023,12,Dec,2023-12,34.99
2023-03-22,Jeans,Clothing,North,456.71,3,246.3,2023,3,Mar,2023-03,53.93
2022-02-02,Wardrobe,Furniture,North,1453.06,2,420.44,2022,2,Feb,2022-02,28.93
2021-10-09,Bicycle,Sports,West,35.71,1,11.48,2021,10,Oct,2021-10,32.15
2023-03-02,Monitor,Electronics,West,6722.06,6,1293.37,2023,3,Mar,2023-03,19.24
2021-08-26,Bicycle,Sports,South,706.1,5,299.34,2021,8,Aug,2021-08,42.39
2022-09-11,Running Shoes,Sports,Central,255.0,3,96.15,2022,9,Sep,2022-09,37.71
2021-04-03,Smartphone,Electronics,Central,5673.12,5,927.8,2021,4,Apr,2021-04,16.35
2021-12-30,T-Shirt,Clothing,South,443.87,3,199.81,2021,12,Dec,2021-12,45.02
2023-05-16,Dress,Clothing,North,971.33,5,442.78,2023,5,May,2023-05,45.58
2023-06-14,Chair,Furniture,South,921.27,2,332.61,2023,6,Jun,2023-06,36.1
2023-10-29,Lamp,Furniture,South,1576.39,4,609.39,2023,10,Oct,2023-10,38.66
2021-08-04,Laptop,Electronics,South,1118.84,1,153.25,2021,8,Aug,2021-08,13.7
2022-07-10,Shorts,Clothing,South,19.44,1,7.41,2022,7,Jul,2022-07,38.12
2022-12-13,Tennis Racket,Sports,North,318.28,3,132.88,2022,12,Dec,2022-12,41.75
2021-10-10,Sweater,Clothing,North,156.06,1,51.47,2021,10,Oct,2021-10,32.98
2023-01-08,Headphones,Electronics,Central,3277.98,3,416.93,2023,1,Jan,2023-01,12.72
2022-08-19,Rice,Groceries,South,44.16,4,3.99,2022,8,Aug,2022-08,9.04
2021-06-26,Milk,Groceries,South,69.5,4,5.49,2021,6,Jun,2021-06,7.9
2023-08-12,Juice,Groceries,North,7.55,2,0.79,2023,8,Aug,2023-08,10.46
2023-11-03,Coffee,Groceries,East,77.13,3,11.29,2023,11,Nov,2023-11,14.64
2022-08-12,Bicycle,Sports,South,57.19,3,22.83,2022,8,Aug,2022-08,39.92
2021-11-25,Tennis Racket,Sports,Central,444.51,5,146.9,2021,11,Nov,2021-11,33.05
2021-09-12,Lamp,Furniture,North,1152.53,5,425.81,2021,9,Sep,2021-09,36.95
2022-04-06,Juice,Groceries,Central,88.76,3,7.83,2022,4,Apr,2022-04,8.82
2021-09-13,Headphones,Electronics,North,2491.88,3,479.06,2021,9,Sep,2021-09,19.22
2022-09-07,Dress,Clothing,South,316.19,4,168.32,2022,9,Sep,2022-09,53.23
2022-01-12,Tennis Racket,Sports,East,324.81,3,103.21,2022,1,Jan,2022-01,31.78
2021-08-03,Desk,Furniture,West,3196.73,6,952.13,2021,8,Aug,2021-08,29.78
2022-03-05,Shorts,Clothing,West,53.38,1,20.02,2022,3,Mar,2022-03,37.5
2023-01-16,Webcam,Electronics,South,885.78,4,106.89,2023,1,Jan,2023-01,12.07
2023-07-08,Chair,Furniture,East,375.73,1,127.13,2023,7,Jul,2023-07,33.84
2021-09-04,Rice,Groceries,South,103.39,4,14.88,2021,9,Sep,2021-09,14.39
2022-04-23,Wardrobe,Furniture,West,2499.95,4,515.2,2022,4,Apr,2022-04,20.61
2022-12-09,Bed Frame,Furniture,South,2700.22,4,793.54,2022,12,Dec,2022-12,29.39
2021-11-29,Juice,Groceries,Central,19.76,3,1.44,2021,11,Nov,2021-11,7.29
2022-03-04,Bicycle,Sports,East,1130.61,3,484.16,2022,3,Mar,2022-03,42.82
2022-01-29,Sweater,Clothing,East,196.91,1,63.83,2022,1,Jan,2022-01,32.42
2022-08-27,Webcam,Electronics,Central,1160.51,1,95.55,2022,8,Aug,2022-08,8.23
2022-04-24,Lamp,Furniture,East,99.52,1,35.07,2022,4,Apr,2022-04,35.24
2022-09-01,Running Shoes,Sports,North,1579.5,4,693.52,2022,9,Sep,2022-09,43.91
2021-03-21,Sofa,Furniture,North,1540.78,2,394.13,2021,3,Mar,2021-03,25.58
2021-08-25,Milk,Groceries,Central,37.13,3,2.13,2021,8,Aug,2021-08,5.74
2022-11-15,Dumbbell Set,Sports,Central,787.23,4,295.25,2022,11,Nov,2022-11,37.5
2021-10-02,Cereal,Groceries,South,28.86,1,2.19,2021,10,Oct,2021-10,7.59
2022-07-29,Bookshelf,Furniture,North,933.85,4,197.17,2022,7,Jul,2022-07,21.11
2021-07-23,Lamp,Furniture,North,275.6,1,60.11,2021,7,Jul,2021-07,21.81
2022-12-24,Desk,Furniture,North,1386.66,2,285.36,2022,12,Dec,2022-12,20.58
2021-09-28,Sofa,Furniture,Central,1349.95,3,472.64,2021,9,Sep,2021-09,35.01
2023-12-07,Rice,Groceries,West,79.37,5,7.54,2023,12,Dec,2023-12,9.5
2023-07-21,Shoes,Clothing,East,424.76,5,222.53,2023,7,Jul,2023-07,52.39
2023-08-18,Headphones,Electronics,West,565.84,2,60.91,2023,8,Aug,2023-08,10.76
2021-03-09,Laptop,Electronics,North,238.95,2,41.02,2021,3,Mar,2021-03,17.17
2022-10-20,Jeans,Clothing,West,787.34,4,369.43,2022,10,Oct,2022-10,46.92
2022-12-11,Sweater,Clothing,Central,301.04,2,153.82,2022,12,Dec,2022-12,51.1
2022-05-30,Jacket,Clothing,East,46.19,2,23.99,2022,5,May,2022-05,51.94
2022-08-23,Headphones,Electronics,East,1938.48,3,382.22,2022,8,Aug,2022-08,19.72
2023-08-13,Rice,Groceries,West,8.01,1,0.61,2023,8,Aug,2023-08,7.62
2022-09-12,Smartwatch,Electronics,West,1132.57,1,178.2,2022,9,Sep,2022-09,15.73
2021-12-21,Laptop,Electronics,South,385.5,6,51.49,2021,12,Dec,2021-12,13.36
2022-12-29,Bicycle,Sports,Central,610.12,6,210.42,2022,12,Dec,2022-12,34.49
2022-06-01,Jacket,Clothing,Central,236.34,2,84.66,2022,6,Jun,2022-06,35.82
2023-04-19,Dumbbell Set,Sports,North,62.98,1,21.36,2023,4,Apr,2023-04,33.92
2022-01-31,Smartwatch,Electronics,East,574.31,2,107.95,2022,1,Jan,2022-01,18.8
2022-01-04,Tennis Racket,Sports,North,527.73,2,199.37,2022,1,Jan,2022-01,37.78
2022-01-08,Running Shoes,Sports,South,234.14,2,63.37,2022,1,Jan,2022-01,27.07
2021-06-12,Shoes,Clothing,South,220.71,2,114.11,2021,6,Jun,2021-06,51.7
2022-10-22,Running Shoes,Sports,South,762.85,3,249.71,2022,10,Oct,2022-10,32.73
2023-09-15,Dress,Clothing,South,425.32,4,176.93,2023,9,Sep,2023-09,41.6
2023-10-13,Bicycle,Sports,East,122.44,5,50.74,2023,10,Oct,2023-10,41.44
2021-12-04,Bread,Groceries,East,83.18,5,4.69,2021,12,Dec,2021-12,5.64
2023-08-18,Dress,Clothing,North,455.55,5,247.43,2023,8,Aug,2023-08,54.31
2022-11-20,Milk,Groceries,Central,56.52,5,6.53,2022,11,Nov,2022-11,11.55
2021-09-16,Bed Frame,Furniture,Central,403.31,1,134.77,2021,9,Sep,2021-09,33.42
2021-12-24,Tablet,Electronics,North,4241.64,5,768.79,2021,12,Dec,2021-12,18.12
2021-01-31,T-Shirt,Clothing,Central,113.83,1,55.68,2021,1,Jan,2021-01,48.92
2022-05-17,Sofa,Furniture,Central,212.66,1,67.53,2022,5,May,2022-05,31.75
2023-04-28,Wardrobe,Furniture,Central,630.5,2,129.46,2023,4,Apr,2023-04,20.53
2023-09-15,Bed Frame,Furniture,Central,1132.33,2,255.87,2023,9,Sep,2023-09,22.6
2022-06-21,Smartwatch,Electronics,East,2891.92,2,513.44,2022,6,Jun,2022-06,17.75
2022-09-29,Sweater,Clothing,Central,316.96,2,154.32,2022,9,Sep,2022-09,48.69
2022-06-20,Chair,Furniture,North,306.2,1,96.75,2022,6,Jun,2022-06,31.6
2022-05-10,Juice,Groceries,East,7.31,1,0.72,2022,5,May,2022-05,9.85
2022-06-20,Jacket,Clothing,West,104.47,2,54.72,2022,6,Jun,2022-06,52.38
2023-01-31,Jacket,Clothing,North,306.83,2,167.54,2023,1,Jan,2023-01,54.6
2023-09-05,Shorts,Clothing,North,232.09,3,121.6,2023,9,Sep,2023-09,52.39
2021-06-25,T-Shirt,Clothing,West,341.03,3,108.37,2021,6,Jun,2021-06,31.78
2021-02-05,Webcam,Electronics,North,796.44,1,104.19,2021,2,Feb,2021-02,13.08
2022-09-11,Bicycle,Sports,Central,157.74,3,60.12,2022,9,Sep,2022-09,38.11
2021-03-07,Bicycle,Sports,West,257.06,1,87.69,2021,3,Mar,2021-03,34.11
2022-11-02,Bread,Groceries,North,40.21,7,5.15,2022,11,Nov,2022-11,12.81
2021-05-20,Bicycle,Sports,East,235.77,1,103.29,2021,5,May,2021-05,43.81
2023-12-29,Dumbbell Set,Sports,North,765.85,3,216.36,2023,12,Dec,2023-12,28.25
2023-07-10,Dress,Clothing,Central,133.83,2,71.45,2023,7,Jul,2023-07,53.39
2022-09-18,Sweater,Clothing,Central,240.25,2,120.46,2022,9,Sep,2022-09,50.14
2022-04-06,Bed Frame,Furniture,North,2325.37,3,919.66,2022,4,Apr,2022-04,39.55
2022-10-11,T-Shirt,Clothing,East,87.09,3,33.58,2022,10,Oct,2022-10,38.56
2021-03-03,Juice,Groceries,West,39.21,3,2.24,2021,3,Mar,2021-03,5.71
2023-03-20,Bed Frame,Furniture,West,646.28,1,191.7,2023,3,Mar,2023-03,29.66
2023-03-23,Jacket,Clothing,North,153.04,1,68.19,2023,3,Mar,2023-03,44.56
2022-02-01,Milk,Groceries,North,98.66,4,10.9,2022,2,Feb,2022-02,11.05
2023-09-13,Dress,Clothing,West,27.78,1,14.4,2023,9,Sep,2023-09,51.84
2022-05-06,Bicycle,Sports,South,387.83,5,97.63,2022,5,May,2022-05,25.17
2022-07-06,Jacket,Clothing,East,108.42,1,43.98,2022,7,Jul,2022-07,40.56
2021-06-18,Tablet,Electronics,Central,3335.15,3,361.55,2021,6,Jun,2021-06,10.84
2023-01-02,Tennis Racket,Sports,North,525.05,3,182.5,2023,1,Jan,2023-01,34.76
2021-04-27,Dress,Clothing,North,506.17,5,226.03,2021,4,Apr,2021-04,44.65
2023-09-15,T-Shirt,Clothing,Central,345.39,6,116.52,2023,9,Sep,2023-09,33.74
2022-08-24,Tennis Racket,Sports,North,84.93,1,29.19,2022,8,Aug,2022-08,34.37
2023-07-10,Dumbbell Set,Sports,East,748.1,2,314.97,2023,7,Jul,2023-07,42.1
2023-01-29,Tablet,Electronics,East,2019.82,3,277.84,2023,1,Jan,2023-01,13.76
2021-05-09,Olive Oil,Groceries,Central,26.88,1,2.01,2021,5,May,2021-05,7.48
2023-08-02,Juice,Groceries,West,89.65,3,6.34,2023,8,Aug,2023-08,7.07
2021-10-26,T-Shirt,Clothing,East,74.32,1,34.94,2021,10,Oct,2021-10,47.01
2022-05-21,Laptop,Electronics,Central,3810.77,4,737.99,2022,5,May,2022-05,19.37
2021-07-17,Sofa,Furniture,West,3631.12,5,1310.92,2021,7,Jul,2021-07,36.1
2021-03-10,Smartwatch,Electronics,East,945.58,3,121.0,2021,3,Mar,2021-03,12.8
2021-04-25,Sofa,Furniture,East,183.0,1,57.35,2021,4,Apr,2021-04,31.34
2023-01-09,Shorts,Clothing,Central,166.3,1,72.42,2023,1,Jan,2023-01,43.55
2023-05-11,Bed Frame,Furniture,Central,527.97,4,174.05,2023,5,May,2023-05,32.97
2023-03-30,Tennis Racket,Sports,East,753.15,3,282.71,2023,3,Mar,2023-03,37.54
2022-11-28,Olive Oil,Groceries,Central,168.59,6,13.43,2022,11,Nov,2022-11,7.97
2022-07-05,Monitor,Electronics,West,710.73,3,124.14,2022,7,Jul,2022-07,17.47
2023-03-15,Webcam,Electronics,Central,1175.22,3,177.73,2023,3,Mar,2023-03,15.12
2021-03-01,Milk,Groceries,South,28.29,2,1.96,2021,3,Mar,2021-03,6.93
2021-02-26,Bread,Groceries,South,49.6,3,4.91,2021,2,Feb,2021-02,9.9
2023-03-12,T-Shirt,Clothing,North,1500.5,8,742.16,2023,3,Mar,2023-03,49.46
2022-03-21,Yoga Mat,Sports,East,897.93,4,270.86,2022,3,Mar,2022-03,30.16
2023-03-20,Olive Oil,Groceries,North,6.97,1,0.64,2023,3,Mar,2023-03,9.18
2021-04-13,Webcam,Electronics,North,7103.48,5,1268.04,2021,4,Apr,2021-04,17.85
2023-09-18,Dumbbell Set,Sports,North,214.89,1,59.04,2023,9,Sep,2023-09,27.47
2022-05-17,Bread,Groceries,East,138.88,5,16.28,2022,5,May,2022-05,11.72
2023-07-15,Bicycle,Sports,East,650.42,4,239.11,2023,7,Jul,2023-07,36.76
2023-07-28,Tennis Racket,Sports,Central,222.77,1,60.25,2023,7,Jul,2023-07,27.05
2022-01-23,Sweater,Clothing,East,324.69,2,168.51,2022,1,Jan,2022-01,51.9
2022-03-15,Sweater,Clothing,South,386.3,3,121.97,2022,3,Mar,2022-03,31.57
2021-03-16,Smartwatch,Electronics,South,2197.66,2,255.24,2021,3,Mar,2021-03,11.61
2023-03-29,Tennis Racket,Sports,West,77.49,2,29.44,2023,3,Mar,2023-03,37.99
2023-08-26,Bread,Groceries,North,75.77,3,5.29,2023,8,Aug,2023-08,6.98
2023-02-09,Yoga Mat,Sports,West,164.96,1,53.12,2023,2,Feb,2023-02,32.2
2023-04-30,Dumbbell Set,Sports,East,521.78,2,230.11,2023,4,Apr,2023-04,44.1
2023-09-27,Bed Frame,Furniture,Central,2227.29,3,595.67,2023,9,Sep,2023-09,26.74
2022-04-11,Desk,Furniture,Central,1157.22,2,293.46,2022,4,Apr,2022-04,25.36
2021-11-24,T-Shirt,Clothing,Central,485.12,3,221.72,2021,11,Nov,2021-11,45.7
2023-01-24,Desk,Furniture,South,671.1,2,201.49,2023,1,Jan,2023-01,30.02
2022-01-02,Jeans,Clothing,West,80.48,2,37.54,2022,1,Jan,2022-01,46.65
2022-03-31,Jeans,Clothing,East,301.39,2,150.5,2022,3,Mar,2022-03,49.94
2023-03-04,Cereal,Groceries,East,6.1,4,0.44,2023,3,Mar,2023-03,7.21
2021-12-05,Coffee,Groceries,North,86.39,6,10.06,2021,12,Dec,2021-12,11.64
2021-08-13,Jeans,Clothing,West,402.06,3,203.73,2021,8,Aug,2021-08,50.67
2021-06-04,Tablet,Electronics,West,1754.46,5,222.35,2021,6,Jun,2021-06,12.67
2022-03-13,Desk,Furniture,North,874.6,3,297.92,2022,3,Mar,2022-03,34.06
2023-03-18,Rice,Groceries,North,11.49,2,0.99,2023,3,Mar,2023-03,8.62
2023-01-18,Laptop,Electronics,West,2212.43,2,326.19,2023,1,Jan,2023-01,14.74
2023-05-03,Dumbbell Set,Sports,East,422.32,2,121.91,2023,5,May,2023-05,28.87
2022-01-04,Tablet,Electronics,East,726.69,1,61.41,2022,1,Jan,2022-01,8.45
2023-11-01,Bed Frame,Furniture,Central,765.15,3,196.84,2023,11,Nov,2023-11,25.73
2023-10-13,Coffee,Groceries,West,39.76,2,3.08,2023,10,Oct,2023-10,7.75
2023-04-23,Smartphone,Electronics,Central,1499.04,1,146.69,2023,4,Apr,2023-04,9.79
2021-08-19,Sweater,Clothing,South,338.12,3,140.8,2021,8,Aug,2021-08,41.64
2022-10-19,Dress,Clothing,Central,176.44,3,93.33,2022,10,Oct,2022-10,52.9
2021-12-23,Webcam,Electronics,East,3249.47,4,327.68,2021,12,Dec,2021-12,10.08
2021-04-09,Juice,Groceries,Central,43.59,5,4.11,2021,4,Apr,2021-04,9.43
2023-01-22,Desk,Furniture,Central,1717.89,3,648.88,2023,1,Jan,2023-01,37.77
2021-06-15,Tennis Racket,Sports,North,303.02,1,87.24,2021,6,Jun,2021-06,28.79
2021-03-20,Webcam,Electronics,South,6672.94,5,803.16,2021,3,Mar,2021-03,12.04
2021-07-01,Monitor,Electronics,Central,8543.82,6,1477.72,2021,7,Jul,2021-07,17.3
2021-05-13,Smartphone,Electronics,East,5270.18,4,512.69,2021,5,May,2021-05,9.73
2021-06-11,Juice,Groceries,North,17.07,6,1.9,2021,6,Jun,2021-06,11.13
2023-10-16,Desk,Furniture,North,1083.86,4,333.42,2023,10,Oct,2023-10,30.76
2022-03-19,Bread,Groceries,West,66.19,3,7.61,2022,3,Mar,2022-03,11.5
2023-09-23,Yoga Mat,Sports,West,191.54,3,55.35,2023,9,Sep,2023-09,28.9
2023-07-03,Bookshelf,Furniture,North,558.81,2,155.2,2023,7,Jul,2023-07,27.77
2023-02-28,Bicycle,Sports,North,354.56,5,135.33,2023,2,Feb,2023-02,38.17
2022-03-17,Running Shoes,Sports,South,740.84,2,198.67,2022,3,Mar,2022-03,26.82
2023-09-16,Dumbbell Set,Sports,North,74.94,1,30.61,2023,9,Sep,2023-09,40.85
2021-01-16,Tennis Racket,Sports,North,295.96,1,95.27,2021,1,Jan,2021-01,32.19
2021-08-17,T-Shirt,Clothing,East,185.98,1,59.3,2021,8,Aug,2021-08,31.89
2022-09-07,Juice,Groceries,East,80.28,3,11.78,2022,9,Sep,2022-09,14.67
2023-03-09,Laptop,Electronics,North,860.75,1,114.52,2023,3,Mar,2023-03,13.3
2022-04-26,Smartwatch,Electronics,Central,899.2,1,154.05,2022,4,Apr,2022-04,17.13
2022-12-19,Bread,Groceries,Central,64.49,7,7.46,2022,12,Dec,2022-12,11.57
2022-08-24,Shorts,Clothing,West,383.79,4,151.24,2022,8,Aug,2022-08,39.41
2022-06-04,Bread,Groceries,East,56.63,2,5.16,2022,6,Jun,2022-06,9.11
2021-05-21,Smartwatch,Electronics,South,824.67,2,126.96,2021,5,May,2021-05,15.4
2023-09-22,Sofa,Furniture,West,3714.72,5,829.68,2023,9,Sep,2023-09,22.33
2021-12-29,Wardrobe,Furniture,West,3017.32,4,664.93,2021,12,Dec,2021-12,22.04
2023-11-12,Laptop,Electronics,Central,2651.67,4,456.25,2023,11,Nov,2023-11,17.21
2021-10-29,Desk,Furniture,West,918.4,7,267.51,2021,10,Oct,2021-10,29.13
2022-12-01,Sweater,Clothing,East,373.13,3,179.51,2022,12,Dec,2022-12,48.11
2023-12-17,Jeans,Clothing,South,372.9,4,117.98,2023,12,Dec,2023-12,31.64
2021-05-13,Bread,Groceries,South,45.64,4,6.54,2021,5,May,2021-05,14.33
2023-05-15,Lamp,Furniture,East,376.63,3,117.15,2023,5,May,2023-05,31.1
2022-02-26,Laptop,Electronics,East,2606.77,2,325.11,2022,2,Feb,2022-02,12.47
2023-07-28,Olive Oil,Groceries,South,119.57,5,10.23,2023,7,Jul,2023-07,8.56
2022-09-26,Jeans,Clothing,North,355.59,3,179.39,2022,9,Sep,2022-09,50.45
2022-08-08,Lamp,Furniture,East,1112.51,2,380.23,2022,8,Aug,2022-08,34.18
2022-12-17,Jacket,Clothing,North,274.77,7,121.93,2022,12,Dec,2022-12,44.38
2021-08-02,Tennis Racket,Sports,North,345.24,1,87.07,2021,8,Aug,2021-08,25.22
2021-07-21,Lamp,Furniture,West,1771.01,3,624.9,2021,7,Jul,2021-07,35.28
2022-06-24,Bread,Groceries,Central,111.92,5,11.4,2022,6,Jun,2022-06,10.19
2022-07-22,Chair,Furniture,East,2730.17,4,635.62,2022,7,Jul,2022-07,23.28
2023-09-21,Monitor,Electronics,Central,2585.11,3,365.43,2023,9,Sep,2023-09,14.14
2022-03-22,Bookshelf,Furniture,South,181.63,2,51.81,2022,3,Mar,2022-03,28.53
2021-10-04,Webcam,Electronics,West,2687.38,6,255.29,2021,10,Oct,2021-10,9.5
2021-11-29,Smartwatch,Electronics,North,1257.78,3,188.13,2021,11,Nov,2021-11,14.96
2023-09-19,Coffee,Groceries,East,119.32,5,6.62,2023,9,Sep,2023-09,5.55
2023-11-10,Smartphone,Electronics,Central,1164.02,9,165.42,2023,11,Nov,2023-11,14.21
2023-07-01,Chair,Furniture,Central,1154.98,4,321.15,2023,7,Jul,2023-07,27.81
2022-09-21,Olive Oil,Groceries,West,27.53,1,1.61,2022,9,Sep,2022-09,5.85
2023-05-28,Cereal,Groceries,South,39.94,4,4.75,2023,5,May,2023-05,11.89
2023-01-23,Running Shoes,Sports,North,365.19,1,157.69,2023,1,Jan,2023-01,43.18
2022-06-15,Jeans,Clothing,North,144.36,3,52.83,2022,6,Jun,2022-06,36.6
2022-11-12,Tennis Racket,Sports,South,689.06,2,278.21,2022,11,Nov,2022-11,40.38
2022-02-25,Laptop,Electronics,North,317.86,2,61.16,2022,2,Feb,2022-02,19.24
2022-01-31,Yoga Mat,Sports,East,845.38,4,362.88,2022,1,Jan,2022-01,42.93
2021-07-05,Sweater,Clothing,North,53.65,1,24.72,2021,7,Jul,2021-07,46.08
2023-05-04,Headphones,Electronics,North,2423.38,2,210.8,2023,5,May,2023-05,8.7
2021-10-18,Running Shoes,Sports,West,644.22,4,188.15,2021,10,Oct,2021-10,29.21
2023-05-02,Sofa,Furniture,East,436.46000000000004,4,130.83,2023,5,May,2023-05,29.98
2023-04-06,Rice,Groceries,North,44.34,3,5.82,2023,4,Apr,2023-04,13.13
2021-05-22,Bicycle,Sports,North,308.87,1,131.73,2021,5,May,2021-05,42.65
2022-09-16,T-Shirt,Clothing,East,94.89,1,47.91,2022,9,Sep,2022-09,50.49
2023-11-06,Coffee,Groceries,North,436.46000000000004,6,17.22,2023,11,Nov,2023-11,3.95
2023-04-10,Desk,Furniture,North,1894.25,4,452.4,2023,4,Apr,2023-04,23.88
2023-11-10,Laptop,Electronics,North,3815.03,3,319.43,2023,11,Nov,2023-11,8.37
2022-09-20,Yoga Mat,Sports,East,282.61,6,81.21,2022,9,Sep,2022-09,28.74
2021-05-13,Bread,Groceries,Central,22.07,2,1.65,2021,5,May,2021-05,7.48
2021-11-25,T-Shirt,Clothing,South,139.17,3,54.15,2021,11,Nov,2021-11,38.91
2023-12-12,Monitor,Electronics,West,4937.4,4,978.19,2023,12,Dec,2023-12,19.81
2022-02-21,Bookshelf,Furniture,North,1138.75,4,329.93,2022,2,Feb,2022-02,28.97
2021-08-17,Chair,Furniture,West,505.39,1,195.36,2021,8,Aug,2021-08,38.66
2022-09-20,Monitor,Electronics,North,985.87,4,133.71,2022,9,Sep,2022-09,13.56
2021-05-24,Smartphone,Electronics,North,635.77,1,72.51,2021,5,May,2021-05,11.41
2022-04-09,Running Shoes,Sports,South,216.57,2,54.98,2022,4,Apr,2022-04,25.39
2023-06-29,Dumbbell Set,Sports,Central,426.55,5,143.56,2023,6,Jun,2023-06,33.66
2023-10-17,Shoes,Clothing,East,40.46,3,13.06,2023,10,Oct,2023-10,32.28
2023-12-12,Chair,Furniture,North,666.5,6,266.36,2023,12,Dec,2023-12,39.96
2023-12-14,Bed Frame,Furniture,South,2232.61,4,753.91,2023,12,Dec,2023-12,33.77
2021-04-11,Sofa,Furniture,North,175.55,2,52.38,2021,4,Apr,2021-04,29.84
2022-03-18,Sweater,Clothing,North,70.16,3,29.13,2022,3,Mar,2022-03,41.52
2023-04-18,Jacket,Clothing,North,285.09,6,130.0,2023,4,Apr,2023-04,45.6
2023-02-13,Tennis Racket,Sports,North,265.77,2,110.05,2023,2,Feb,2023-02,41.41
2022-08-14,Rice,Groceries,West,28.03,3,2.63,2022,8,Aug,2022-08,9.38
2023-05-10,Dress,Clothing,Central,496.17,3,268.17,2023,5,May,2023-05,54.05
2022-01-11,Shoes,Clothing,West,105.27,1,52.11,2022,1,Jan,2022-01,49.5
2022-12-09,T-Shirt,Clothing,East,735.53,6,370.11,2022,12,Dec,2022-12,50.32
2023-03-20,Running Shoes,Sports,South,595.42,2,257.83,2023,3,Mar,2023-03,43.3
2023-03-09,Running Shoes,Sports,West,320.95,1,97.39,2023,3,Mar,2023-03,30.34
2021-10-23,Headphones,Electronics,East,4351.67,5,505.98,2021,10,Oct,2021-10,11.63
2021-03-14,Shoes,Clothing,North,190.01,1,78.02,2021,3,Mar,2021-03,41.06
2021-05-04,T-Shirt,Clothing,East,445.95,6,147.14,2021,5,May,2021-05,32.99
2022-09-18,Coffee,Groceries,East,436.46000000000004,2,130.83,2022,9,Sep,2022-09,29.98
2023-01-17,Sweater,Clothing,East,70.93,1,22.06,2023,1,Jan,2023-01,31.1
2021-08-28,Tennis Racket,Sports,North,227.35,2,93.48,2021,8,Aug,2021-08,41.12
2023-09-09,Running Shoes,Sports,South,562.39,3,157.18,2023,9,Sep,2023-09,27.95
2023-07-27,Jeans,Clothing,North,201.83,3,63.25,2023,7,Jul,2023-07,31.34
2023-09-15,Smartwatch,Electronics,North,3904.51,5,362.09,2023,9,Sep,2023-09,9.27
2023-03-04,Smartphone,Electronics,South,6744.5,5,841.88,2023,3,Mar,2023-03,12.48
2023-04-24,Sofa,Furniture,South,1359.51,2,534.79,2023,4,Apr,2023-04,39.34
2022-02-21,Cereal,Groceries,West,2.93,1,0.34,2022,2,Feb,2022-02,11.6
2023-12-25,Monitor,Electronics,West,2464.58,3,260.62,2023,12,Dec,2023-12,10.57
2022-11-29,Olive Oil,Groceries,North,6.46,1,0.96,2022,11,Nov,2022-11,14.86
2022-10-09,Bookshelf,Furniture,West,2755.25,5,698.61,2022,10,Oct,2022-10,25.36
2021-04-27,Rice,Groceries,East,436.46000000000004,1,1.05,2021,4,Apr,2021-04,0.24
2021-12-02,Dumbbell Set,Sports,North,2770.01,9,965.76,2021,12,Dec,2021-12,34.86
2022-04-06,Coffee,Groceries,East,20.55,1,2.27,2022,4,Apr,2022-04,11.05
2021-12-03,Juice,Groceries,West,74.51,9,6.32,2021,12,Dec,2021-12,8.48
2022-01-26,Bicycle,Sports,Central,77.44,2,23.23,2022,1,Jan,2022-01,30.0
2023-04-29,Bed Frame,Furniture,Central,1503.77,3,327.68,2023,4,Apr,2023-04,21.79
2021-11-07,Bicycle,Sports,North,998.03,3,266.66,2021,11,Nov,2021-11,26.72
2023-02-17,Bicycle,Sports,South,266.46,1,94.71,2023,2,Feb,2023-02,35.54
2022-09-12,Milk,Groceries,South,40.62,2,2.89,2022,9,Sep,2022-09,7.11
2022-05-07,Tablet,Electronics,East,711.05,2,111.43,2022,5,May,2022-05,15.67
2022-01-23,Monitor,Electronics,South,2954.69,3,467.13,2022,1,Jan,2022-01,15.81
2021-08-01,T-Shirt,Clothing,South,304.48,5,110.91,2021,8,Aug,2021-08,36.43
2023-03-01,Laptop,Electronics,East,1752.09,3,269.3,2023,3,Mar,2023-03,15.37
2023-03-08,Yoga Mat,Sports,North,206.41,1,87.58,2023,3,Mar,2023-03,42.43
2022-07-18,T-Shirt,Clothing,West,228.61,9,84.11,2022,7,Jul,2022-07,36.79
2021-11-08,Yoga Mat,Sports,Central,2092.95,6,808.49,2021,11,Nov,2021-11,38.63
2023-11-29,T-Shirt,Clothing,North,226.64,5,99.11,2023,11,Nov,2023-11,43.73
2023-04-13,T-Shirt,Clothing,East,430.05,6,219.97,2023,4,Apr,2023-04,51.15
2023-06-17,Running Shoes,Sports,North,507.32,5,166.77,2023,6,Jun,2023-06,32.87
2022-04-18,Smartphone,Electronics,East,1813.66,2,314.75,2022,4,Apr,2022-04,17.35
2022-05-01,Wardrobe,Furniture,West,2934.17,5,697.53,2022,5,May,2022-05,23.77
2021-06-22,Wardrobe,Furniture,South,671.51,1,219.03,2021,6,Jun,2021-06,32.62
2022-08-06,Webcam,Electronics,Central,4039.33,3,501.12,2022,8,Aug,2022-08,12.41
2023-09-07,Smartphone,Electronics,West,4460.78,5,421.18,2023,9,Sep,2023-09,9.44
2021-09-30,Chair,Furniture,Central,761.13,2,181.46,2021,9,Sep,2021-09,23.84
2022-06-01,Milk,Groceries,North,8.82,2,1.32,2022,6,Jun,2022-06,14.97
2022-11-11,Milk,Groceries,South,89.13,5,6.34,2022,11,Nov,2022-11,7.11
2023-01-17,Yoga Mat,Sports,East,30.05,1,13.08,2023,1,Jan,2023-01,43.53
2021-12-11,Tennis Racket,Sports,West,679.82,9,303.69,2021,12,Dec,2021-12,44.67
2023-04-15,Dress,Clothing,Central,20.7,1,8.54,2023,4,Apr,2023-04,41.26
2022-07-07,Shorts,Clothing,Central,123.89,3,55.5,2022,7,Jul,2022-07,44.8
2023-01-27,Juice,Groceries,East,122.79,5,6.61,2023,1,Jan,2023-01,5.38
2022-12-29,Tennis Racket,Sports,North,547.56,4,220.65,2022,12,Dec,2022-12,40.3
2023-10-02,Milk,Groceries,West,53.28,3,7.66,2023,10,Oct,2023-10,14.38
2023-01-10,Cereal,Groceries,East,11.15,3,1.49,2023,1,Jan,2023-01,13.36
2021-11-26,Chair,Furniture,East,3576.89,5,1224.2,2021,11,Nov,2021-11,34.23
2022-06-01,Running Shoes,Sports,West,321.38,1,111.17,2022,6,Jun,2022-06,34.59
2022-08-30,Smartwatch,Electronics,Central,1163.58,2,226.31,2022,8,Aug,2022-08,19.45
2023-11-17,Jeans,Clothing,Central,263.11,2,86.14,2023,11,Nov,2023-11,32.74
2023-09-16,Sweater,Clothing,East,577.73,4,222.65,2023,9,Sep,2023-09,38.54
2022-08-30,Tennis Racket,Sports,South,190.66,2,53.92,2022,8,Aug,2022-08,28.28
2023-09-13,Milk,Groceries,North,13.9,1,0.71,2023,9,Sep,2023-09,5.11
2023-03-21,Headphones,Electronics,North,4874.65,7,398.47,2023,3,Mar,2023-03,8.17
2022-04-01,Running Shoes,Sports,West,2092.06,6,881.98,2022,4,Apr,2022-04,42.16
2023-03-08,Dumbbell Set,Sports,East,99.64,4,25.52,2023,3,Mar,2023-03,25.61
2021-10-08,Sofa,Furniture,East,2081.25,3,813.62,2021,10,Oct,2021-10,39.09
2023-01-09,Wardrobe,Furniture,North,248.18,1,55.74,2023,1,Jan,2023-01,22.46
2023-01-16,Bicycle,Sports,Central,168.57,3,49.66,2023,1,Jan,2023-01,29.46
2021-08-13,Webcam,Electronics,Central,1801.27,2,280.5,2021,8,Aug,2021-08,15.57
2022-06-14,Smartphone,Electronics,South,3429.05,4,441.06,2022,6,Jun,2022-06,12.86
2022-08-19,Shorts,Clothing,West,83.98,5,33.83,2022,8,Aug,2022-08,40.28
2023-06-17,Running Shoes,Sports,South,60.61,1,18.83,2023,6,Jun,2023-06,31.07
2021-08-21,Bookshelf,Furniture,East,886.87,5,179.95,2021,8,Aug,2021-08,20.29
2022-03-04,Monitor,Electronics,West,1461.06,1,179.62,2022,3,Mar,2022-03,12.29
2021-05-15,Jacket,Clothing,North,144.93,2,59.27,2021,5,May,2021-05,40.9
2023-07-07,Chair,Furniture,West,759.03,2,237.45,2023,7,Jul,2023-07,31.28
2023-07-20,Milk,Groceries,Central,37.81,3,3.75,2023,7,Jul,2023-07,9.92
2022-01-16,Headphones,Electronics,Central,2666.29,2,470.27,2022,1,Jan,2022-01,17.64
2022-12-06,Coffee,Groceries,North,122.61,5,13.6,2022,12,Dec,2022-12,11.09
2022-12-14,Dumbbell Set,Sports,Central,235.19,4,103.03,2022,12,Dec,2022-12,43.81
2021-02-05,Bread,Groceries,South,52.08,2,6.61,2021,2,Feb,2021-02,12.69
2023-10-17,Webcam,Electronics,East,2367.44,3,371.5,2023,10,Oct,2023-10,15.69
2023-07-02,Headphones,Electronics,Central,3824.67,4,582.73,2023,7,Jul,2023-07,15.24
2022-07-04,Juice,Groceries,South,106.07,4,15.72,2022,7,Jul,2022-07,14.82
2021-05-13,Tennis Racket,Sports,South,375.29,1,113.28,2021,5,May,2021-05,30.18
2021-09-16,Milk,Groceries,East,55.06,2,4.24,2021,9,Sep,2021-09,7.7
2021-05-07,Tennis Racket,Sports,East,1119.97,4,457.44,2021,5,May,2021-05,40.84
2023-03-08,Monitor,Electronics,Central,447.32,1,50.45,2023,3,Mar,2023-03,11.28
2023-05-05,Smartphone,Electronics,West,3349.15,3,430.56,2023,5,May,2023-05,12.86
2023-03-27,Lamp,Furniture,South,579.33,1,213.12,2023,3,Mar,2023-03,36.79
2023-02-11,Smartwatch,Electronics,West,1483.18,4,277.79,2023,2,Feb,2023-02,18.73
2022-12-15,Olive Oil,Groceries,South,51.62,4,6.74,2022,12,Dec,2022-12,13.06
2022-04-11,Milk,Groceries,North,8.34,2,1.13,2022,4,Apr,2022-04,13.55
2023-07-12,Bed Frame,Furniture,North,2044.98,5,601.88,2023,7,Jul,2023-07,29.43
2023-06-10,Tablet,Electronics,North,4294.12,4,674.75,2023,6,Jun,2023-06,15.71
2021-03-27,Bed Frame,Furniture,West,795.38,3,235.61,2021,3,Mar,2021-03,29.62
2021-02-18,Headphones,Electronics,South,399.27,1,35.26,2021,2,Feb,2021-02,8.83
2021-11-15,Monitor,Electronics,South,3735.27,4,394.65,2021,11,Nov,2021-11,10.57
2021-10-19,Headphones,Electronics,East,1428.38,1,265.83,2021,10,Oct,2021-10,18.61
2021-07-27,Wardrobe,Furniture,Central,1565.55,2,372.93,2021,7,Jul,2021-07,23.82
2021-09-11,Headphones,Electronics,East,7323.91,6,1136.66,2021,9,Sep,2021-09,15.52
2023-03-29,Sweater,Clothing,East,40.29,3,20.42,2023,3,Mar,2023-03,50.68
2022-02-13,Shorts,Clothing,Central,139.04,1,53.47,2022,2,Feb,2022-02,38.46
2022-03-05,Milk,Groceries,North,104.61,4,12.36,2022,3,Mar,2022-03,11.82
2021-05-13,Olive Oil,Groceries,Central,57.9,2,6.97,2021,5,May,2021-05,12.04
2021-11-03,Sweater,Clothing,North,433.95,3,156.4,2021,11,Nov,2021-11,36.04
2023-10-18,Bookshelf,Furniture,East,1052.5,5,299.04,2023,10,Oct,2023-10,28.41
2021-06-24,Juice,Groceries,East,88.84,3,10.3,2021,6,Jun,2021-06,11.59
2023-08-11,Laptop,Electronics,East,488.95,2,39.22,2023,8,Aug,2023-08,8.02
2023-04-04,Chair,Furniture,North,2262.03,3,603.97,2023,4,Apr,2023-04,26.7
2023-01-23,Tennis Racket,Sports,East,278.18,1,121.34,2023,1,Jan,2023-01,43.62
2021-07-21,Dumbbell Set,Sports,North,63.91,1,17.99,2021,7,Jul,2021-07,28.15
2022-12-25,Tennis Racket,Sports,West,2076.67,7,622.67,2022,12,Dec,2022-12,29.98
2021-09-28,Smartphone,Electronics,East,2680.18,3,315.17,2021,9,Sep,2021-09,11.76
2022-08-06,Smartwatch,Electronics,Central,633.0,3,54.37,2022,8,Aug,2022-08,8.59
2022-08-16,Jeans,Clothing,South,264.7,3,139.84,2022,8,Aug,2022-08,52.83
2023-06-09,Sofa,Furniture,North,797.18,1,180.17,2023,6,Jun,2023-06,22.6
2022-06-04,Running Shoes,Sports,South,362.08,1,113.68,2022,6,Jun,2022-06,31.4
2022-08-09,Sofa,Furniture,Central,1040.55,2,222.6,2022,8,Aug,2022-08,21.39
2022-12-15,Yoga Mat,Sports,West,902.24,3,286.11,2022,12,Dec,2022-12,31.71
2023-11-09,Jacket,Clothing,East,205.43,6,88.38,2023,11,Nov,2023-11,43.02
2021-05-20,Jacket,Clothing,Central,132.44,1,67.16,2021,5,May,2021-05,50.71
2021-05-17,Bicycle,Sports,North,184.88,2,65.02,2021,5,May,2021-05,35.17
2022-11-13,Milk,Groceries,South,11.08,6,0.7,2022,11,Nov,2022-11,6.32
2022-01-17,Monitor,Electronics,Central,144.25,1,27.17,2022,1,Jan,2022-01,18.84
2021-02-09,Tennis Racket,Sports,Central,233.02,1,66.18,2021,2,Feb,2021-02,28.4
2022-06-13,Dress,Clothing,North,119.4,1,36.62,2022,6,Jun,2022-06,30.67
2022-12-31,Yoga Mat,Sports,West,2104.29,6,672.54,2022,12,Dec,2022-12,31.96
2022-07-07,Tennis Racket,Sports,East,152.07,2,51.81,2022,7,Jul,2022-07,34.07
2021-08-01,Desk,Furniture,West,1206.24,3,346.68,2021,8,Aug,2021-08,28.74
2023-03-09,Webcam,Electronics,South,892.07,1,95.65,2023,3,Mar,2023-03,10.72
2021-08-15,Milk,Groceries,Central,29.75,5,3.26,2021,8,Aug,2021-08,10.96
2021-06-28,Running Shoes,Sports,East,2324.24,8,831.33,2021,6,Jun,2021-06,35.77
2023-01-13,Bicycle,Sports,Central,215.96,2,96.35,2023,1,Jan,2023-01,44.61
2023-03-26,Cereal,Groceries,East,4.87,1,0.62,2023,3,Mar,2023-03,12.73
2023-02-07,Bread,Groceries,East,35.91,3,4.61,2023,2,Feb,2023-02,12.84
2022-11-11,Rice,Groceries,Central,2.09,2,0.11,2022,11,Nov,2022-11,5.26
2023-07-25,Wardrobe,Furniture,Central,404.07,1,132.59,2023,7,Jul,2023-07,32.81
2021-07-26,Coffee,Groceries,Central,59.9,3,8.14,2021,7,Jul,2021-07,13.59
2022-03-25,Shorts,Clothing,North,284.03,2,130.85,2022,3,Mar,2022-03,46.07
2022-02-23,Smartwatch,Electronics,Central,4071.46,3,539.12,2022,2,Feb,2022-02,13.24
2021-06-04,Juice,Groceries,North,1.65,1,0.23,2021,6,Jun,2021-06,13.94
2023-08-13,Dumbbell Set,Sports,North,632.1,2,171.98,2023,8,Aug,2023-08,27.21
2021-01-24,Lamp,Furniture,East,631.35,1,191.16,2021,1,Jan,2021-01,30.28
2022-01-13,Sofa,Furniture,West,2621.81,4,748.03,2022,1,Jan,2022-01,28.53
2022-11-04,Laptop,Electronics,East,1996.54,3,335.42,2022,11,Nov,2022-11,16.8
2023-07-14,Smartwatch,Electronics,West,2756.23,2,456.19,2023,7,Jul,2023-07,16.55
2023-11-29,Bicycle,Sports,Central,1915.14,5,642.11,2023,11,Nov,2023-11,33.53
2021-01-26,T-Shirt,Clothing,East,436.46000000000004,3,130.83,2021,1,Jan,2021-01,29.98
2022-03-01,Yoga Mat,Sports,South,279.4,2,118.92,2022,3,Mar,2022-03,42.56
2023-07-05,Running Shoes,Sports,West,638.25,3,276.31,2023,7,Jul,2023-07,43.29
2021-12-29,Smartwatch,Electronics,South,4141.4,4,777.3,2021,12,Dec,2021-12,18.77
2021-06-30,Headphones,Electronics,East,474.48,1,55.87,2021,6,Jun,2021-06,11.77
2021-09-12,Headphones,Electronics,North,1836.77,3,296.3,2021,9,Sep,2021-09,16.13
2022-09-12,Yoga Mat,Sports,West,98.08,1,26.6,2022,9,Sep,2022-09,27.12
2022-07-15,Webcam,Electronics,South,3468.18,3,445.13,2022,7,Jul,2022-07,12.83
2023-12-05,Coffee,Groceries,East,55.8,2,2.8,2023,12,Dec,2023-12,5.02
2023-11-20,Shoes,Clothing,North,612.67,7,219.5,2023,11,Nov,2023-11,35.83
2022-05-01,Desk,Furniture,East,896.53,2,283.73,2022,5,May,2022-05,31.65
2023-02-10,Milk,Groceries,West,50.38,2,4.69,2023,2,Feb,2023-02,9.31
2021-09-03,Sweater,Clothing,Central,66.45,4,30.01,2021,9,Sep,2021-09,45.16
2021-04-21,Jacket,Clothing,Central,268.33,3,142.7,2021,4,Apr,2021-04,53.18
2023-10-22,Desk,Furniture,West,1646.54,3,474.46,2023,10,Oct,2023-10,28.82
2021-05-12,Bed Frame,Furniture,South,576.42,3,172.69,2021,5,May,2021-05,29.96
2021-09-21,Jacket,Clothing,Central,131.16,3,55.67,2021,9,Sep,2021-09,42.44
2021-11-18,Cereal,Groceries,South,109.35,6,12.98,2021,11,Nov,2021-11,11.87
2022-04-12,Wardrobe,Furniture,Central,516.47,1,184.97,2022,4,Apr,2022-04,35.81
2023-10-16,Desk,Furniture,North,701.73,2,204.83,2023,10,Oct,2023-10,29.19
2021-08-21,Sweater,Clothing,North,798.89,6,382.91,2021,8,Aug,2021-08,47.93
2022-07-14,Running Shoes,Sports,South,340.93,1,102.86,2022,7,Jul,2022-07,30.17
2023-04-29,Dumbbell Set,Sports,West,493.75,3,158.59,2023,4,Apr,2023-04,32.12
2023-06-26,Running Shoes,Sports,South,448.19,4,120.1,2023,6,Jun,2023-06,26.8
2022-12-26,Bookshelf,Furniture,South,1825.6,3,705.25,2022,12,Dec,2022-12,38.63
2023-05-01,Shoes,Clothing,Central,142.25,3,56.37,2023,5,May,2023-05,39.63
2022-12-04,Monitor,Electronics,Central,3656.15,3,304.03,2022,12,Dec,2022-12,8.32
2022-07-12,Laptop,Electronics,Central,1277.33,1,184.23,2022,7,Jul,2022-07,14.42
2023-10-27,Dumbbell Set,Sports,Central,207.59,2,87.52,2023,10,Oct,2023-10,42.16
2022-06-22,Tennis Racket,Sports,Central,699.24,3,268.25,2022,6,Jun,2022-06,38.36
2021-09-18,Monitor,Electronics,South,2178.23,2,306.72,2021,9,Sep,2021-09,14.08
2021-02-27,Tennis Racket,Sports,East,204.68,1,73.77,2021,2,Feb,2021-02,36.04
2021-03-29,Wardrobe,Furniture,Central,911.59,2,198.19,2021,3,Mar,2021-03,21.74
2021-10-16,Headphones,Electronics,West,2699.89,3,537.65,2021,10,Oct,2021-10,19.91
2021-08-04,Jacket,Clothing,Central,223.01,2,103.44,2021,8,Aug,2021-08,46.38
2021-11-14,Shorts,Clothing,Central,53.87,3,23.88,2021,11,Nov,2021-11,44.33
2022-04-23,Yoga Mat,Sports,South,89.33,4,38.77,2022,4,Apr,2022-04,43.4
2023-11-03,Laptop,Electronics,West,2756.44,4,299.49,2023,11,Nov,2023-11,10.87
2023-03-05,Wardrobe,Furniture,East,1741.7,3,667.8,2023,3,Mar,2023-03,38.34
2022-11-18,Dress,Clothing,East,349.3,3,176.17,2022,11,Nov,2022-11,50.44
2021-12-28,Laptop,Electronics,North,2567.48,5,289.34,2021,12,Dec,2021-12,11.27
2022-02-22,Cereal,Groceries,West,1.28,1,0.14,2022,2,Feb,2022-02,10.94
2021-01-21,Chair,Furniture,South,3685.3,5,1145.19,2021,1,Jan,2021-01,31.07
2021-10-09,Jeans,Clothing,South,68.55,5,35.34,2021,10,Oct,2021-10,51.55
2021-10-20,Laptop,Electronics,East,1823.56,2,360.35,2021,10,Oct,2021-10,19.76
2022-07-29,Sweater,Clothing,West,106.88,4,55.14,2022,7,Jul,2022-07,51.59
2023-11-12,Running Shoes,Sports,Central,1493.44,4,542.06,2023,11,Nov,2023-11,36.3
2021-10-20,Bicycle,Sports,South,1316.44,5,332.18,2021,10,Oct,2021-10,25.23
2022-08-24,Yoga Mat,Sports,Central,659.0,3,244.85,2022,8,Aug,2022-08,37.15
2023-04-02,Bicycle,Sports,North,685.24,3,274.76,2023,4,Apr,2023-04,40.1
2021-08-05,Jacket,Clothing,West,711.68,5,274.07,2021,8,Aug,2021-08,38.51
2023-05-05,Bed Frame,Furniture,West,2295.81,3,478.09,2023,5,May,2023-05,20.82
2022-04-05,Yoga Mat,Sports,North,1029.23,3,281.67,2022,4,Apr,2022-04,27.37
2021-06-10,Laptop,Electronics,East,125.8,1,11.63,2021,6,Jun,2021-06,9.24
2023-05-15,Cereal,Groceries,South,35.62,4,3.79,2023,5,May,2023-05,10.64
2023-12-22,Dumbbell Set,Sports,West,1153.72,4,483.67,2023,12,Dec,2023-12,41.92
2023-06-28,Desk,Furniture,North,553.82,3,114.09,2023,6,Jun,2023-06,20.6
2023-11-16,Bicycle,Sports,West,1984.02,5,637.98,2023,11,Nov,2023-11,32.16
2023-05-20,Cereal,Groceries,Central,98.17,4,14.04,2023,5,May,2023-05,14.3
2023-10-16,Webcam,Electronics,South,872.08,2,157.26,2023,10,Oct,2023-10,18.03
2021-10-17,Bed Frame,Furniture,North,681.73,3,181.25,2021,10,Oct,2021-10,26.59
2022-01-12,Tennis Racket,Sports,West,203.93,2,70.88,2022,1,Jan,2022-01,34.76
2022-10-26,Yoga Mat,Sports,West,252.48,2,92.23,2022,10,Oct,2022-10,36.53
2021-04-09,Shorts,Clothing,South,560.4,3,266.8,2021,4,Apr,2021-04,47.61
2022-09-07,Bread,Groceries,East,118.35,8,17.3,2022,9,Sep,2022-09,14.62
2023-05-08,Chair,Furniture,North,1861.15,4,549.07,2023,5,May,2023-05,29.5
2023-11-17,Shoes,Clothing,South,286.14,6,124.77,2023,11,Nov,2023-11,43.6
2023-07-27,Desk,Furniture,South,2007.56,3,529.3,2023,7,Jul,2023-07,26.37
2023-03-16,T-Shirt,Clothing,South,187.33,1,79.45,2023,3,Mar,2023-03,42.41
2023-12-02,Tablet,Electronics,East,1666.01,3,287.35,2023,12,Dec,2023-12,17.25
2021-08-17,Bookshelf,Furniture,Central,493.88,2,141.18,2021,8,Aug,2021-08,28.59
2023-05-23,T-Shirt,Clothing,South,389.21,4,162.48,2023,5,May,2023-05,41.75
2022-06-06,Chair,Furniture,East,1352.96,2,382.4,2022,6,Jun,2022-06,28.26
2021-05-23,Wardrobe,Furniture,East,1113.43,3,276.48,2021,5,May,2021-05,24.83
2022-06-06,Laptop,Electronics,Central,221.85,4,38.78,2022,6,Jun,2022-06,17.48
2022-03-04,Jacket,Clothing,West,555.51,5,268.98,2022,3,Mar,2022-03,48.42
2021-12-28,Rice,Groceries,West,83.73,3,5.03,2021,12,Dec,2021-12,6.01
2022-10-29,Bicycle,Sports,South,1696.58,6,528.54,2022,10,Oct,2022-10,31.15
2021-10-06,Lamp,Furniture,East,1875.99,3,664.95,2021,10,Oct,2021-10,35.45
2023-08-13,Milk,Groceries,North,4.6,2,0.36,2023,8,Aug,2023-08,7.83
2021-03-10,Yoga Mat,Sports,West,126.76,1,33.71,2021,3,Mar,2021-03,26.59
2022-04-29,Yoga Mat,Sports,South,2032.53,6,741.33,2022,4,Apr,2022-04,36.47
2023-04-27,Smartwatch,Electronics,Central,75.86,1,6.31,2023,4,Apr,2023-04,8.32
2021-05-29,Rice,Groceries,Central,24.82,4,2.1,2021,5,May,2021-05,8.46
2022-01-30,Laptop,Electronics,South,855.13,1,151.02,2022,1,Jan,2022-01,17.66
2023-10-29,Coffee,Groceries,East,32.99,4,4.87,2023,10,Oct,2023-10,14.76
2021-04-25,Sweater,Clothing,North,187.66,2,85.98,2021,4,Apr,2021-04,45.82
2023-12-30,Sweater,Clothing,East,966.42,7,496.81,2023,12,Dec,2023-12,51.41
2022-01-03,Milk,Groceries,North,28.72,3,3.55,2022,1,Jan,2022-01,12.36
2023-07-12,Bread,Groceries,Central,33.13,5,4.24,2023,7,Jul,2023-07,12.8
2021-06-17,Shorts,Clothing,Central,631.27,4,194.03,2021,6,Jun,2021-06,30.74
2021-04-25,Bread,Groceries,North,18.82,1,2.6,2021,4,Apr,2021-04,13.82
2021-03-08,Dumbbell Set,Sports,South,905.68,4,227.89,2021,3,Mar,2021-03,25.16
2023-08-08,Headphones,Electronics,East,3138.13,3,404.38,2023,8,Aug,2023-08,12.89
2021-11-06,Headphones,Electronics,North,543.99,4,97.97,2021,11,Nov,2021-11,18.01
2022-04-27,Smartwatch,Electronics,North,5884.6,5,965.88,2022,4,Apr,2022-04,16.41
2023-08-29,Smartwatch,Electronics,Central,1059.83,1,142.82,2023,8,Aug,2023-08,13.48
2023-10-27,Shorts,Clothing,West,38.14,3,19.0,2023,10,Oct,2023-10,49.82
2023-02-15,Olive Oil,Groceries,Central,25.29,3,2.99,2023,2,Feb,2023-02,11.82
2022-07-02,Headphones,Electronics,West,2140.76,3,385.84,2022,7,Jul,2022-07,18.02
2021-01-16,Yoga Mat,Sports,West,1474.02,4,401.59,2021,1,Jan,2021-01,27.24
2022-04-21,T-Shirt,Clothing,Central,153.07,1,46.02,2022,4,Apr,2022-04,30.06
2021-01-16,Bicycle,Sports,West,31.71,1,12.03,2021,1,Jan,2021-01,37.94
2023-03-18,Jacket,Clothing,Central,380.9,3,204.74,2023,3,Mar,2023-03,53.75
2021-03-19,T-Shirt,Clothing,East,80.92,2,38.4,2021,3,Mar,2021-03,47.45
2021-07-28,Running Shoes,Sports,West,782.93,4,342.78,2021,7,Jul,2021-07,43.78
2021-04-01,Dumbbell Set,Sports,West,387.67,2,153.47,2021,4,Apr,2021-04,39.59
2023-12-18,Lamp,Furniture,Central,2752.76,4,877.12,2023,12,Dec,2023-12,31.86
2023-09-06,Bed Frame,Furniture,West,417.72,1,95.71,2023,9,Sep,2023-09,22.91
2022-04-19,Shoes,Clothing,East,159.89,5,68.14,2022,4,Apr,2022-04,42.62
2021-05-13,Dress,Clothing,South,168.23,1,72.93,2021,5,May,2021-05,43.35
2023-01-18,T-Shirt,Clothing,South,537.87,3,169.63,2023,1,Jan,2023-01,31.54
2022-11-15,Jeans,Clothing,North,231.72,4,78.4,2022,11,Nov,2022-11,33.83
2021-01-27,Wardrobe,Furniture,Central,447.35,1,124.98,2021,1,Jan,2021-01,27.94
2021-08-25,Dress,Clothing,South,55.96,1,27.6,2021,8,Aug,2021-08,49.32
2023-06-12,Shorts,Clothing,Central,78.07,1,28.18,2023,6,Jun,2023-06,36.1
2022-11-10,T-Shirt,Clothing,Central,397.54,7,163.21,2022,11,Nov,2022-11,41.05
2022-06-09,Running Shoes,Sports,East,1944.85,6,841.5,2022,6,Jun,2022-06,43.27
2022-04-03,Coffee,Groceries,East,110.52,4,6.56,2022,4,Apr,2022-04,5.94
2022-01-10,Bread,Groceries,Central,18.11,1,1.2,2022,1,Jan,2022-01,6.63
2022-05-09,Shorts,Clothing,Central,925.7,5,479.14,2022,5,May,2022-05,51.76
2022-05-12,Dress,Clothing,West,258.33,5,103.21,2022,5,May,2022-05,39.95
2022-09-12,Cereal,Groceries,West,10.54,1,0.86,2022,9,Sep,2022-09,8.16
2021-10-03,Lamp,Furniture,East,808.84,2,296.94,2021,10,Oct,2021-10,36.71
2021-08-29,Juice,Groceries,East,49.63,4,5.12,2021,8,Aug,2021-08,10.32
2023-05-22,Webcam,Electronics,Central,5489.65,7,582.72,2023,5,May,2023-05,10.61
2023-07-02,Dress,Clothing,South,209.56,2,100.51,2023,7,Jul,2023-07,47.96
2023-01-19,Dumbbell Set,Sports,South,314.94,1,99.95,2023,1,Jan,2023-01,31.74
2023-09-27,Smartphone,Electronics,West,2853.9,4,477.14,2023,9,Sep,2023-09,16.72
2021-11-25,Juice,Groceries,West,128.4,9,16.43,2021,11,Nov,2021-11,12.8
2022-03-27,Wardrobe,Furniture,West,258.2,1,84.69,2022,3,Mar,2022-03,32.8
2023-08-07,Tablet,Electronics,North,8746.43,6,1503.71,2023,8,Aug,2023-08,17.19
2021-10-17,Smartwatch,Electronics,East,3113.71,3,402.39,2021,10,Oct,2021-10,12.92
2023-05-18,Smartwatch,Electronics,West,109.81,1,10.04,2023,5,May,2023-05,9.14
2023-11-17,Laptop,Electronics,North,416.64,1,46.56,2023,11,Nov,2023-11,11.18
2021-06-15,Chair,Furniture,West,2178.6,4,730.18,2021,6,Jun,2021-06,33.52
2021-07-15,Smartphone,Electronics,East,3363.8,3,603.44,2021,7,Jul,2021-07,17.94
2022-10-02,Dress,Clothing,West,71.05,5,38.98,2022,10,Oct,2022-10,54.86
2023-11-06,Smartphone,Electronics,West,571.44,2,106.75,2023,11,Nov,2023-11,18.68
2021-03-27,Cereal,Groceries,South,51.41,4,5.77,2021,3,Mar,2021-03,11.22
2022-11-28,Shoes,Clothing,North,584.55,3,186.84,2022,11,Nov,2022-11,31.96
2022-04-01,Tennis Racket,Sports,Central,780.5,5,200.51,2022,4,Apr,2022-04,25.69
2022-02-01,Olive Oil,Groceries,South,15.99,1,1.76,2022,2,Feb,2022-02,11.01
2021-08-03,Headphones,Electronics,South,7073.51,6,879.9,2021,8,Aug,2021-08,12.44
2023-11-21,Bed Frame,Furniture,Central,2018.27,9,594.81,2023,11,Nov,2023-11,29.47
2021-09-02,T-Shirt,Clothing,East,170.54,1,58.35,2021,9,Sep,2021-09,34.21
2023-09-19,Monitor,Electronics,East,733.73,1,142.15,2023,9,Sep,2023-09,19.37
2023-02-03,Cereal,Groceries,South,9.83,1,1.0,2023,2,Feb,2023-02,10.17
2022-03-17,Jacket,Clothing,East,479.99,4,261.78,2022,3,Mar,2022-03,54.54
2022-03-20,Sweater,Clothing,North,415.96,3,126.05,2022,3,Mar,2022-03,30.3
2021-09-26,Bed Frame,Furniture,Central,885.27,5,318.19,2021,9,Sep,2021-09,35.94
2022-01-11,Bookshelf,Furniture,South,3604.35,6,982.14,2022,1,Jan,2022-01,27.25
2023-08-20,Tennis Racket,Sports,South,121.96,3,35.03,2023,8,Aug,2023-08,28.72
2021-02-04,Dress,Clothing,East,308.97,4,117.78,2021,2,Feb,2021-02,38.12
2023-08-18,Tablet,Electronics,North,3665.55,5,388.76,2023,8,Aug,2023-08,10.61
2023-05-14,Desk,Furniture,Central,3692.0,5,1301.78,2023,5,May,2023-05,35.26
2023-11-12,Chair,Furniture,East,825.27,8,167.04,2023,11,Nov,2023-11,20.24
2022-05-26,Smartwatch,Electronics,West,998.16,1,197.82,2022,5,May,2022-05,19.82
2023-04-12,Dress,Clothing,North,192.28,1,94.7,2023,4,Apr,2023-04,49.25
2021-01-08,Yoga Mat,Sports,West,38.91,2,10.63,2021,1,Jan,2021-01,27.32
2023-06-12,Cereal,Groceries,West,98.2,5,8.26,2023,6,Jun,2023-06,8.41
2022-09-30,Jacket,Clothing,North,336.05,3,138.85,2022,9,Sep,2022-09,41.32
2022-12-27,Lamp,Furniture,West,436.46000000000004,7,893.57,2022,12,Dec,2022-12,204.73
2022-10-05,Smartphone,Electronics,South,322.8,4,49.76,2022,10,Oct,2022-10,15.42
2021-10-03,Juice,Groceries,North,99.29,5,7.6,2021,10,Oct,2021-10,7.65
2022-07-15,Chair,Furniture,South,3119.64,4,786.9,2022,7,Jul,2022-07,25.22
2022-07-12,Smartwatch,Electronics,East,463.04,1,71.77,2022,7,Jul,2022-07,15.5
2023-03-18,Smartphone,Electronics,East,186.61,1,20.51,2023,3,Mar,2023-03,10.99
2023-03-18,Cereal,Groceries,Central,5.22,1,0.6,2023,3,Mar,2023-03,11.49
2022-12-23,Webcam,Electronics,West,1143.97,5,131.05,2022,12,Dec,2022-12,11.46
2021-05-16,Bicycle,Sports,Central,1533.57,6,469.34,2021,5,May,2021-05,30.6
2021-02-21,Lamp,Furniture,West,343.69,1,100.04,2021,2,Feb,2021-02,29.11
2022-07-14,Cereal,Groceries,North,39.4,3,2.52,2022,7,Jul,2022-07,6.4
2021-07-17,Coffee,Groceries,South,63.0,3,6.54,2021,7,Jul,2021-07,10.38
2021-05-15,Bookshelf,Furniture,East,149.52,1,42.55,2021,5,May,2021-05,28.46
2022-01-03,Headphones,Electronics,South,5354.13,4,578.8,2022,1,Jan,2022-01,10.81
2022-09-08,Bookshelf,Furniture,South,2714.12,7,1029.87,2022,9,Sep,2022-09,37.94
2021-08-10,Tennis Racket,Sports,Central,272.59,2,107.68,2021,8,Aug,2021-08,39.5
2023-02-15,Tennis Racket,Sports,South,574.23,2,202.43,2023,2,Feb,2023-02,35.25
2021-10-20,Cereal,Groceries,East,28.2,2,2.59,2021,10,Oct,2021-10,9.18
2022-03-04,Dress,Clothing,West,147.84,2,72.07,2022,3,Mar,2022-03,48.75
2021-06-04,Yoga Mat,Sports,South,284.13,1,93.93,2021,6,Jun,2021-06,33.06
2022-01-21,Cereal,Groceries,East,26.58,3,1.56,2022,1,Jan,2022-01,5.87
2022-12-04,Yoga Mat,Sports,South,537.63,4,233.57,2022,12,Dec,2022-12,43.44
2023-03-05,Olive Oil,Groceries,North,50.15,2,4.39,2023,3,Mar,2023-03,8.75
2021-01-26,Chair,Furniture,Central,2381.49,3,504.56,2021,1,Jan,2021-01,21.19
2022-10-08,Coffee,Groceries,West,45.07,4,5.58,2022,10,Oct,2022-10,12.38
2023-03-03,Juice,Groceries,South,34.0,4,5.02,2023,3,Mar,2023-03,14.76
2021-01-09,Smartwatch,Electronics,North,1843.75,3,322.32,2021,1,Jan,2021-01,17.48
2023-04-25,Yoga Mat,Sports,North,317.82,1,131.1,2023,4,Apr,2023-04,41.25
2023-01-26,Dumbbell Set,Sports,West,238.29,1,92.65,2023,1,Jan,2023-01,38.88
2021-04-21,Bed Frame,Furniture,North,780.12,3,244.28,2021,4,Apr,2021-04,31.31
2022-07-23,Shoes,Clothing,North,555.45,6,280.66,2022,7,Jul,2022-07,50.53
2022-05-23,Tablet,Electronics,Central,1189.96,1,185.7,2022,5,May,2022-05,15.61
2022-04-23,Cereal,Groceries,East,26.16,1,2.3,2022,4,Apr,2022-04,8.79
2022-03-17,Wardrobe,Furniture,West,2052.46,4,819.96,2022,3,Mar,2022-03,39.95
2022-07-13,Juice,Groceries,South,111.15,7,7.01,2022,7,Jul,2022-07,6.31
2022-12-01,Bed Frame,Furniture,Central,3065.59,7,788.96,2022,12,Dec,2022-12,25.74
2021-02-13,Tablet,Electronics,East,2955.79,3,299.16,2021,2,Feb,2021-02,10.12
2021-06-24,Lamp,Furniture,Central,264.29,2,73.09,2021,6,Jun,2021-06,27.66
2023-11-13,Bookshelf,Furniture,East,436.46000000000004,4,388.21,2023,11,Nov,2023-11,88.95
2023-05-21,Shoes,Clothing,Central,464.51,7,156.09,2023,5,May,2023-05,33.6
2022-09-26,Juice,Groceries,South,10.93,2,1.58,2022,9,Sep,2022-09,14.46
2023-09-02,Monitor,Electronics,South,2760.79,3,310.15,2023,9,Sep,2023-09,11.23
2023-04-02,Yoga Mat,Sports,Central,866.95,4,280.7,2023,4,Apr,2023-04,32.38
2023-01-14,Webcam,Electronics,East,2429.56,3,402.5,2023,1,Jan,2023-01,16.57
2021-06-05,Rice,Groceries,West,66.92,3,7.4,2021,6,Jun,2021-06,11.06
2021-07-05,Shoes,Clothing,South,111.38,1,55.6,2021,7,Jul,2021-07,49.92
2021-12-23,Juice,Groceries,East,17.49,3,0.94,2021,12,Dec,2021-12,5.37
2023-01-25,Laptop,Electronics,West,3484.52,3,384.62,2023,1,Jan,2023-01,11.04
2021-06-26,Yoga Mat,Sports,North,1436.67,7,477.77,2021,6,Jun,2021-06,33.26
2022-04-11,Rice,Groceries,West,21.71,1,2.33,2022,4,Apr,2022-04,10.73
2023-07-03,Lamp,Furniture,West,321.77,1,126.11,2023,7,Jul,2023-07,39.19
2023-06-06,Bicycle,Sports,West,1755.66,7,591.79,2023,6,Jun,2023-06,33.71
2023-07-04,Rice,Groceries,West,31.57,2,4.64,2023,7,Jul,2023-07,14.7
2023-01-09,Shorts,Clothing,Central,598.42,3,217.16,2023,1,Jan,2023-01,36.29
2022-04-19,Juice,Groceries,South,67.64,6,10.08,2022,4,Apr,2022-04,14.9
2023-06-17,Headphones,Electronics,Central,1483.76,2,275.0,2023,6,Jun,2023-06,18.53
2021-09-19,Bookshelf,Furniture,Central,1872.92,5,552.11,2021,9,Sep,2021-09,29.48
2022-05-13,Monitor,Electronics,North,2742.64,2,506.13,2022,5,May,2022-05,18.45
2022-07-13,Running Shoes,Sports,East,1119.7,3,483.99,2022,7,Jul,2022-07,43.22
2021-12-11,Olive Oil,Groceries,South,169.46,9,14.71,2021,12,Dec,2021-12,8.68
2021-09-01,Chair,Furniture,North,2253.34,3,669.27,2021,9,Sep,2021-09,29.7
2021-05-24,Shoes,Clothing,South,562.5,4,213.55,2021,5,May,2021-05,37.96
2021-09-06,Lamp,Furniture,West,1050.95,5,317.91,2021,9,Sep,2021-09,30.25
2022-12-18,Bread,Groceries,South,32.45,4,2.21,2022,12,Dec,2022-12,6.81
2023-02-14,Bookshelf,Furniture,West,977.18,2,264.4,2023,2,Feb,2023-02,27.06
2023-01-23,Monitor,Electronics,South,711.08,1,125.04,2023,1,Jan,2023-01,17.58
2021-09-13,Wardrobe,Furniture,West,775.26,6,212.53,2021,9,Sep,2021-09,27.41
2022-04-19,Desk,Furniture,East,398.68,2,129.69,2022,4,Apr,2022-04,32.53
2023-08-03,Shorts,Clothing,East,304.91,2,118.39,2023,8,Aug,2023-08,38.83
2023-03-04,Sofa,Furniture,South,1706.16,3,475.89,2023,3,Mar,2023-03,27.89
2023-07-12,Webcam,Electronics,North,4846.51,5,839.12,2023,7,Jul,2023-07,17.31
2022-07-18,Bread,Groceries,Central,12.42,1,1.56,2022,7,Jul,2022-07,12.56
2021-11-08,Running Shoes,Sports,West,1005.83,3,316.1,2021,11,Nov,2021-11,31.43
2022-04-09,Laptop,Electronics,South,944.53,3,121.79,2022,4,Apr,2022-04,12.89
2021-07-11,Yoga Mat,Sports,East,345.9,3,155.63,2021,7,Jul,2021-07,44.99
2021-08-28,Tennis Racket,Sports,West,1071.5,3,362.7,2021,8,Aug,2021-08,33.85
2021-02-15,Dress,Clothing,East,211.0,3,110.64,2021,2,Feb,2021-02,52.44
2023-07-07,Yoga Mat,Sports,Central,640.36,4,162.47,2023,7,Jul,2023-07,25.37
2022-02-10,Dress,Clothing,East,189.05,1,70.48,2022,2,Feb,2022-02,37.28
2023-04-15,Shoes,Clothing,Central,142.07,2,76.32,2023,4,Apr,2023-04,53.72
2022-08-31,Cereal,Groceries,Central,65.84,3,3.99,2022,8,Aug,2022-08,6.06
2022-10-11,Sweater,Clothing,North,59.48,4,23.25,2022,10,Oct,2022-10,39.09
2022-05-13,Webcam,Electronics,Central,1169.35,1,149.91,2022,5,May,2022-05,12.82
2023-05-14,T-Shirt,Clothing,East,114.51,1,53.73,2023,5,May,2023-05,46.92
2023-01-24,Shorts,Clothing,South,103.72,1,42.77,2023,1,Jan,2023-01,41.24
2023-07-14,Coffee,Groceries,North,436.46000000000004,4,130.83,2023,7,Jul,2023-07,29.98
2022-04-21,Smartphone,Electronics,East,2778.64,8,500.22,2022,4,Apr,2022-04,18.0
2023-08-24,Lamp,Furniture,East,1181.42,3,414.9,2023,8,Aug,2023-08,35.12
2021-03-07,Dumbbell Set,Sports,Central,329.81,4,115.08,2021,3,Mar,2021-03,34.89
2023-04-30,Cereal,Groceries,North,96.84,4,6.4,2023,4,Apr,2023-04,6.61
2023-05-05,Tennis Racket,Sports,Central,103.55,1,39.38,2023,5,May,2023-05,38.03
2022-06-06,Desk,Furniture,West,436.46000000000004,3,130.83,2022,6,Jun,2022-06,29.98
2021-06-26,Jacket,Clothing,South,325.9,2,121.95,2021,6,Jun,2021-06,37.42
2022-02-28,Coffee,Groceries,South,27.23,1,1.42,2022,2,Feb,2022-02,5.21
2022-01-01,Tablet,Electronics,South,6860.36,5,763.33,2022,1,Jan,2022-01,11.13
2021-06-02,Sofa,Furniture,North,3549.76,5,1081.73,2021,6,Jun,2021-06,30.47
2022-10-01,Juice,Groceries,South,54.94,2,4.89,2022,10,Oct,2022-10,8.9
2022-04-12,Headphones,Electronics,South,4198.72,6,515.71,2022,4,Apr,2022-04,12.28
2021-07-03,Bed Frame,Furniture,East,982.76,2,331.97,2021,7,Jul,2021-07,33.78
2023-02-22,Chair,Furniture,North,4090.19,6,1231.94,2023,2,Feb,2023-02,30.12
2021-07-10,Cereal,Groceries,South,117.62,6,16.17,2021,7,Jul,2021-07,13.75
2022-05-15,Dumbbell Set,Sports,Central,381.91,1,164.75,2022,5,May,2022-05,43.14
2021-09-09,Coffee,Groceries,Central,52.28,3,4.04,2021,9,Sep,2021-09,7.73
2022-12-24,Dumbbell Set,Sports,West,143.9,3,37.96,2022,12,Dec,2022-12,26.38
2022-07-18,Yoga Mat,Sports,South,577.62,3,233.07,2022,7,Jul,2022-07,40.35
2021-12-18,Smartwatch,Electronics,South,966.43,4,89.86,2021,12,Dec,2021-12,9.3
2022-08-06,Headphones,Electronics,Central,1229.0,1,111.75,2022,8,Aug,2022-08,9.09
2021-02-22,Dumbbell Set,Sports,East,910.13,4,229.95,2021,2,Feb,2021-02,25.27
2021-12-05,Webcam,Electronics,Central,8664.52,7,1161.45,2021,12,Dec,2021-12,13.4
2021-04-14,Smartwatch,Electronics,North,2229.96,2,434.75,2021,4,Apr,2021-04,19.5
2021-01-08,Running Shoes,Sports,West,479.72,4,195.66,2021,1,Jan,2021-01,40.79
2022-01-22,Desk,Furniture,South,1104.32,2,316.64,2022,1,Jan,2022-01,28.67
2021-10-27,Bicycle,Sports,North,874.36,4,329.5,2021,10,Oct,2021-10,37.68
2021-01-21,Juice,Groceries,Central,100.92,4,8.32,2021,1,Jan,2021-01,8.24
2023-10-27,Lamp,Furniture,South,792.93,3,177.05,2023,10,Oct,2023-10,22.33
2021-01-30,Yoga Mat,Sports,South,76.59,1,31.13,2021,1,Jan,2021-01,40.64
2022-09-09,Bicycle,Sports,East,626.46,4,239.65,2022,9,Sep,2022-09,38.25
2023-10-06,Bed Frame,Furniture,West,265.71,3,56.59,2023,10,Oct,2023-10,21.3
2022-03-18,Webcam,Electronics,West,5277.64,5,880.61,2022,3,Mar,2022-03,16.69
2023-08-27,Lamp,Furniture,South,436.46000000000004,3,554.36,2023,8,Aug,2023-08,127.01
2022-03-22,Bed Frame,Furniture,West,527.57,1,193.64,2022,3,Mar,2022-03,36.7
2022-11-21,Shoes,Clothing,West,504.17,6,199.62,2022,11,Nov,2022-11,39.59
2023-08-07,Sofa,Furniture,South,436.46000000000004,1,138.86,2023,8,Aug,2023-08,31.82
2021-06-25,Dumbbell Set,Sports,East,161.07,4,62.9,2021,6,Jun,2021-06,39.05
2022-02-07,Dumbbell Set,Sports,East,249.73,1,93.79,2022,2,Feb,2022-02,37.56
2022-12-08,Cereal,Groceries,Central,81.72,5,7.57,2022,12,Dec,2022-12,9.26
2023-09-14,Tennis Racket,Sports,East,1928.3,5,482.49,2023,9,Sep,2023-09,25.02
2021-06-07,Yoga Mat,Sports,North,480.25,3,178.88,2021,6,Jun,2021-06,37.25
2023-08-09,Bed Frame,Furniture,West,1696.27,3,369.78,2023,8,Aug,2023-08,21.8
2022-11-15,Coffee,Groceries,Central,55.01,6,7.59,2022,11,Nov,2022-11,13.8
2021-06-03,Shorts,Clothing,West,300.15,4,144.88,2021,6,Jun,2021-06,48.27
2023-05-31,Monitor,Electronics,North,554.12,1,92.51,2023,5,May,2023-05,16.69
2022-08-24,T-Shirt,Clothing,West,144.61,1,61.78,2022,8,Aug,2022-08,42.72
2021-01-16,Jacket,Clothing,North,316.25,2,169.75,2021,1,Jan,2021-01,53.68
2023-04-14,Smartphone,Electronics,Central,1042.49,1,171.83,2023,4,Apr,2023-04,16.48
2023-08-09,Rice,Groceries,North,25.27,1,3.37,2023,8,Aug,2023-08,13.34
2021-04-22,Bicycle,Sports,Central,291.67,2,107.35,2021,4,Apr,2021-04,36.81
2023-02-17,Wardrobe,Furniture,West,656.56,1,188.82,2023,2,Feb,2023-02,28.76
2023-10-30,Tennis Racket,Sports,Central,166.21,1,50.66,2023,10,Oct,2023-10,30.48
2021-04-01,Sofa,Furniture,East,3719.53,5,925.49,2021,4,Apr,2021-04,24.88
2021-02-07,Monitor,Electronics,North,2227.01,4,423.36,2021,2,Feb,2021-02,19.01
2021-02-18,Coffee,Groceries,West,7.61,1,0.96,2021,2,Feb,2021-02,12.61
2023-03-01,Milk,Groceries,Central,44.57,4,4.96,2023,3,Mar,2023-03,11.13
2021-04-05,Tennis Racket,Sports,West,318.94,5,132.99,2021,4,Apr,2021-04,41.7
2021-02-06,Dress,Clothing,North,106.14,1,42.9,2021,2,Feb,2021-02,40.42
2021-03-19,Laptop,Electronics,North,532.22,3,59.6,2021,3,Mar,2021-03,11.2
2021-03-26,T-Shirt,Clothing,East,221.43,2,103.72,2021,3,Mar,2021-03,46.84
2021-11-20,Tennis Racket,Sports,West,852.23,6,366.58,2021,11,Nov,2021-11,43.01
2023-01-01,Coffee,Groceries,South,86.5,3,10.88,2023,1,Jan,2023-01,12.58
2022-03-10,Dumbbell Set,Sports,North,337.62,2,105.14,2022,3,Mar,2022-03,31.14
2023-01-08,Yoga Mat,Sports,West,458.67,2,200.11,2023,1,Jan,2023-01,43.63
2021-04-27,Dumbbell Set,Sports,East,112.67,3,32.28,2021,4,Apr,2021-04,28.65
2023-05-27,Webcam,Electronics,West,2529.96,5,324.66,2023,5,May,2023-05,12.83
2021-11-04,Milk,Groceries,Central,141.77,5,20.77,2021,11,Nov,2021-11,14.65
2021-06-10,Sweater,Clothing,Central,411.52,6,158.39,2021,6,Jun,2021-06,38.49
2021-10-06,Cereal,Groceries,South,56.01,2,4.92,2021,10,Oct,2021-10,8.78
2021-10-12,Yoga Mat,Sports,South,279.05,1,81.83,2021,10,Oct,2021-10,29.32
2021-06-11,T-Shirt,Clothing,South,461.19,3,250.36,2021,6,Jun,2021-06,54.29
2022-08-05,Dumbbell Set,Sports,Central,997.73,6,411.08,2022,8,Aug,2022-08,41.2
2022-05-10,Chair,Furniture,West,1540.83,4,531.32,2022,5,May,2022-05,34.48
2021-09-01,Webcam,Electronics,Central,3895.05,3,430.18,2021,9,Sep,2021-09,11.04
2023-05-13,Bookshelf,Furniture,Central,1309.88,4,451.7,2023,5,May,2023-05,34.48
2021-02-08,Bookshelf,Furniture,East,516.03,3,154.98,2021,2,Feb,2021-02,30.03
2022-11-10,Running Shoes,Sports,South,270.55,1,110.08,2022,11,Nov,2022-11,40.69
2023-04-01,Yoga Mat,Sports,Central,702.05,2,205.71,2023,4,Apr,2023-04,29.3
2023-08-07,Tablet,Electronics,East,3654.52,3,307.01,2023,8,Aug,2023-08,8.4
2022-01-25,Desk,Furniture,Central,655.25,1,252.77,2022,1,Jan,2022-01,38.58
2021-04-28,Shorts,Clothing,North,62.07,1,19.4,2021,4,Apr,2021-04,31.26
2023-08-31,Shorts,Clothing,South,613.55,6,242.52,2023,8,Aug,2023-08,39.53
2023-03-17,Lamp,Furniture,South,1473.89,4,324.31,2023,3,Mar,2023-03,22.0
2023-05-21,Shoes,Clothing,North,39.43,3,13.55,2023,5,May,2023-05,34.36
2022-07-16,Yoga Mat,Sports,South,952.65,5,246.47,2022,7,Jul,2022-07,25.87
2022-09-06,Olive Oil,Groceries,West,28.58,1,3.96,2022,9,Sep,2022-09,13.86
2023-01-01,Laptop,Electronics,North,625.35,1,58.72,2023,1,Jan,2023-01,9.39
2023-05-16,Smartwatch,Electronics,South,2672.26,2,474.46,2023,5,May,2023-05,17.76
2021-12-24,Shoes,Clothing,North,171.86,6,58.78,2021,12,Dec,2021-12,34.2
2023-11-09,Bed Frame,Furniture,East,4671.21,6,1489.56,2023,11,Nov,2023-11,31.89
2023-04-04,Smartphone,Electronics,South,2583.18,2,270.56,2023,4,Apr,2023-04,10.47
2022-07-21,Jeans,Clothing,Central,58.02,1,29.95,2022,7,Jul,2022-07,51.62
2022-08-19,Shoes,Clothing,South,585.14,3,194.55,2022,8,Aug,2022-08,33.25
2021-06-30,Tennis Racket,Sports,South,940.0,5,317.34,2021,6,Jun,2021-06,33.76
2023-07-23,Olive Oil,Groceries,North,4.22,2,0.59,2023,7,Jul,2023-07,13.98
2021-11-01,Sofa,Furniture,Central,1945.55,5,756.53,2021,11,Nov,2021-11,38.89
2021-10-06,Coffee,Groceries,East,24.64,3,1.26,2021,10,Oct,2021-10,5.11
2021-12-29,Dumbbell Set,Sports,South,601.02,6,217.76,2021,12,Dec,2021-12,36.23
2023-10-21,Sofa,Furniture,North,592.69,4,218.85,2023,10,Oct,2023-10,36.92
2023-11-04,Cereal,Groceries,East,43.91,3,3.93,2023,11,Nov,2023-11,8.95
2022-04-16,Bicycle,Sports,Central,294.5,1,75.4,2022,4,Apr,2022-04,25.6
2022-01-07,Cereal,Groceries,West,11.38,2,0.82,2022,1,Jan,2022-01,7.21
2021-04-10,Bicycle,Sports,East,548.99,3,240.01,2021,4,Apr,2021-04,43.72
2022-06-18,Sweater,Clothing,South,684.2,7,310.62,2022,6,Jun,2022-06,45.4
2021-12-01,Webcam,Electronics,East,10874.81,8,1564.2,2021,12,Dec,2021-12,14.38
2023-12-30,Smartwatch,Electronics,North,286.01,4,23.6,2023,12,Dec,2023-12,8.25
2022-09-02,Dumbbell Set,Sports,West,379.9,2,113.29,2022,9,Sep,2022-09,29.82
2022-03-19,Laptop,Electronics,North,501.48,2,68.48,2022,3,Mar,2022-03,13.66
2022-05-22,Webcam,Electronics,North,1210.7,3,104.94,2022,5,May,2022-05,8.67
2022-12-05,Webcam,Electronics,North,2154.4,4,189.17,2022,12,Dec,2022-12,8.78
2023-01-11,Tennis Racket,Sports,West,679.09,4,226.1,2023,1,Jan,2023-01,33.29
2023-09-16,Running Shoes,Sports,West,710.6,2,184.47,2023,9,Sep,2023-09,25.96
2021-09-25,Sweater,Clothing,Central,280.77,2,135.99,2021,9,Sep,2021-09,48.43
2022-05-26,Monitor,Electronics,South,1050.27,1,104.52,2022,5,May,2022-05,9.95
2022-09-30,Coffee,Groceries,West,64.08,4,4.88,2022,9,Sep,2022-09,7.62
2021-02-21,Bed Frame,Furniture,North,641.07,2,255.58,2021,2,Feb,2021-02,39.87
2022-03-03,Coffee,Groceries,South,25.5,1,3.07,2022,3,Mar,2022-03,12.04
2023-12-26,Bookshelf,Furniture,Central,3449.77,5,867.78,2023,12,Dec,2023-12,25.15
2022-07-15,Smartphone,Electronics,South,5264.81,4,860.45,2022,7,Jul,2022-07,16.34
2022-04-02,Lamp,Furniture,West,1969.83,4,401.49,2022,4,Apr,2022-04,20.38
2023-06-26,Dumbbell Set,Sports,Central,171.27,1,75.95,2023,6,Jun,2023-06,44.35
2023-11-20,Headphones,Electronics,West,996.28,6,196.78,2023,11,Nov,2023-11,19.75
2021-02-17,Laptop,Electronics,East,1043.23,3,171.77,2021,2,Feb,2021-02,16.47
2023-11-06,Tennis Racket,Sports,West,552.61,3,172.33,2023,11,Nov,2023-11,31.18
2021-06-08,Monitor,Electronics,North,1439.23,1,165.65,2021,6,Jun,2021-06,11.51
2023-11-02,Juice,Groceries,South,20.12,3,2.23,2023,11,Nov,2023-11,11.08
2022-07-09,Chair,Furniture,East,1324.18,2,437.08,2022,7,Jul,2022-07,33.01
2021-05-18,Chair,Furniture,East,371.15,1,116.91,2021,5,May,2021-05,31.5
2022-03-29,Milk,Groceries,East,98.79,5,9.52,2022,3,Mar,2022-03,9.64
2022-09-19,Bread,Groceries,East,110.77,4,12.03,2022,9,Sep,2022-09,10.86
2023-08-04,Jacket,Clothing,Central,20.23,1,7.35,2023,8,Aug,2023-08,36.33
2021-02-14,Monitor,Electronics,East,497.47,2,50.38,2021,2,Feb,2021-02,10.13
2022-12-15,Headphones,Electronics,South,7042.9,7,923.93,2022,12,Dec,2022-12,13.12
2023-09-19,Wardrobe,Furniture,West,817.83,3,294.76,2023,9,Sep,2023-09,36.04
2021-09-01,Juice,Groceries,Central,109.52,6,12.19,2021,9,Sep,2021-09,11.13
2022-08-03,Smartphone,Electronics,South,429.31,2,65.67,2022,8,Aug,2022-08,15.3
2023-04-13,Jacket,Clothing,North,372.78,3,172.27,2023,4,Apr,2023-04,46.21
2023-02-01,Laptop,Electronics,North,829.83,2,133.44,2023,2,Feb,2023-02,16.08
2021-10-10,Headphones,Electronics,South,325.18,2,50.53,2021,10,Oct,2021-10,15.54
2021-05-11,Wardrobe,Furniture,Central,520.68,1,150.64,2021,5,May,2021-05,28.93
2023-09-25,Sweater,Clothing,North,136.23,1,61.49,2023,9,Sep,2023-09,45.14
2022-07-21,Webcam,Electronics,West,8943.55,7,1687.95,2022,7,Jul,2022-07,18.87
2022-10-08,Monitor,Electronics,North,10148.81,7,1614.01,2022,10,Oct,2022-10,15.9
2023-01-27,Webcam,Electronics,Central,5616.14,4,800.74,2023,1,Jan,2023-01,14.26
2021-03-14,Dress,Clothing,South,32.83,3,13.68,2021,3,Mar,2021-03,41.67
2021-03-08,Webcam,Electronics,West,677.65,4,71.46,2021,3,Mar,2021-03,10.55
2021-12-15,Olive Oil,Groceries,West,93.53,4,12.68,2021,12,Dec,2021-12,13.56
2023-03-04,Headphones,Electronics,Central,214.47,1,19.85,2023,3,Mar,2023-03,9.26
2022-01-20,Cereal,Groceries,North,19.87,1,1.01,2022,1,Jan,2022-01,5.08
2023-03-12,Bed Frame,Furniture,West,1585.94,2,552.05,2023,3,Mar,2023-03,34.81
2021-04-03,Chair,Furniture,North,604.18,3,222.07,2021,4,Apr,2021-04,36.76
2021-04-05,Bed Frame,Furniture,East,680.91,5,235.41,2021,4,Apr,2021-04,34.57
2023-09-15,Sofa,Furniture,South,1925.16,3,625.57,2023,9,Sep,2023-09,32.49
2023-01-16,Jacket,Clothing,South,430.11,3,162.55,2023,1,Jan,2023-01,37.79
2022-02-18,Juice,Groceries,West,17.89,2,2.18,2022,2,Feb,2022-02,12.19
2021-05-16,Shorts,Clothing,Central,97.78,1,39.1,2021,5,May,2021-05,39.99
2021-03-15,Dumbbell Set,Sports,North,386.95,1,146.38,2021,3,Mar,2021-03,37.83
2023-12-28,Cereal,Groceries,South,19.98,1,1.26,2023,12,Dec,2023-12,6.31
2021-12-14,Webcam,Electronics,South,3600.55,3,574.04,2021,12,Dec,2021-12,15.94
2021-04-24,Tablet,Electronics,West,58.21,1,11.06,2021,4,Apr,2021-04,19.0
2021-05-19,Tablet,Electronics,North,2097.71,4,284.57,2021,5,May,2021-05,13.57
2021-11-27,Headphones,Electronics,West,1046.77,2,185.68,2021,11,Nov,2021-11,17.74
2023-01-15,Running Shoes,Sports,Central,684.1,2,299.01,2023,1,Jan,2023-01,43.71
2023-06-03,Juice,Groceries,North,19.12,1,2.39,2023,6,Jun,2023-06,12.5
2021-05-01,Bed Frame,Furniture,South,1633.58,4,549.78,2021,5,May,2021-05,33.65
2023-03-28,Smartphone,Electronics,West,708.37,3,78.82,2023,3,Mar,2023-03,11.13
2021-02-17,Yoga Mat,Sports,East,520.97,2,149.71,2021,2,Feb,2021-02,28.74
2022-07-08,Running Shoes,Sports,East,122.71,2,40.31,2022,7,Jul,2022-07,32.85
2023-04-24,T-Shirt,Clothing,East,71.75,7,31.76,2023,4,Apr,2023-04,44.26
2023-10-31,Bicycle,Sports,North,642.84,3,215.27,2023,10,Oct,2023-10,33.49
2022-03-07,Bed Frame,Furniture,West,318.82,1,116.87,2022,3,Mar,2022-03,36.66
2022-01-13,Bed Frame,Furniture,Central,247.02,1,74.49,2022,1,Jan,2022-01,30.16
2023-02-19,Dumbbell Set,Sports,West,352.59,1,145.75,2023,2,Feb,2023-02,41.34
2022-08-31,Olive Oil,Groceries,West,22.69,3,2.86,2022,8,Aug,2022-08,12.6
2023-07-16,Juice,Groceries,South,436.46000000000004,3,2.59,2023,7,Jul,2023-07,0.59
2023-03-08,T-Shirt,Clothing,East,227.5,2,94.12,2023,3,Mar,2023-03,41.37
2023-08-04,Jeans,Clothing,West,96.99,1,42.93,2023,8,Aug,2023-08,44.26
2023-01-09,T-Shirt,Clothing,Central,321.3,2,107.17,2023,1,Jan,2023-01,33.36
2022-07-21,Desk,Furniture,North,2208.11,4,524.12,2022,7,Jul,2022-07,23.74
2023-08-08,Coffee,Groceries,Central,9.97,3,0.86,2023,8,Aug,2023-08,8.63
2021-03-19,Dumbbell Set,Sports,Central,178.74,1,74.79,2021,3,Mar,2021-03,41.84
2023-02-02,Bicycle,Sports,Central,242.79,1,60.76,2023,2,Feb,2023-02,25.03
2022-11-18,Headphones,Electronics,Central,997.24,1,97.66,2022,11,Nov,2022-11,9.79
2021-03-26,Tennis Racket,Sports,Central,113.26,1,37.97,2021,3,Mar,2021-03,33.52
2023-10-11,Wardrobe,Furniture,South,763.2,5,196.81,2023,10,Oct,2023-10,25.79
2022-12-02,Bed Frame,Furniture,South,3698.58,8,1316.03,2022,12,Dec,2022-12,35.58
2022-11-29,Yoga Mat,Sports,North,677.51,3,219.42,2022,11,Nov,2022-11,32.39
2022-05-19,Milk,Groceries,Central,5.65,1,0.76,2022,5,May,2022-05,13.45
2021-08-31,Running Shoes,Sports,Central,1163.93,4,298.31,2021,8,Aug,2021-08,25.63
2021-04-22,Chair,Furniture,East,1690.57,4,640.9,2021,4,Apr,2021-04,37.91
2023-03-01,Bookshelf,Furniture,East,205.41,1,70.09,2023,3,Mar,2023-03,34.12
2023-07-25,Headphones,Electronics,Central,1378.65,5,150.05,2023,7,Jul,2023-07,10.88
2023-12-29,Smartwatch,Electronics,East,760.67,1,109.96,2023,12,Dec,2023-12,14.46
2021-08-11,Smartwatch,Electronics,Central,5661.54,5,565.44,2021,8,Aug,2021-08,9.99
2022-04-11,Dumbbell Set,Sports,West,168.48,2,49.99,2022,4,Apr,2022-04,29.67
2022-11-22,Smartwatch,Electronics,South,2451.9,6,449.86,2022,11,Nov,2022-11,18.35
2021-01-29,T-Shirt,Clothing,Central,498.24,4,168.24,2021,1,Jan,2021-01,33.77
2021-06-12,Yoga Mat,Sports,West,1362.94,4,609.86,2021,6,Jun,2021-06,44.75
2023-02-03,Laptop,Electronics,South,221.68,1,28.11,2023,2,Feb,2023-02,12.68
2021-08-08,Rice,Groceries,North,4.15,1,0.29,2021,8,Aug,2021-08,6.99
2023-10-19,Milk,Groceries,East,48.24,2,3.22,2023,10,Oct,2023-10,6.67
2021-07-21,Dumbbell Set,Sports,North,314.72,1,83.93,2021,7,Jul,2021-07,26.67
2021-07-23,Smartwatch,Electronics,North,300.05,1,25.14,2021,7,Jul,2021-07,8.38
2023-11-21,Coffee,Groceries,East,9.01,2,0.8,2023,11,Nov,2023-11,8.88
2023-07-17,T-Shirt,Clothing,East,560.58,3,168.96,2023,7,Jul,2023-07,30.14
2023-10-27,Yoga Mat,Sports,South,312.65,2,98.27,2023,10,Oct,2023-10,31.43
2023-08-22,Webcam,Electronics,North,248.75,1,39.5,2023,8,Aug,2023-08,15.88
2021-11-04,Dress,Clothing,South,287.3,4,125.39,2021,11,Nov,2021-11,43.64
2022-06-08,Chair,Furniture,North,981.72,5,235.3,2022,6,Jun,2022-06,23.97
2021-08-22,Tennis Racket,Sports,South,61.46,1,15.59,2021,8,Aug,2021-08,25.37
2021-09-14,Tablet,Electronics,East,1419.23,2,248.35,2021,9,Sep,2021-09,17.5
2023-02-14,Smartwatch,Electronics,East,1137.49,1,142.16,2023,2,Feb,2023-02,12.5
2022-06-13,Tennis Racket,Sports,South,988.73,3,365.17,2022,6,Jun,2022-06,36.93
2022-09-08,Dumbbell Set,Sports,West,36.36,1,9.83,2022,9,Sep,2022-09,27.04
2021-09-18,Chair,Furniture,East,756.32,2,280.53,2021,9,Sep,2021-09,37.09
2023-10-03,Sweater,Clothing,South,482.11,3,220.01,2023,10,Oct,2023-10,45.63
2022-07-10,Bookshelf,Furniture,West,1483.15,2,549.95,2022,7,Jul,2022-07,37.08
2023-02-22,Bread,Groceries,West,10.68,2,1.48,2023,2,Feb,2023-02,13.86
2023-02-25,Wardrobe,Furniture,North,657.74,1,177.12,2023,2,Feb,2023-02,26.93
2023-09-18,Juice,Groceries,East,119.74,6,14.73,2023,9,Sep,2023-09,12.3
2021-01-31,Juice,Groceries,East,26.58,1,3.88,2021,1,Jan,2021-01,14.6
2021-10-14,Yoga Mat,Sports,West,1086.11,4,377.65,2021,10,Oct,2021-10,34.77
2021-09-30,Shorts,Clothing,South,50.48,2,22.23,2021,9,Sep,2021-09,44.04
2021-11-07,Wardrobe,Furniture,West,1544.96,4,369.74,2021,11,Nov,2021-11,23.93
2022-12-19,T-Shirt,Clothing,West,447.01,7,219.56,2022,12,Dec,2022-12,49.12
2022-04-28,Olive Oil,Groceries,East,98.6,6,8.88,2022,4,Apr,2022-04,9.01
2022-12-29,Bed Frame,Furniture,East,1569.97,5,429.14,2022,12,Dec,2022-12,27.33
2023-06-20,Desk,Furniture,Central,2916.22,4,1067.04,2023,6,Jun,2023-06,36.59
2023-11-24,Lamp,Furniture,Central,216.28,1,48.4,2023,11,Nov,2023-11,22.38
2021-04-18,Chair,Furniture,East,333.61,2,102.33,2021,4,Apr,2021-04,30.67
2022-11-24,Dumbbell Set,Sports,West,153.58,4,53.85,2022,11,Nov,2022-11,35.06
2022-04-22,Lamp,Furniture,Central,1196.91,2,309.58,2022,4,Apr,2022-04,25.86
2023-03-10,Jacket,Clothing,West,44.8,2,17.42,2023,3,Mar,2023-03,38.88
2021-11-09,Sofa,Furniture,East,1468.52,2,406.34,2021,11,Nov,2021-11,27.67
2021-02-03,Milk,Groceries,West,118.82,4,8.25,2021,2,Feb,2021-02,6.94
2022-03-22,Sweater,Clothing,East,193.47,1,85.39,2022,3,Mar,2022-03,44.14
2021-06-30,Olive Oil,Groceries,Central,8.19,4,0.87,2021,6,Jun,2021-06,10.62
2023-11-21,Jeans,Clothing,East,349.18,3,181.96,2023,11,Nov,2023-11,52.11
2022-07-21,Dress,Clothing,North,200.72,2,97.99,2022,7,Jul,2022-07,48.82
2021-05-26,Headphones,Electronics,East,3918.49,4,577.05,2021,5,May,2021-05,14.73
2021-05-08,Dumbbell Set,Sports,Central,343.65,2,126.24,2021,5,May,2021-05,36.74
2023-12-20,Olive Oil,Groceries,Central,44.98,5,4.99,2023,12,Dec,2023-12,11.09
2021-06-20,Lamp,Furniture,Central,1853.44,5,612.96,2021,6,Jun,2021-06,33.07
2022-08-29,Bed Frame,Furniture,West,1088.6,5,382.77,2022,8,Aug,2022-08,35.16
2023-06-21,Webcam,Electronics,West,2084.25,5,411.19,2023,6,Jun,2023-06,19.73
2023-08-21,Bicycle,Sports,South,524.19,4,226.35,2023,8,Aug,2023-08,43.18
2021-07-18,Tennis Racket,Sports,North,201.72,2,73.9,2021,7,Jul,2021-07,36.63
2022-09-04,Shorts,Clothing,East,561.49,3,219.23,2022,9,Sep,2022-09,39.04
2021-05-20,Dumbbell Set,Sports,South,520.81,3,222.43,2021,5,May,2021-05,42.71
2022-09-13,Yoga Mat,Sports,East,349.35,6,87.47,2022,9,Sep,2022-09,25.04
2022-01-29,Jacket,Clothing,South,332.23,3,162.66,2022,1,Jan,2022-01,48.96
2023-04-06,Smartwatch,Electronics,Central,828.66,1,124.79,2023,4,Apr,2023-04,15.06
2022-04-23,Coffee,Groceries,East,66.15,3,6.97,2022,4,Apr,2022-04,10.54
2021-02-13,Laptop,Electronics,South,1397.56,1,182.51,2021,2,Feb,2021-02,13.06
2021-02-07,Rice,Groceries,North,23.19,2,1.89,2021,2,Feb,2021-02,8.15
2021-08-14,Tablet,Electronics,East,319.56,1,45.09,2021,8,Aug,2021-08,14.11
2021-06-15,Webcam,Electronics,South,1543.86,4,163.64,2021,6,Jun,2021-06,10.6
2023-06-24,Headphones,Electronics,South,386.85,4,50.77,2023,6,Jun,2023-06,13.12
2023-10-31,Jeans,Clothing,South,33.35,3,12.6,2023,10,Oct,2023-10,37.78
2023-03-21,Sweater,Clothing,North,98.83,2,39.14,2023,3,Mar,2023-03,39.6
2022-08-11,Laptop,Electronics,Central,436.46000000000004,4,78.48,2022,8,Aug,2022-08,17.98
2022-08-16,Cereal,Groceries,West,50.76,5,7.35,2022,8,Aug,2022-08,14.48
2022-01-07,Monitor,Electronics,East,332.22,1,36.48,2022,1,Jan,2022-01,10.98
2021-04-09,Rice,Groceries,Central,67.0,4,6.15,2021,4,Apr,2021-04,9.18
2022-08-09,Shoes,Clothing,West,270.16,3,96.94,2022,8,Aug,2022-08,35.88
2023-11-04,Running Shoes,Sports,North,315.74,3,99.39,2023,11,Nov,2023-11,31.48
2023-05-31,Dress,Clothing,South,432.77,4,188.37,2023,5,May,2023-05,43.53
2021-11-14,Lamp,Furniture,Central,1137.54,2,250.01,2021,11,Nov,2021-11,21.98
2023-06-17,Webcam,Electronics,North,5348.02,4,850.85,2023,6,Jun,2023-06,15.91
2023-12-27,Bread,Groceries,East,52.3,5,6.51,2023,12,Dec,2023-12,12.45
2023-05-11,Smartphone,Electronics,Central,409.18,1,72.5,2023,5,May,2023-05,17.72
2021-07-14,Running Shoes,Sports,South,455.35,5,115.69,2021,7,Jul,2021-07,25.41
2021-05-01,Lamp,Furniture,South,1416.6,2,384.23,2021,5,May,2021-05,27.12
2021-01-02,Sofa,Furniture,Central,549.5,1,178.94,2021,1,Jan,2021-01,32.56
2023-01-03,Shoes,Clothing,South,66.69,5,32.75,2023,1,Jan,2023-01,49.11
2021-03-05,Jeans,Clothing,South,125.5,5,60.67,2021,3,Mar,2021-03,48.34
2021-12-17,Headphones,Electronics,Central,6598.8,6,1071.81,2021,12,Dec,2021-12,16.24
2023-04-13,Shoes,Clothing,North,993.11,7,315.67,2023,4,Apr,2023-04,31.79
2021-09-06,Running Shoes,Sports,East,570.7,2,226.06,2021,9,Sep,2021-09,39.61
2023-04-16,Rice,Groceries,South,72.33,3,4.4,2023,4,Apr,2023-04,6.08
2023-09-02,Tennis Racket,Sports,Central,828.32,5,330.95,2023,9,Sep,2023-09,39.95
2023-08-16,Dumbbell Set,Sports,South,322.9,1,97.11,2023,8,Aug,2023-08,30.07
2022-05-06,Dumbbell Set,Sports,East,174.59,3,56.26,2022,5,May,2022-05,32.22
2021-05-29,Smartphone,Electronics,South,696.15,1,80.78,2021,5,May,2021-05,11.6
2021-06-23,Coffee,Groceries,West,24.55,2,3.38,2021,6,Jun,2021-06,13.77
2022-06-02,Jacket,Clothing,East,381.53,3,179.58,2022,6,Jun,2022-06,47.07
2021-07-11,Bread,Groceries,Central,40.37,2,3.65,2021,7,Jul,2021-07,9.04
2023-06-30,Milk,Groceries,North,5.76,1,0.82,2023,6,Jun,2023-06,14.24
2023-07-19,Olive Oil,Groceries,West,13.53,2,0.96,2023,7,Jul,2023-07,7.1
2021-04-08,Bread,Groceries,South,29.24,1,4.23,2021,4,Apr,2021-04,14.47
2022-09-06,Dress,Clothing,North,286.47,2,108.7,2022,9,Sep,2022-09,37.94
2022-10-15,Headphones,Electronics,North,1241.66,2,155.19,2022,10,Oct,2022-10,12.5
2022-05-21,Monitor,Electronics,South,511.91,4,98.73,2022,5,May,2022-05,19.29
2023-12-06,Milk,Groceries,Central,66.44,4,8.36,2023,12,Dec,2023-12,12.58
2023-06-07,Shoes,Clothing,North,310.88,4,128.7,2023,6,Jun,2023-06,41.4
2022-10-22,Olive Oil,Groceries,South,109.16,5,16.32,2022,10,Oct,2022-10,14.95
2021-12-24,Lamp,Furniture,South,3186.13,5,1216.39,2021,12,Dec,2021-12,38.18
2023-04-15,Wardrobe,Furniture,North,817.93,2,172.12,2023,4,Apr,2023-04,21.04
2023-05-11,Laptop,Electronics,North,1353.91,4,252.22,2023,5,May,2023-05,18.63
2023-12-05,Rice,Groceries,South,19.49,4,1.04,2023,12,Dec,2023-12,5.34
2021-05-03,Shoes,Clothing,South,192.49,2,100.71,2021,5,May,2021-05,52.32
2023-08-01,Tablet,Electronics,Central,7036.53,5,1132.06,2023,8,Aug,2023-08,16.09
2023-04-27,Olive Oil,Groceries,South,12.75,2,1.5,2023,4,Apr,2023-04,11.76
2022-04-17,Lamp,Furniture,South,1138.43,4,300.34,2022,4,Apr,2022-04,26.38
2023-09-30,Monitor,Electronics,Central,217.89,3,19.32,2023,9,Sep,2023-09,8.87
2022-06-04,Yoga Mat,Sports,East,1114.6,3,291.12,2022,6,Jun,2022-06,26.12
2022-10-28,Jacket,Clothing,North,685.63,4,374.33,2022,10,Oct,2022-10,54.6
2021-04-21,Shorts,Clothing,North,380.88,4,191.31,2021,4,Apr,2021-04,50.23
2021-09-18,Bicycle,Sports,East,867.25,3,313.92,2021,9,Sep,2021-09,36.2
2023-05-05,Webcam,Electronics,East,538.89,2,56.79,2023,5,May,2023-05,10.54
2022-10-10,Rice,Groceries,West,10.12,1,1.26,2022,10,Oct,2022-10,12.45
2021-10-28,Sofa,Furniture,Central,2300.97,3,616.76,2021,10,Oct,2021-10,26.8
2022-07-27,Juice,Groceries,East,13.96,2,1.28,2022,7,Jul,2022-07,9.17
2022-02-12,Jacket,Clothing,South,636.78,4,262.59,2022,2,Feb,2022-02,41.24
2022-02-01,Bookshelf,Furniture,South,1486.92,3,581.34,2022,2,Feb,2022-02,39.1
2021-07-07,Tablet,Electronics,South,723.71,1,99.73,2021,7,Jul,2021-07,13.78
2022-05-04,T-Shirt,Clothing,North,160.21,1,71.79,2022,5,May,2022-05,44.81
2021-05-15,Tennis Racket,Sports,North,2956.24,9,949.03,2021,5,May,2021-05,32.1
2022-07-16,Laptop,Electronics,North,518.7,3,80.64,2022,7,Jul,2022-07,15.55
2022-01-10,Lamp,Furniture,South,1076.03,4,223.09,2022,1,Jan,2022-01,20.73
2021-05-06,Smartphone,Electronics,Central,443.62,1,78.38,2021,5,May,2021-05,17.67
2023-12-27,Jacket,Clothing,North,487.67,4,167.7,2023,12,Dec,2023-12,34.39
2021-01-09,Lamp,Furniture,West,232.54,1,71.5,2021,1,Jan,2021-01,30.75
2022-11-30,Juice,Groceries,West,58.37,4,6.56,2022,11,Nov,2022-11,11.24
2022-04-18,Bread,Groceries,East,9.43,2,0.87,2022,4,Apr,2022-04,9.23
2023-06-15,Dumbbell Set,Sports,Central,268.61,4,99.43,2023,6,Jun,2023-06,37.02
2023-07-05,Tablet,Electronics,South,1620.43,2,189.1,2023,7,Jul,2023-07,11.67
2023-02-12,Jeans,Clothing,East,254.86,2,117.44,2023,2,Feb,2023-02,46.08
2023-11-28,Coffee,Groceries,Central,27.33,4,2.75,2023,11,Nov,2023-11,10.06
2023-10-29,Dumbbell Set,Sports,West,190.59,1,48.33,2023,10,Oct,2023-10,25.36
2023-02-21,Dress,Clothing,North,419.52,3,164.83,2023,2,Feb,2023-02,39.29
2023-08-12,Shorts,Clothing,North,350.57,6,180.2,2023,8,Aug,2023-08,51.4
2021-03-06,Juice,Groceries,Central,436.46000000000004,6,7.2,2021,3,Mar,2021-03,1.65
2021-05-19,T-Shirt,Clothing,South,386.86,3,188.08,2021,5,May,2021-05,48.62
2023-11-04,Shorts,Clothing,North,163.36,7,60.4,2023,11,Nov,2023-11,36.97
2021-10-01,Dumbbell Set,Sports,West,2165.98,6,715.61,2021,10,Oct,2021-10,33.04
2021-02-11,Bread,Groceries,West,28.07,1,3.56,2021,2,Feb,2021-02,12.68
2022-04-03,Bed Frame,Furniture,East,573.62,1,217.87,2022,4,Apr,2022-04,37.98
2023-07-19,Desk,Furniture,North,1096.8,2,386.49,2023,7,Jul,2023-07,35.24
2021-08-04,Dumbbell Set,Sports,North,1111.18,4,322.56,2021,8,Aug,2021-08,29.03
2022-02-03,Lamp,Furniture,East,1542.09,4,336.01,2022,2,Feb,2022-02,21.79
2022-07-16,T-Shirt,Clothing,Central,525.66,5,185.13,2022,7,Jul,2022-07,35.22
2022-08-06,Sweater,Clothing,South,331.39,2,147.93,2022,8,Aug,2022-08,44.64
2022-07-27,Shorts,Clothing,North,294.18,3,102.28,2022,7,Jul,2022-07,34.77
2023-12-17,Monitor,Electronics,North,1406.41,3,138.3,2023,12,Dec,2023-12,9.83
2022-10-27,Bread,Groceries,East,10.8,1,1.52,2022,10,Oct,2022-10,14.07
2022-03-22,Smartwatch,Electronics,Central,845.58,1,124.69,2022,3,Mar,2022-03,14.75
2021-05-06,Laptop,Electronics,South,3808.02,3,714.35,2021,5,May,2021-05,18.76
2022-05-13,Bread,Groceries,North,14.22,2,2.04,2022,5,May,2022-05,14.35
2023-03-29,Webcam,Electronics,West,909.78,1,134.25,2023,3,Mar,2023-03,14.76
2022-07-31,Juice,Groceries,South,19.26,3,2.01,2022,7,Jul,2022-07,10.44
2022-05-27,Smartphone,Electronics,West,3759.33,5,673.79,2022,5,May,2022-05,17.92
2022-01-25,Dumbbell Set,Sports,East,261.96,1,90.95,2022,1,Jan,2022-01,34.72
2021-10-07,Monitor,Electronics,East,1137.13,1,114.91,2021,10,Oct,2021-10,10.11
2023-11-23,Cereal,Groceries,East,78.94,4,9.13,2023,11,Nov,2023-11,11.57
2023-06-19,Monitor,Electronics,North,928.38,2,115.49,2023,6,Jun,2023-06,12.44
2022-08-29,Bookshelf,Furniture,West,2938.68,5,670.46,2022,8,Aug,2022-08,22.82
2021-07-30,Tablet,Electronics,South,1479.02,5,137.35,2021,7,Jul,2021-07,9.29
2021-07-03,Dumbbell Set,Sports,East,167.16,4,53.57,2021,7,Jul,2021-07,32.05
2022-09-23,Sofa,Furniture,East,783.16,1,238.19,2022,9,Sep,2022-09,30.41
2022-03-16,Webcam,Electronics,West,4616.28,5,884.37,2022,3,Mar,2022-03,19.16
2021-10-03,Tablet,Electronics,North,1538.68,2,242.16,2021,10,Oct,2021-10,15.74
2023-05-18,Monitor,Electronics,Central,6084.93,7,1162.96,2023,5,May,2023-05,19.11
2023-04-03,Jacket,Clothing,West,125.32,2,40.12,2023,4,Apr,2023-04,32.01
2022-02-08,Tablet,Electronics,Central,4243.99,5,690.81,2022,2,Feb,2022-02,16.28
2021-04-23,Monitor,Electronics,East,436.46000000000004,2,130.83,2021,4,Apr,2021-04,29.98
2023-07-27,Desk,Furniture,East,2235.2,5,490.66,2023,7,Jul,2023-07,21.95
2023-04-06,Running Shoes,Sports,South,796.57,2,330.92,2023,4,Apr,2023-04,41.54
2021-08-31,Sofa,Furniture,West,559.66,2,212.82,2021,8,Aug,2021-08,38.03
2022-02-24,Tablet,Electronics,East,1425.88,1,267.77,2022,2,Feb,2022-02,18.78
2022-02-20,T-Shirt,Clothing,West,90.25,1,31.43,2022,2,Feb,2022-02,34.83
2023-05-29,Milk,Groceries,North,7.71,1,0.49,2023,5,May,2023-05,6.36
2022-04-27,Jacket,Clothing,North,391.63,2,140.59,2022,4,Apr,2022-04,35.9
2023-06-29,Milk,Groceries,North,3.39,3,0.2,2023,6,Jun,2023-06,5.9
2022-10-04,Tennis Racket,Sports,East,172.62,2,56.8,2022,10,Oct,2022-10,32.9
2022-07-14,Sweater,Clothing,East,282.34,2,111.38,2022,7,Jul,2022-07,39.45
2021-04-26,Dumbbell Set,Sports,Central,956.85,4,268.38,2021,4,Apr,2021-04,28.05
2023-05-09,Dress,Clothing,West,95.05,3,51.98,2023,5,May,2023-05,54.69
2023-10-29,Shorts,Clothing,West,1376.85,7,678.53,2023,10,Oct,2023-10,49.28
2023-03-22,Bread,Groceries,East,206.6,7,19.89,2023,3,Mar,2023-03,9.63
2023-09-22,Lamp,Furniture,Central,4120.91,7,1595.33,2023,9,Sep,2023-09,38.71
2023-08-09,Dumbbell Set,Sports,North,2226.45,6,895.78,2023,8,Aug,2023-08,40.23
2021-04-19,Olive Oil,Groceries,Central,59.04,2,8.26,2021,4,Apr,2021-04,13.99
2021-09-15,Desk,Furniture,East,100.91,1,32.55,2021,9,Sep,2021-09,32.26
2021-01-28,Chair,Furniture,West,519.1,1,160.38,2021,1,Jan,2021-01,30.9
2021-10-28,Dress,Clothing,East,142.45,3,56.29,2021,10,Oct,2021-10,39.52
2021-03-02,Sofa,Furniture,Central,108.9,1,43.47,2021,3,Mar,2021-03,39.92
2022-11-25,Bed Frame,Furniture,East,532.5,1,152.59,2022,11,Nov,2022-11,28.66
2023-01-17,Jacket,Clothing,North,488.14,3,179.86,2023,1,Jan,2023-01,36.85
2021-11-19,Shorts,Clothing,East,958.67,5,334.34,2021,11,Nov,2021-11,34.88
2023-07-05,Dress,Clothing,South,130.16,6,64.0,2023,7,Jul,2023-07,49.17
2022-08-18,Milk,Groceries,West,130.03,5,7.55,2022,8,Aug,2022-08,5.81
2023-09-21,Shorts,Clothing,West,550.93,4,191.01,2023,9,Sep,2023-09,34.67
2021-07-07,Jacket,Clothing,East,583.91,4,284.45,2021,7,Jul,2021-07,48.71
2021-07-03,Yoga Mat,Sports,East,370.78,3,166.12,2021,7,Jul,2021-07,44.8
2022-11-20,Juice,Groceries,North,8.47,3,1.19,2022,11,Nov,2022-11,14.05
2022-09-20,Tennis Racket,Sports,West,705.28,2,232.72,2022,9,Sep,2022-09,33.0
2023-02-18,Coffee,Groceries,West,13.77,1,1.75,2023,2,Feb,2023-02,12.71
2022-03-25,T-Shirt,Clothing,Central,397.73,3,166.34,2022,3,Mar,2022-03,41.82
2022-10-08,Jacket,Clothing,Central,834.82,6,369.56,2022,10,Oct,2022-10,44.27
2021-02-13,Smartwatch,Electronics,South,2300.08,2,279.99,2021,2,Feb,2021-02,12.17
2023-07-20,Laptop,Electronics,North,1899.46,6,184.03,2023,7,Jul,2023-07,9.69
2022-02-06,Dress,Clothing,East,263.3,2,106.84,2022,2,Feb,2022-02,40.58
2021-04-24,Headphones,Electronics,East,10446.75,7,1031.21,2021,4,Apr,2021-04,9.87
2023-05-02,Laptop,Electronics,North,6981.06,6,1125.79,2023,5,May,2023-05,16.13
2023-12-20,Sofa,Furniture,West,4304.19,6,1625.9,2023,12,Dec,2023-12,37.77
2021-11-13,T-Shirt,Clothing,North,250.27,4,118.5,2021,11,Nov,2021-11,47.35
2021-05-08,Dumbbell Set,Sports,East,109.38,1,33.21,2021,5,May,2021-05,30.36
2021-08-02,Sweater,Clothing,Central,709.75,4,278.77,2021,8,Aug,2021-08,39.28
2023-10-12,Lamp,Furniture,Central,100.95,1,30.62,2023,10,Oct,2023-10,30.33
2022-06-11,Desk,Furniture,North,1296.17,2,398.83,2022,6,Jun,2022-06,30.77
2023-07-18,Wardrobe,Furniture,East,1082.82,3,253.54,2023,7,Jul,2023-07,23.41
2022-04-09,Dumbbell Set,Sports,South,315.19,1,81.44,2022,4,Apr,2022-04,25.84
2023-02-08,Milk,Groceries,East,7.23,3,0.65,2023,2,Feb,2023-02,8.99
2023-05-29,Tennis Racket,Sports,West,487.33,3,174.55,2023,5,May,2023-05,35.82
2021-04-12,Yoga Mat,Sports,North,657.98,4,267.42,2021,4,Apr,2021-04,40.64
2023-09-16,Jeans,Clothing,Central,561.6,3,181.91,2023,9,Sep,2023-09,32.39
2022-10-27,Tennis Racket,Sports,West,1191.18,5,459.02,2022,10,Oct,2022-10,38.53
2023-03-18,Dumbbell Set,Sports,South,1074.16,3,361.72,2023,3,Mar,2023-03,33.67
2022-01-08,Cereal,Groceries,East,38.66,3,2.48,2022,1,Jan,2022-01,6.41
2023-04-09,T-Shirt,Clothing,Central,29.51,2,11.84,2023,4,Apr,2023-04,40.12
2022-08-18,Coffee,Groceries,Central,60.21,4,8.9,2022,8,Aug,2022-08,14.78
2022-05-20,Desk,Furniture,North,3403.07,8,740.05,2022,5,May,2022-05,21.75
2022-12-10,Tablet,Electronics,North,2884.17,5,371.39,2022,12,Dec,2022-12,12.88
2021-01-31,Smartwatch,Electronics,East,1413.51,1,207.68,2021,1,Jan,2021-01,14.69
2021-10-20,Bicycle,Sports,East,623.93,3,201.25,2021,10,Oct,2021-10,32.26
2023-06-02,Sofa,Furniture,West,3368.62,5,1273.68,2023,6,Jun,2023-06,37.81
2022-08-08,Yoga Mat,Sports,North,754.23,4,328.95,2022,8,Aug,2022-08,43.61
2021-07-14,Milk,Groceries,East,22.5,3,2.89,2021,7,Jul,2021-07,12.84
2021-01-16,Running Shoes,Sports,East,243.57,1,95.7,2021,1,Jan,2021-01,39.29
2023-04-12,Dress,Clothing,North,538.83,3,277.82,2023,4,Apr,2023-04,51.56
2022-11-06,Tennis Racket,Sports,Central,632.71,5,224.8,2022,11,Nov,2022-11,35.53
2023-01-31,Bookshelf,Furniture,North,447.05,2,154.91,2023,1,Jan,2023-01,34.65
2021-04-07,Laptop,Electronics,Central,3559.48,4,689.1,2021,4,Apr,2021-04,19.36
2022-10-01,Monitor,Electronics,Central,472.15,3,60.22,2022,10,Oct,2022-10,12.75
2021-12-24,Sofa,Furniture,West,586.71,3,170.44,2021,12,Dec,2021-12,29.05
2022-12-09,Bicycle,Sports,West,2267.88,6,797.91,2022,12,Dec,2022-12,35.18
2021-09-03,Bicycle,Sports,Central,44.1,2,15.75,2021,9,Sep,2021-09,35.71
2022-10-31,Smartphone,Electronics,South,6967.7,5,743.36,2022,10,Oct,2022-10,10.67
2022-07-30,Webcam,Electronics,West,1497.49,1,201.04,2022,7,Jul,2022-07,13.43
2021-06-13,Headphones,Electronics,Central,3192.3,6,549.87,2021,6,Jun,2021-06,17.22
2023-02-22,Olive Oil,Groceries,North,22.37,4,3.11,2023,2,Feb,2023-02,13.9
2021-03-05,Shoes,Clothing,South,262.43,2,100.53,2021,3,Mar,2021-03,38.31
2023-11-11,Olive Oil,Groceries,North,101.64,4,9.94,2023,11,Nov,2023-11,9.78
2022-06-24,Bread,Groceries,North,45.98,2,5.44,2022,6,Jun,2022-06,11.83
2022-05-26,Wardrobe,Furniture,Central,890.16,4,297.51,2022,5,May,2022-05,33.42
2022-03-25,Yoga Mat,Sports,North,495.09,2,126.95,2022,3,Mar,2022-03,25.64
2023-11-14,Bread,Groceries,East,97.09,5,10.13,2023,11,Nov,2023-11,10.43
2022-12-06,Sweater,Clothing,West,307.88,3,163.09,2022,12,Dec,2022-12,52.97
2021-09-21,Webcam,Electronics,North,3968.62,3,407.32,2021,9,Sep,2021-09,10.26
2021-10-18,Yoga Mat,Sports,South,745.92,4,319.3,2021,10,Oct,2021-10,42.81
2023-05-18,Shoes,Clothing,East,191.44,2,62.7,2023,5,May,2023-05,32.75
2023-06-22,Tennis Racket,Sports,West,53.51,1,19.99,2023,6,Jun,2023-06,37.36
2023-07-18,Webcam,Electronics,West,1558.9,2,166.76,2023,7,Jul,2023-07,10.7
2021-12-25,Desk,Furniture,South,541.33,4,134.78,2021,12,Dec,2021-12,24.9
2023-08-24,Milk,Groceries,South,30.21,4,2.43,2023,8,Aug,2023-08,8.04
2023-10-21,Running Shoes,Sports,Central,260.3,3,86.89,2023,10,Oct,2023-10,33.38
2022-02-24,Monitor,Electronics,East,2319.75,2,245.9,2022,2,Feb,2022-02,10.6
2022-07-26,Tennis Racket,Sports,South,114.44,2,31.17,2022,7,Jul,2022-07,27.24
2021-02-27,Headphones,Electronics,South,2857.64,2,399.43,2021,2,Feb,2021-02,13.98
2022-02-02,Jacket,Clothing,South,267.39,2,142.64,2022,2,Feb,2022-02,53.35
2023-02-09,Dress,Clothing,West,32.78,1,15.48,2023,2,Feb,2023-02,47.22
2023-11-07,Bicycle,Sports,South,476.42,3,189.89,2023,11,Nov,2023-11,39.86
2023-06-16,Laptop,Electronics,Central,5813.75,4,796.74,2023,6,Jun,2023-06,13.7
2022-02-07,Running Shoes,Sports,West,1048.9,3,431.14,2022,2,Feb,2022-02,41.1
2022-10-02,Shorts,Clothing,South,144.17,2,47.49,2022,10,Oct,2022-10,32.94
2021-10-02,Desk,Furniture,North,231.4,1,81.86,2021,10,Oct,2021-10,35.38
2022-01-20,Cereal,Groceries,Central,3.13,1,0.23,2022,1,Jan,2022-01,7.35
2022-12-29,Bicycle,Sports,West,64.74,3,29.07,2022,12,Dec,2022-12,44.9
2023-10-08,Bread,Groceries,North,22.36,5,1.77,2023,10,Oct,2023-10,7.92
2021-08-11,Desk,Furniture,South,3405.52,5,1297.26,2021,8,Aug,2021-08,38.09
2022-06-12,Running Shoes,Sports,East,2171.59,10,939.02,2022,6,Jun,2022-06,43.24
2022-06-11,Bicycle,Sports,North,230.84,2,81.58,2022,6,Jun,2022-06,35.34
2022-12-28,Yoga Mat,Sports,Central,2094.89,8,790.46,2022,12,Dec,2022-12,37.73
2021-02-13,Monitor,Electronics,East,389.08,1,31.15,2021,2,Feb,2021-02,8.01
2022-04-28,Juice,Groceries,South,35.64,3,5.22,2022,4,Apr,2022-04,14.65
2023-12-18,Shorts,Clothing,Central,1848.57,10,705.15,2023,12,Dec,2023-12,38.15
2023-01-26,Lamp,Furniture,West,949.42,4,262.39,2023,1,Jan,2023-01,27.64
2023-09-28,Lamp,Furniture,West,2058.37,4,478.48,2023,9,Sep,2023-09,23.25
2023-05-25,T-Shirt,Clothing,West,436.46000000000004,1,60.64,2023,5,May,2023-05,13.89
2021-02-05,T-Shirt,Clothing,West,359.15,2,122.89,2021,2,Feb,2021-02,34.22
2022-11-12,Shorts,Clothing,South,525.55,4,159.81,2022,11,Nov,2022-11,30.41
2021-08-04,Bicycle,Sports,South,166.56,1,65.62,2021,8,Aug,2021-08,39.4
2021-04-13,Jacket,Clothing,East,128.22,1,54.13,2021,4,Apr,2021-04,42.22
2022-10-26,Headphones,Electronics,South,4762.49,6,795.77,2022,10,Oct,2022-10,16.71
2023-04-17,Bread,Groceries,Central,58.93,4,5.44,2023,4,Apr,2023-04,9.23
2021-08-21,Headphones,Electronics,North,4336.35,4,541.27,2021,8,Aug,2021-08,12.48
2021-02-02,Smartwatch,Electronics,Central,518.83,2,66.35,2021,2,Feb,2021-02,12.79
2021-06-22,Juice,Groceries,East,38.12,2,5.46,2021,6,Jun,2021-06,14.32
2021-06-10,Shorts,Clothing,South,87.51,2,27.34,2021,6,Jun,2021-06,31.24
2022-11-01,Rice,Groceries,West,50.45,4,2.99,2022,11,Nov,2022-11,5.93
2021-08-14,Olive Oil,Groceries,West,17.99,6,1.01,2021,8,Aug,2021-08,5.61
2021-05-24,Olive Oil,Groceries,East,21.32,1,2.9,2021,5,May,2021-05,13.6
2023-01-20,Wardrobe,Furniture,West,677.12,1,179.54,2023,1,Jan,2023-01,26.52
2021-12-15,Milk,Groceries,West,57.04,5,7.79,2021,12,Dec,2021-12,13.66
2021-12-11,Dress,Clothing,West,1578.95,11,731.34,2021,12,Dec,2021-12,46.32
2021-03-15,Smartphone,Electronics,East,3351.37,3,353.2,2021,3,Mar,2021-03,10.54
2022-07-23,Jeans,Clothing,North,436.71,6,181.21,2022,7,Jul,2022-07,41.49
2023-06-12,Tennis Racket,Sports,Central,2412.58,7,834.13,2023,6,Jun,2023-06,34.57
2023-04-21,Webcam,Electronics,North,977.48,1,159.21,2023,4,Apr,2023-04,16.29
2022-10-30,T-Shirt,Clothing,West,195.33,3,102.76,2022,10,Oct,2022-10,52.61
2021-05-25,Lamp,Furniture,West,2174.51,6,525.4,2021,5,May,2021-05,24.16
2023-03-15,Dumbbell Set,Sports,Central,1224.41,5,365.47,2023,3,Mar,2023-03,29.85
2021-07-05,Yoga Mat,Sports,East,1505.75,4,616.82,2021,7,Jul,2021-07,40.96
2023-06-20,Wardrobe,Furniture,South,1309.19,2,396.68,2023,6,Jun,2023-06,30.3
2022-02-13,Juice,Groceries,Central,22.3,1,3.11,2022,2,Feb,2022-02,13.95
2023-10-24,Coffee,Groceries,South,57.66,2,5.76,2023,10,Oct,2023-10,9.99
2022-10-20,T-Shirt,Clothing,North,98.43,2,34.64,2022,10,Oct,2022-10,35.19
2023-04-04,Chair,Furniture,South,411.7,4,106.31,2023,4,Apr,2023-04,25.82
2022-05-28,Jacket,Clothing,South,195.69,2,60.87,2022,5,May,2022-05,31.11
2023-06-01,Shorts,Clothing,Central,557.54,4,288.76,2023,6,Jun,2023-06,51.79
2022-07-15,Bookshelf,Furniture,East,3515.4,6,930.84,2022,7,Jul,2022-07,26.48
2022-12-16,Dress,Clothing,East,889.59,5,272.67,2022,12,Dec,2022-12,30.65
2023-03-21,Webcam,Electronics,West,1344.71,2,259.13,2023,3,Mar,2023-03,19.27
2023-11-29,Smartphone,Electronics,East,444.06,1,76.49,2023,11,Nov,2023-11,17.23
2021-04-21,Milk,Groceries,East,8.88,4,0.97,2021,4,Apr,2021-04,10.92
2021-03-25,T-Shirt,Clothing,South,391.3,4,154.02,2021,3,Mar,2021-03,39.36
2023-03-18,Bread,Groceries,South,26.07,1,1.83,2023,3,Mar,2023-03,7.02
2023-08-13,Juice,Groceries,Central,27.97,1,3.93,2023,8,Aug,2023-08,14.05
2022-05-20,Tablet,Electronics,South,819.17,1,116.69,2022,5,May,2022-05,14.24
2021-10-01,Juice,Groceries,North,46.61,3,6.7,2021,10,Oct,2021-10,14.37
2021-09-19,Juice,Groceries,East,28.77,2,3.72,2021,9,Sep,2021-09,12.93
2022-09-20,Yoga Mat,Sports,South,405.37,5,170.83,2022,9,Sep,2022-09,42.14
2021-03-12,Chair,Furniture,East,1452.55,4,437.58,2021,3,Mar,2021-03,30.12
2022-07-16,Dress,Clothing,South,337.8,3,172.01,2022,7,Jul,2022-07,50.92
2021-08-15,Shorts,Clothing,North,580.77,6,191.22,2021,8,Aug,2021-08,32.93
2021-01-17,T-Shirt,Clothing,West,71.77,2,31.41,2021,1,Jan,2021-01,43.76
2023-04-03,Shorts,Clothing,South,265.14,5,145.61,2023,4,Apr,2023-04,54.92
2021-02-19,Jeans,Clothing,North,254.17,3,92.52,2021,2,Feb,2021-02,36.4
2021-03-28,Shorts,Clothing,North,95.93,2,37.56,2021,3,Mar,2021-03,39.15
2021-11-01,Bicycle,Sports,Central,760.13,3,295.87,2021,11,Nov,2021-11,38.92
2021-01-12,Monitor,Electronics,East,4475.82,5,563.22,2021,1,Jan,2021-01,12.58
2023-01-16,Juice,Groceries,North,52.34,2,4.05,2023,1,Jan,2023-01,7.74
2021-08-04,Lamp,Furniture,Central,1212.61,6,359.72,2021,8,Aug,2021-08,29.66
2023-03-26,Rice,Groceries,West,21.89,3,1.19,2023,3,Mar,2023-03,5.44
2022-10-12,Laptop,Electronics,West,1388.06,2,261.65,2022,10,Oct,2022-10,18.85
2021-09-07,Yoga Mat,Sports,Central,24.24,1,10.84,2021,9,Sep,2021-09,44.72
2022-12-19,Headphones,Electronics,West,807.29,5,127.69,2022,12,Dec,2022-12,15.82
2021-02-23,Shoes,Clothing,South,41.9,1,13.34,2021,2,Feb,2021-02,31.84
2023-05-02,Tablet,Electronics,North,1206.67,2,168.0,2023,5,May,2023-05,13.92
2022-04-27,Cereal,Groceries,North,28.08,1,2.81,2022,4,Apr,2022-04,10.01
2021-08-27,Tennis Racket,Sports,Central,597.68,2,195.02,2021,8,Aug,2021-08,32.63
2023-09-14,Desk,Furniture,South,692.45,2,146.18,2023,9,Sep,2023-09,21.11
2022-04-11,Headphones,Electronics,North,436.46000000000004,1,130.83,2022,4,Apr,2022-04,29.98
2022-06-19,Bicycle,Sports,North,253.54,1,78.12,2022,6,Jun,2022-06,30.81
2023-05-20,Tennis Racket,Sports,Central,125.78,1,56.33,2023,5,May,2023-05,44.78
2021-06-22,Olive Oil,Groceries,West,26.76,1,2.43,2021,6,Jun,2021-06,9.08
2022-03-17,Smartphone,Electronics,East,2252.44,2,256.34,2022,3,Mar,2022-03,11.38
2021-04-24,Sweater,Clothing,West,185.0,1,63.51,2021,4,Apr,2021-04,34.33
2023-04-01,Bread,Groceries,West,21.54,4,2.27,2023,4,Apr,2023-04,10.54
2023-08-01,Jeans,Clothing,South,241.63,4,115.91,2023,8,Aug,2023-08,47.97
2022-06-12,Desk,Furniture,Central,1109.83,3,358.49,2022,6,Jun,2022-06,32.3
2022-10-19,Smartwatch,Electronics,North,4311.26,3,715.19,2022,10,Oct,2022-10,16.59
2023-08-15,Bread,Groceries,Central,57.96,2,6.22,2023,8,Aug,2023-08,10.73
2023-01-11,Olive Oil,Groceries,North,57.68,2,4.12,2023,1,Jan,2023-01,7.14
2021-07-10,Shorts,Clothing,East,109.19,1,41.91,2021,7,Jul,2021-07,38.38
2022-01-10,Yoga Mat,Sports,North,1975.58,5,668.2,2022,1,Jan,2022-01,33.82
2023-12-27,Jeans,Clothing,East,407.11,7,204.56,2023,12,Dec,2023-12,50.25
2022-08-05,Shoes,Clothing,South,115.51,3,42.15,2022,8,Aug,2022-08,36.49
2022-06-07,Bed Frame,Furniture,West,2391.07,3,824.92,2022,6,Jun,2022-06,34.5
2023-09-08,Bicycle,Sports,North,1976.1,5,715.09,2023,9,Sep,2023-09,36.19
2021-07-17,Wardrobe,Furniture,East,1363.91,5,293.62,2021,7,Jul,2021-07,21.53
2023-05-25,Dumbbell Set,Sports,West,687.98,3,287.15,2023,5,May,2023-05,41.74
2023-07-03,Tennis Racket,Sports,South,1517.11,4,676.57,2023,7,Jul,2023-07,44.6
2023-03-06,Juice,Groceries,West,32.62,2,3.49,2023,3,Mar,2023-03,10.7
2021-01-29,Dumbbell Set,Sports,East,587.77,2,224.0,2021,1,Jan,2021-01,38.11
2023-08-15,Lamp,Furniture,Central,778.81,3,296.9,2023,8,Aug,2023-08,38.12
2023-01-14,Chair,Furniture,North,2936.55,4,708.12,2023,1,Jan,2023-01,24.11
2021-12-17,Milk,Groceries,South,56.79,2,7.92,2021,12,Dec,2021-12,13.95
2022-07-24,Sweater,Clothing,North,120.03,3,63.82,2022,7,Jul,2022-07,53.17
2022-06-08,Bed Frame,Furniture,East,363.31,1,129.19,2022,6,Jun,2022-06,35.56
2023-05-28,Sofa,Furniture,West,1797.45,5,377.59,2023,5,May,2023-05,21.01
2021-10-04,Monitor,Electronics,South,6222.04,5,842.71,2021,10,Oct,2021-10,13.54
2021-03-11,Chair,Furniture,West,2289.24,4,478.81,2021,3,Mar,2021-03,20.92
2023-05-09,Headphones,Electronics,South,829.17,1,129.19,2023,5,May,2023-05,15.58
2023-08-13,Coffee,Groceries,South,30.25,4,3.6,2023,8,Aug,2023-08,11.9
2022-07-07,Bicycle,Sports,North,218.45,2,80.94,2022,7,Jul,2022-07,37.05
2021-02-21,Webcam,Electronics,Central,1297.02,1,184.24,2021,2,Feb,2021-02,14.2
2023-01-08,Jacket,Clothing,South,51.76,2,24.84,2023,1,Jan,2023-01,47.99
2022-04-13,Headphones,Electronics,West,1038.85,5,108.09,2022,4,Apr,2022-04,10.4
2021-12-26,Bed Frame,Furniture,North,3470.56,5,1175.18,2021,12,Dec,2021-12,33.86
2023-05-07,Running Shoes,Sports,North,1167.7,4,474.6,2023,5,May,2023-05,40.64
2023-11-20,Running Shoes,Sports,Central,869.57,6,309.92,2023,11,Nov,2023-11,35.64
2022-04-07,Bicycle,Sports,East,652.24,2,292.57,2022,4,Apr,2022-04,44.86
2021-11-27,Bookshelf,Furniture,North,887.96,5,222.63,2021,11,Nov,2021-11,25.07
2021-04-17,Smartphone,Electronics,East,1067.2,1,106.2,2021,4,Apr,2021-04,9.95
2021-02-04,Shorts,Clothing,South,177.78,2,64.16,2021,2,Feb,2021-02,36.09
2021-04-04,Tennis Racket,Sports,South,2069.76,7,599.23,2021,4,Apr,2021-04,28.95
2023-09-23,Yoga Mat,Sports,South,385.02,3,119.52,2023,9,Sep,2023-09,31.04
2023-12-26,Running Shoes,Sports,North,1270.68,5,321.09,2023,12,Dec,2023-12,25.27
2022-07-31,T-Shirt,Clothing,Central,716.75,4,232.52,2022,7,Jul,2022-07,32.44
2021-12-24,Chair,Furniture,West,2029.35,6,539.88,2021,12,Dec,2021-12,26.6
2022-06-22,Monitor,Electronics,Central,178.01,1,24.53,2022,6,Jun,2022-06,13.78
2022-10-07,Dress,Clothing,South,66.4,2,32.11,2022,10,Oct,2022-10,48.36
2023-12-28,Bread,Groceries,South,4.53,3,0.41,2023,12,Dec,2023-12,9.05
2022-11-25,Wardrobe,Furniture,Central,2202.56,3,589.44,2022,11,Nov,2022-11,26.76
2021-04-14,Cereal,Groceries,East,23.77,3,2.74,2021,4,Apr,2021-04,11.53
2023-08-04,Coffee,Groceries,North,109.67,7,6.34,2023,8,Aug,2023-08,5.78
2022-09-04,Monitor,Electronics,East,856.43,6,123.39,2022,9,Sep,2022-09,14.41
2023-08-28,Sweater,Clothing,West,419.14,3,198.31,2023,8,Aug,2023-08,47.31
2021-04-30,Lamp,Furniture,West,402.2,1,146.4,2021,4,Apr,2021-04,36.4
2021-02-24,Lamp,Furniture,East,2375.21,3,495.57,2021,2,Feb,2021-02,20.86
2021-12-26,Bicycle,Sports,West,202.85,2,80.31,2021,12,Dec,2021-12,39.59
2021-01-28,Sweater,Clothing,South,65.56,5,31.54,2021,1,Jan,2021-01,48.11
2023-08-06,Bicycle,Sports,South,483.6,3,128.12,2023,8,Aug,2023-08,26.49
2022-08-30,Laptop,Electronics,South,1354.71,2,252.48,2022,8,Aug,2022-08,18.64
2023-02-25,Juice,Groceries,West,14.36,1,2.02,2023,2,Feb,2023-02,14.07
2022-01-30,T-Shirt,Clothing,West,46.46,2,19.41,2022,1,Jan,2022-01,41.78
2023-11-28,Smartphone,Electronics,Central,2153.7,7,420.73,2023,11,Nov,2023-11,19.54
2022-04-30,Tablet,Electronics,South,3217.74,5,431.42,2022,4,Apr,2022-04,13.41
2023-01-30,Wardrobe,Furniture,West,452.01,1,134.79,2023,1,Jan,2023-01,29.82
2023-03-20,Tablet,Electronics,North,2112.91,2,271.19,2023,3,Mar,2023-03,12.83
2022-06-07,Wardrobe,Furniture,South,641.45,8,169.94,2022,6,Jun,2022-06,26.49
2023-01-07,Sweater,Clothing,North,90.22,3,38.46,2023,1,Jan,2023-01,42.63
2023-12-23,Dress,Clothing,North,243.37,3,95.18,2023,12,Dec,2023-12,39.11
2021-04-17,Lamp,Furniture,West,1100.51,2,259.78,2021,4,Apr,2021-04,23.61
2023-09-08,T-Shirt,Clothing,East,177.72,2,61.66,2023,9,Sep,2023-09,34.7
2021-10-07,Laptop,Electronics,North,1776.48,2,264.02,2021,10,Oct,2021-10,14.86
2021-06-03,Olive Oil,Groceries,North,89.27,5,11.01,2021,6,Jun,2021-06,12.33
2022-02-24,Olive Oil,Groceries,North,7.62,1,1.11,2022,2,Feb,2022-02,14.57
2023-03-15,Laptop,Electronics,South,4911.66,4,758.42,2023,3,Mar,2023-03,15.44
2022-07-25,Monitor,Electronics,West,725.5,2,139.97,2022,7,Jul,2022-07,19.29
2021-03-18,Coffee,Groceries,South,37.75,2,3.84,2021,3,Mar,2021-03,10.17
2023-12-23,Rice,Groceries,South,201.82,8,24.27,2023,12,Dec,2023-12,12.03
2021-03-22,Bookshelf,Furniture,South,325.96,1,90.95,2021,3,Mar,2021-03,27.9
2021-11-20,Olive Oil,Groceries,South,20.68,6,1.29,2021,11,Nov,2021-11,6.24
2023-03-07,Rice,Groceries,North,5.38,2,0.38,2023,3,Mar,2023-03,7.06
2022-03-14,Bread,Groceries,South,110.81,4,11.01,2022,3,Mar,2022-03,9.94
2022-02-18,Bread,Groceries,South,14.21,1,1.69,2022,2,Feb,2022-02,11.89
2021-02-05,Shorts,Clothing,South,309.76,2,96.62,2021,2,Feb,2021-02,31.19
2021-04-08,Wardrobe,Furniture,North,496.26,1,124.59,2021,4,Apr,2021-04,25.11
2021-01-27,Smartwatch,Electronics,West,3878.04,5,733.29,2021,1,Jan,2021-01,18.91
2022-05-18,Tablet,Electronics,South,2543.17,2,450.08,2022,5,May,2022-05,17.7
2021-08-31,Rice,Groceries,South,30.38,2,1.98,2021,8,Aug,2021-08,6.52
2021-04-21,Yoga Mat,Sports,North,293.85,3,123.77,2021,4,Apr,2021-04,42.12
2021-07-15,Rice,Groceries,North,110.18,5,9.79,2021,7,Jul,2021-07,8.89
2021-01-23,Webcam,Electronics,South,2318.22,3,429.77,2021,1,Jan,2021-01,18.54
2023-12-23,Sofa,Furniture,Central,1209.85,3,260.55,2023,12,Dec,2023-12,21.54
2023-07-26,T-Shirt,Clothing,East,113.33,5,49.63,2023,7,Jul,2023-07,43.79
2022-09-20,Dumbbell Set,Sports,Central,158.58,1,50.18,2022,9,Sep,2022-09,31.64
2022-11-15,Juice,Groceries,North,13.97,2,1.41,2022,11,Nov,2022-11,10.09
2021-10-31,Desk,Furniture,West,643.93,5,205.5,2021,10,Oct,2021-10,31.91
2023-12-07,Chair,Furniture,South,1226.77,2,337.73,2023,12,Dec,2023-12,27.53
2022-07-12,Yoga Mat,Sports,North,360.37,1,140.46,2022,7,Jul,2022-07,38.98
2023-11-04,Tablet,Electronics,North,2155.19,2,400.06,2023,11,Nov,2023-11,18.56
2022-11-05,Shorts,Clothing,North,213.67,2,67.85,2022,11,Nov,2022-11,31.75
2022-01-03,Bed Frame,Furniture,East,1451.53,3,484.37,2022,1,Jan,2022-01,33.37
2021-07-10,Bed Frame,Furniture,East,3077.61,5,757.15,2021,7,Jul,2021-07,24.6
2022-03-29,Desk,Furniture,North,586.97,1,159.9,2022,3,Mar,2022-03,27.24
2022-05-24,Cereal,Groceries,Central,33.96,3,4.75,2022,5,May,2022-05,13.99
2022-12-12,Bicycle,Sports,West,541.73,2,188.33,2022,12,Dec,2022-12,34.76
2022-10-02,Running Shoes,Sports,East,809.13,3,351.94,2022,10,Oct,2022-10,43.5
2023-03-05,Rice,Groceries,West,5.89,1,0.46,2023,3,Mar,2023-03,7.81
2021-12-08,Shoes,Clothing,North,227.85,4,89.16,2021,12,Dec,2021-12,39.13
2022-05-05,Laptop,Electronics,East,7564.6,8,1380.84,2022,5,May,2022-05,18.25
2023-11-29,Coffee,Groceries,West,162.53,7,12.92,2023,11,Nov,2023-11,7.95
2022-05-27,Dress,Clothing,East,52.76,3,27.19,2022,5,May,2022-05,51.54
2022-09-28,Jeans,Clothing,North,257.51,2,90.72,2022,9,Sep,2022-09,35.23
2023-10-04,Smartwatch,Electronics,North,1466.76,2,173.15,2023,10,Oct,2023-10,11.8
2021-05-18,Desk,Furniture,East,2842.75,5,1098.9,2021,5,May,2021-05,38.66
2021-11-04,Bread,Groceries,East,26.63,7,3.08,2021,11,Nov,2021-11,11.57
2023-12-30,Smartphone,Electronics,Central,7268.16,6,600.41,2023,12,Dec,2023-12,8.26
2021-11-06,Jacket,Clothing,East,709.2,4,336.06,2021,11,Nov,2021-11,47.39
2022-09-13,Laptop,Electronics,North,1852.59,4,244.84,2022,9,Sep,2022-09,13.22
2021-11-13,Smartwatch,Electronics,North,1485.63,1,224.03,2021,11,Nov,2021-11,15.08
2022-07-14,Jacket,Clothing,North,700.47,6,266.46,2022,7,Jul,2022-07,38.04
2022-09-20,Lamp,Furniture,West,1397.03,4,532.12,2022,9,Sep,2022-09,38.09
2023-08-16,Lamp,Furniture,North,184.86,2,72.32,2023,8,Aug,2023-08,39.12
2022-10-21,Bookshelf,Furniture,North,2314.56,5,480.81,2022,10,Oct,2022-10,20.77
2021-04-19,Bookshelf,Furniture,West,522.93,1,108.23,2021,4,Apr,2021-04,20.7
2022-06-10,Shoes,Clothing,South,519.32,4,193.54,2022,6,Jun,2022-06,37.27
2022-07-01,Coffee,Groceries,Central,436.46000000000004,3,130.83,2022,7,Jul,2022-07,29.98
2023-03-15,Bed Frame,Furniture,Central,1202.72,5,433.32,2023,3,Mar,2023-03,36.03
2022-07-03,Juice,Groceries,East,12.77,3,1.03,2022,7,Jul,2022-07,8.07
2021-12-24,Cereal,Groceries,West,209.42,7,23.75,2021,12,Dec,2021-12,11.34
2021-05-27,Sweater,Clothing,North,78.02,2,38.51,2021,5,May,2021-05,49.36
2021-11-23,Milk,Groceries,North,173.56,6,17.0,2021,11,Nov,2021-11,9.79
2023-12-11,Sweater,Clothing,West,52.08,1,27.78,2023,12,Dec,2023-12,53.34
2023-08-29,Monitor,Electronics,South,102.48,2,12.53,2023,8,Aug,2023-08,12.23
2023-04-19,Dumbbell Set,Sports,Central,170.84,1,72.97,2023,4,Apr,2023-04,42.71
2023-09-04,Bicycle,Sports,West,316.86,6,118.64,2023,9,Sep,2023-09,37.44
2023-12-11,Milk,Groceries,South,78.9,3,5.48,2023,12,Dec,2023-12,6.95
2022-06-26,Sweater,Clothing,Central,107.78,3,48.04,2022,6,Jun,2022-06,44.57
2023-02-07,Running Shoes,Sports,North,616.13,2,203.84,2023,2,Feb,2023-02,33.08
2023-12-03,Jeans,Clothing,South,436.46000000000004,5,130.83,2023,12,Dec,2023-12,29.98
2023-06-18,Smartphone,Electronics,South,3648.4,4,716.28,2023,6,Jun,2023-06,19.63
2021-07-22,Shorts,Clothing,North,844.33,5,325.53,2021,7,Jul,2021-07,38.55
2023-05-09,Olive Oil,Groceries,North,23.02,2,2.87,2023,5,May,2023-05,12.47
2023-08-11,T-Shirt,Clothing,North,92.83,1,33.88,2023,8,Aug,2023-08,36.5
2022-08-19,Olive Oil,Groceries,East,61.53,4,4.31,2022,8,Aug,2022-08,7.0
2022-11-02,Bicycle,Sports,South,739.8,3,198.25,2022,11,Nov,2022-11,26.8
2021-10-25,Running Shoes,Sports,East,1863.14,6,677.21,2021,10,Oct,2021-10,36.35
2021-12-09,Smartphone,Electronics,West,525.78,2,81.48,2021,12,Dec,2021-12,15.5
2023-12-29,Sweater,Clothing,North,367.39,6,201.11,2023,12,Dec,2023-12,54.74
2022-03-23,Yoga Mat,Sports,East,91.95,1,36.46,2022,3,Mar,2022-03,39.65
2022-09-03,Yoga Mat,Sports,South,744.28,4,302.33,2022,9,Sep,2022-09,40.62
2023-03-16,Bookshelf,Furniture,North,1671.82,4,583.13,2023,3,Mar,2023-03,34.88
2022-04-26,Dumbbell Set,Sports,North,1605.28,5,505.52,2022,4,Apr,2022-04,31.49
2022-01-23,Jeans,Clothing,North,234.73,3,114.73,2022,1,Jan,2022-01,48.88
2021-08-05,Jeans,Clothing,Central,783.31,5,407.05,2021,8,Aug,2021-08,51.97
2021-08-31,Yoga Mat,Sports,South,183.28,1,67.63,2021,8,Aug,2021-08,36.9
2022-04-16,Jacket,Clothing,South,620.2,4,259.18,2022,4,Apr,2022-04,41.79
2023-02-15,Running Shoes,Sports,South,164.31,1,53.8,2023,2,Feb,2023-02,32.74
2022-03-15,Bicycle,Sports,West,67.9,1,28.81,2022,3,Mar,2022-03,42.43
2021-11-24,Monitor,Electronics,South,440.96,5,39.59,2021,11,Nov,2021-11,8.98
2023-07-05,Juice,Groceries,East,112.35,4,6.82,2023,7,Jul,2023-07,6.07
2023-09-23,Smartwatch,Electronics,Central,3267.59,4,649.66,2023,9,Sep,2023-09,19.88
2023-04-08,Bread,Groceries,Central,18.92,1,2.1,2023,4,Apr,2023-04,11.1
2021-11-27,Running Shoes,Sports,Central,163.75,3,47.57,2021,11,Nov,2021-11,29.05
2022-12-19,Lamp,Furniture,Central,4325.15,7,941.7,2022,12,Dec,2022-12,21.77
2023-09-25,Desk,Furniture,West,357.48,3,105.77,2023,9,Sep,2023-09,29.59
2023-10-21,Smartphone,Electronics,South,2770.14,2,389.66,2023,10,Oct,2023-10,14.07
2023-11-02,Smartphone,Electronics,Central,1432.11,9,258.66,2023,11,Nov,2023-11,18.06
2021-06-24,Desk,Furniture,North,3640.02,6,1024.17,2021,6,Jun,2021-06,28.14
2023-01-14,Tablet,Electronics,North,956.39,2,143.37,2023,1,Jan,2023-01,14.99
2021-06-09,Dumbbell Set,Sports,West,1280.59,4,420.91,2021,6,Jun,2021-06,32.87
2022-10-01,Dumbbell Set,Sports,Central,223.79,2,98.92,2022,10,Oct,2022-10,44.2
2022-04-10,Smartphone,Electronics,Central,4250.51,3,751.83,2022,4,Apr,2022-04,17.69
2022-09-04,Olive Oil,Groceries,North,35.71,2,1.88,2022,9,Sep,2022-09,5.26
2021-06-01,Monitor,Electronics,South,1169.8,2,130.83,2021,6,Jun,2021-06,11.18
2023-12-12,Bread,Groceries,Central,33.08,4,2.85,2023,12,Dec,2023-12,8.62
2022-10-24,Wardrobe,Furniture,South,631.25,2,128.61,2022,10,Oct,2022-10,20.37
2023-04-11,Bookshelf,Furniture,Central,1606.37,3,516.8,2023,4,Apr,2023-04,32.17
2023-07-07,Milk,Groceries,West,4.16,1,0.46,2023,7,Jul,2023-07,11.06
2022-04-30,Running Shoes,Sports,North,1316.56,5,497.55,2022,4,Apr,2022-04,37.79
2022-12-28,Jacket,Clothing,West,54.49,2,24.18,2022,12,Dec,2022-12,44.38
2023-10-20,Tennis Racket,Sports,South,70.32,1,17.75,2023,10,Oct,2023-10,25.24
2023-05-12,Coffee,Groceries,North,52.41,3,7.44,2023,5,May,2023-05,14.2
2023-05-26,Jeans,Clothing,East,364.84,2,188.06,2023,5,May,2023-05,51.55
2023-08-11,Coffee,Groceries,North,17.52,1,2.12,2023,8,Aug,2023-08,12.1
2021-10-14,Yoga Mat,Sports,West,469.08,2,176.05,2021,10,Oct,2021-10,37.53
2023-11-19,Milk,Groceries,North,93.71,4,12.68,2023,11,Nov,2023-11,13.53
2021-09-10,Lamp,Furniture,South,123.03,1,46.21,2021,9,Sep,2021-09,37.56
2023-09-19,Bread,Groceries,Central,28.95,2,2.6,2023,9,Sep,2023-09,8.98
2023-01-27,Rice,Groceries,Central,26.52,1,1.7,2023,1,Jan,2023-01,6.41
2022-03-23,Tablet,Electronics,South,938.24,2,102.41,2022,3,Mar,2022-03,10.92
2021-11-18,Chair,Furniture,West,857.68,4,264.41,2021,11,Nov,2021-11,30.83
2023-12-13,Tablet,Electronics,South,3727.2,5,481.96,2023,12,Dec,2023-12,12.93
2023-07-13,Sweater,Clothing,East,154.76,2,51.33,2023,7,Jul,2023-07,33.17
2022-03-08,Sofa,Furniture,West,583.24,2,155.18,2022,3,Mar,2022-03,26.61
2023-01-05,Yoga Mat,Sports,East,311.52,4,97.28,2023,1,Jan,2023-01,31.23
2023-07-15,Coffee,Groceries,Central,11.94,3,1.56,2023,7,Jul,2023-07,13.07
2022-06-02,Tablet,Electronics,South,3252.02,6,592.96,2022,6,Jun,2022-06,18.23
2021-02-12,Chair,Furniture,Central,1292.81,3,303.83,2021,2,Feb,2021-02,23.5
2022-11-24,Milk,Groceries,East,140.4,6,16.95,2022,11,Nov,2022-11,12.07
2023-12-22,Wardrobe,Furniture,North,379.09,3,123.38,2023,12,Dec,2023-12,32.55
2023-08-22,Monitor,Electronics,North,3705.46,3,614.04,2023,8,Aug,2023-08,16.57
2022-09-22,Chair,Furniture,South,1029.64,3,395.36,2022,9,Sep,2022-09,38.4
2022-02-26,Monitor,Electronics,North,2385.79,2,467.54,2022,2,Feb,2022-02,19.6
2023-02-09,Coffee,Groceries,East,29.35,2,3.66,2023,2,Feb,2023-02,12.47
2023-01-26,Sweater,Clothing,South,370.67,2,157.26,2023,1,Jan,2023-01,42.43
2021-01-22,Desk,Furniture,South,581.02,2,125.69,2021,1,Jan,2021-01,21.63
2023-12-21,Running Shoes,Sports,South,685.66,4,250.76,2023,12,Dec,2023-12,36.57
2021-08-20,Tablet,Electronics,South,3294.34,4,538.01,2021,8,Aug,2021-08,16.33
2021-08-04,T-Shirt,Clothing,South,1298.7,7,498.98,2021,8,Aug,2021-08,38.42
2022-10-15,Monitor,Electronics,South,1777.82,2,272.32,2022,10,Oct,2022-10,15.32
2023-03-02,Bicycle,Sports,West,846.02,3,223.56,2023,3,Mar,2023-03,26.42
2022-07-01,Laptop,Electronics,North,1297.24,3,179.96,2022,7,Jul,2022-07,13.87
2022-10-12,Dress,Clothing,South,110.24,1,34.68,2022,10,Oct,2022-10,31.46
2022-02-13,Wardrobe,Furniture,Central,310.65,2,109.17,2022,2,Feb,2022-02,35.14
2023-10-06,Smartwatch,Electronics,East,1472.38,6,281.1,2023,10,Oct,2023-10,19.09
2021-04-27,Jacket,Clothing,South,56.68,1,23.15,2021,4,Apr,2021-04,40.84
2021-01-04,Laptop,Electronics,South,1432.32,1,120.75,2021,1,Jan,2021-01,8.43
2021-07-26,Webcam,Electronics,East,1663.36,2,220.64,2021,7,Jul,2021-07,13.26
2023-12-10,Jacket,Clothing,Central,227.43,5,85.07,2023,12,Dec,2023-12,37.4
2021-01-16,Rice,Groceries,East,100.87,6,9.1,2021,1,Jan,2021-01,9.02
2021-10-12,Bread,Groceries,West,105.65,4,12.29,2021,10,Oct,2021-10,11.63
2022-05-25,Coffee,Groceries,Central,5.09,3,0.71,2022,5,May,2022-05,13.95
2021-10-08,Milk,Groceries,East,173.93,8,20.88,2021,10,Oct,2021-10,12.0
2023-08-11,Olive Oil,Groceries,West,171.36,6,9.62,2023,8,Aug,2023-08,5.61
2021-07-09,Jacket,Clothing,West,36.32,1,19.38,2021,7,Jul,2021-07,53.36
2021-05-29,Sweater,Clothing,West,547.22,4,286.2,2021,5,May,2021-05,52.3
2023-08-04,Lamp,Furniture,Central,3363.72,6,1241.86,2023,8,Aug,2023-08,36.92
2023-11-23,Coffee,Groceries,South,18.47,7,1.37,2023,11,Nov,2023-11,7.42
2023-11-03,Tennis Racket,Sports,Central,707.87,3,181.99,2023,11,Nov,2023-11,25.71
2021-12-23,Tablet,Electronics,North,4584.49,6,779.65,2021,12,Dec,2021-12,17.01
2021-03-28,T-Shirt,Clothing,Central,515.81,3,258.78,2021,3,Mar,2021-03,50.17
2022-05-02,Juice,Groceries,North,6.55,2,0.97,2022,5,May,2022-05,14.81
2021-01-23,Sofa,Furniture,North,1101.29,5,316.25,2021,1,Jan,2021-01,28.72
2021-11-24,Smartphone,Electronics,West,4249.87,3,765.43,2021,11,Nov,2021-11,18.01
2023-06-28,Smartwatch,Electronics,Central,1665.74,2,136.78,2023,6,Jun,2023-06,8.21
2023-11-13,Yoga Mat,Sports,North,180.47,9,52.44,2023,11,Nov,2023-11,29.06
2021-05-16,Chair,Furniture,North,2349.61,6,844.2,2021,5,May,2021-05,35.93
2022-06-08,Cereal,Groceries,North,88.99,3,8.36,2022,6,Jun,2022-06,9.39
2023-07-22,Bed Frame,Furniture,South,1211.45,5,351.11,2023,7,Jul,2023-07,28.98
2022-07-02,Sofa,Furniture,East,792.94,1,209.43,2022,7,Jul,2022-07,26.41
2022-09-09,Bicycle,Sports,East,453.76,2,118.33,2022,9,Sep,2022-09,26.08
2021-06-07,Tablet,Electronics,Central,78.42,1,9.52,2021,6,Jun,2021-06,12.14
2021-08-29,Olive Oil,Groceries,North,11.14,3,0.72,2021,8,Aug,2021-08,6.46
2023-09-16,Wardrobe,Furniture,West,619.56,2,144.53,2023,9,Sep,2023-09,23.33
2022-01-15,Coffee,Groceries,North,32.2,5,2.26,2022,1,Jan,2022-01,7.02
2021-02-28,Headphones,Electronics,West,4392.55,4,578.0,2021,2,Feb,2021-02,13.16
2021-07-18,Yoga Mat,Sports,North,248.21,3,109.21,2021,7,Jul,2021-07,44.0
2022-07-08,Dress,Clothing,Central,214.73,2,93.7,2022,7,Jul,2022-07,43.64
2022-07-01,Rice,Groceries,South,43.73,2,4.27,2022,7,Jul,2022-07,9.76
2023-03-17,Tablet,Electronics,West,471.31,4,58.74,2023,3,Mar,2023-03,12.46
2022-05-16,Shorts,Clothing,North,575.83,3,197.33,2022,5,May,2022-05,34.27
2022-06-02,Dress,Clothing,North,446.31,4,170.11,2022,6,Jun,2022-06,38.11
2023-09-15,Sofa,Furniture,North,360.24,3,121.94,2023,9,Sep,2023-09,33.85
2023-07-29,Tennis Racket,Sports,Central,227.87,2,61.72,2023,7,Jul,2023-07,27.09
2022-01-12,Smartwatch,Electronics,West,2538.92,3,501.16,2022,1,Jan,2022-01,19.74
2021-05-10,Milk,Groceries,Central,150.21,8,11.53,2021,5,May,2021-05,7.68
2021-01-26,Coffee,Groceries,Central,43.02,3,3.6,2021,1,Jan,2021-01,8.37
2023-06-16,Tennis Racket,Sports,West,366.41,1,99.93,2023,6,Jun,2023-06,27.27
2022-09-26,Webcam,Electronics,North,6478.49,6,1022.69,2022,9,Sep,2022-09,15.79
2022-02-26,Milk,Groceries,South,23.94,2,2.96,2022,2,Feb,2022-02,12.36
2023-12-19,T-Shirt,Clothing,Central,223.9,2,81.68,2023,12,Dec,2023-12,36.48
2023-06-03,Desk,Furniture,South,347.54,4,73.03,2023,6,Jun,2023-06,21.01
2021-04-09,Running Shoes,Sports,West,93.42,2,38.39,2021,4,Apr,2021-04,41.09
2023-06-11,Laptop,Electronics,North,1460.22,4,221.5,2023,6,Jun,2023-06,15.17
2021-05-27,Tennis Racket,Sports,South,154.02,3,55.12,2021,5,May,2021-05,35.79
2022-09-07,Smartwatch,Electronics,North,2119.47,3,231.12,2022,9,Sep,2022-09,10.9
2023-06-03,Cereal,Groceries,East,31.31,2,1.65,2023,6,Jun,2023-06,5.27
2023-01-29,Bicycle,Sports,East,305.29,3,125.52,2023,1,Jan,2023-01,41.12
2021-12-05,Running Shoes,Sports,Central,467.63,2,165.3,2021,12,Dec,2021-12,35.35
2023-08-29,Yoga Mat,Sports,West,1454.24,4,478.98,2023,8,Aug,2023-08,32.94
2021-12-29,Running Shoes,Sports,South,1214.36,4,413.79,2021,12,Dec,2021-12,34.07
2022-07-19,Dumbbell Set,Sports,Central,232.01,2,76.53,2022,7,Jul,2022-07,32.99
2021-12-20,Bed Frame,Furniture,East,3342.5,5,1117.36,2021,12,Dec,2021-12,33.43
2023-08-07,Webcam,Electronics,South,5457.88,4,661.21,2023,8,Aug,2023-08,12.11
2023-01-07,Bookshelf,Furniture,West,2753.28,4,573.38,2023,1,Jan,2023-01,20.83
2021-10-25,Webcam,Electronics,East,5616.11,4,661.8,2021,10,Oct,2021-10,11.78
2023-04-03,Smartphone,Electronics,West,3226.95,3,310.72,2023,4,Apr,2023-04,9.63
2022-07-05,Bread,Groceries,South,47.05,3,5.13,2022,7,Jul,2022-07,10.9
2021-03-29,Lamp,Furniture,East,164.1,1,61.74,2021,3,Mar,2021-03,37.62
2023-11-03,Lamp,Furniture,South,890.14,2,307.08,2023,11,Nov,2023-11,34.5
2021-08-02,Lamp,Furniture,North,1156.85,2,305.43,2021,8,Aug,2021-08,26.4
2021-06-11,Webcam,Electronics,West,6260.75,5,619.26,2021,6,Jun,2021-06,9.89
2022-12-20,Running Shoes,Sports,West,148.5,3,46.96,2022,12,Dec,2022-12,31.62
2022-01-01,Chair,Furniture,Central,407.54,1,113.75,2022,1,Jan,2022-01,27.91
2022-01-18,Dumbbell Set,Sports,Central,939.23,3,276.13,2022,1,Jan,2022-01,29.4
2023-10-18,Cereal,Groceries,North,57.65,2,8.51,2023,10,Oct,2023-10,14.76
2021-03-15,Bread,Groceries,South,49.95,5,2.83,2021,3,Mar,2021-03,5.67
2022-09-11,Jeans,Clothing,West,183.51,1,71.94,2022,9,Sep,2022-09,39.2
2023-03-10,Webcam,Electronics,Central,10058.56,7,1943.37,2023,3,Mar,2023-03,19.32
2021-05-10,T-Shirt,Clothing,East,250.09,2,123.6,2021,5,May,2021-05,49.42
2021-04-20,Yoga Mat,Sports,South,396.21,3,159.5,2021,4,Apr,2021-04,40.26
2022-10-09,Tennis Racket,Sports,Central,799.8,5,243.78,2022,10,Oct,2022-10,30.48
2021-08-11,Cereal,Groceries,East,83.43,4,6.34,2021,8,Aug,2021-08,7.6
2022-06-13,Smartphone,Electronics,West,1067.82,1,134.83,2022,6,Jun,2022-06,12.63
2023-07-10,Yoga Mat,Sports,East,997.69,3,391.75,2023,7,Jul,2023-07,39.27
2022-09-05,Dumbbell Set,Sports,Central,1479.5,4,455.05,2022,9,Sep,2022-09,30.76
2022-03-01,Coffee,Groceries,North,8.1,1,1.14,2022,3,Mar,2022-03,14.07
2021-02-21,Monitor,Electronics,West,2678.2,2,338.93,2021,2,Feb,2021-02,12.66
2023-03-15,Sofa,Furniture,North,796.42,1,302.62,2023,3,Mar,2023-03,38.0
2023-12-27,Dumbbell Set,Sports,East,613.15,2,169.68,2023,12,Dec,2023-12,27.67
2021-07-26,Monitor,Electronics,West,1122.99,3,122.43,2021,7,Jul,2021-07,10.9
2023-01-07,Sweater,Clothing,East,711.97,4,319.47,2023,1,Jan,2023-01,44.87
2021-03-09,Juice,Groceries,Central,90.51,4,6.27,2021,3,Mar,2021-03,6.93
2023-08-29,Milk,Groceries,East,36.26,7,3.92,2023,8,Aug,2023-08,10.81
2023-01-31,Jeans,Clothing,Central,704.32,4,255.91,2023,1,Jan,2023-01,36.33
2021-05-12,Juice,Groceries,East,73.95,3,7.34,2021,5,May,2021-05,9.93
2022-05-04,Bookshelf,Furniture,Central,482.75,2,139.41,2022,5,May,2022-05,28.88
2022-03-28,Yoga Mat,Sports,North,1336.39,4,569.32,2022,3,Mar,2022-03,42.6
2022-05-28,Smartwatch,Electronics,South,4531.92,11,438.12,2022,5,May,2022-05,9.67
2023-07-17,Juice,Groceries,Central,65.43,3,5.91,2023,7,Jul,2023-07,9.03
2023-09-09,Smartphone,Electronics,West,1199.82,1,99.31,2023,9,Sep,2023-09,8.28
2022-01-02,Monitor,Electronics,West,759.04,1,116.39,2022,1,Jan,2022-01,15.33
2022-04-11,Sweater,Clothing,South,155.56,3,76.7,2022,4,Apr,2022-04,49.31
2023-04-26,Dress,Clothing,North,60.9,1,31.54,2023,4,Apr,2023-04,51.79
2021-08-22,Laptop,Electronics,West,6127.57,6,572.2,2021,8,Aug,2021-08,9.34
2021-10-09,Bread,Groceries,West,73.99,3,9.15,2021,10,Oct,2021-10,12.37
2023-01-12,Running Shoes,Sports,South,232.87,1,62.25,2023,1,Jan,2023-01,26.73
2021-08-31,Shoes,Clothing,East,604.45,4,304.78,2021,8,Aug,2021-08,50.42
2022-11-08,Bicycle,Sports,South,297.79,3,101.1,2022,11,Nov,2022-11,33.95
2021-08-26,Headphones,Electronics,North,2832.23,2,470.55,2021,8,Aug,2021-08,16.61
2023-01-28,Jeans,Clothing,Central,242.3,2,104.02,2023,1,Jan,2023-01,42.93
2022-08-25,Jeans,Clothing,Central,261.92,2,105.55,2022,8,Aug,2022-08,40.3
2021-10-28,Olive Oil,Groceries,Central,36.67,3,2.83,2021,10,Oct,2021-10,7.72
2021-04-06,Olive Oil,Groceries,South,18.29,2,1.37,2021,4,Apr,2021-04,7.49
2023-07-30,Dumbbell Set,Sports,Central,62.98,1,16.03,2023,7,Jul,2023-07,25.45
2023-01-08,Tennis Racket,Sports,Central,1296.39,4,346.08,2023,1,Jan,2023-01,26.7
2021-05-03,Milk,Groceries,West,52.14,2,7.23,2021,5,May,2021-05,13.87
2022-05-27,Smartphone,Electronics,West,162.26,1,18.59,2022,5,May,2022-05,11.46
2023-11-08,Coffee,Groceries,East,24.36,3,1.69,2023,11,Nov,2023-11,6.94
2021-08-01,Bread,Groceries,West,101.14,5,12.56,2021,8,Aug,2021-08,12.42
2023-09-24,Chair,Furniture,Central,6864.78,9,2390.43,2023,9,Sep,2023-09,34.82
2021-08-09,Juice,Groceries,South,29.44,1,3.64,2021,8,Aug,2021-08,12.36
2022-05-07,Bicycle,Sports,West,802.73,3,313.47,2022,5,May,2022-05,39.05
2021-05-16,Bread,Groceries,East,39.38,2,5.33,2021,5,May,2021-05,13.53
2021-04-25,Sweater,Clothing,South,425.04,5,134.79,2021,4,Apr,2021-04,31.71
2022-05-13,Smartphone,Electronics,Central,1857.68,4,320.52,2022,5,May,2022-05,17.25
2023-02-19,Headphones,Electronics,West,716.44,1,59.8,2023,2,Feb,2023-02,8.35
2022-01-31,Sofa,Furniture,East,1866.45,3,650.79,2022,1,Jan,2022-01,34.87
2021-01-31,Bicycle,Sports,East,1593.34,5,521.9,2021,1,Jan,2021-01,32.76
2023-05-24,Rice,Groceries,Central,51.85,4,4.58,2023,5,May,2023-05,8.83
2021-02-17,T-Shirt,Clothing,West,132.11,1,72.05,2021,2,Feb,2021-02,54.54
2022-02-03,Running Shoes,Sports,West,740.61,2,225.0,2022,2,Feb,2022-02,30.38
2022-03-03,Shoes,Clothing,East,47.54,1,21.9,2022,3,Mar,2022-03,46.07
2022-12-27,Bread,Groceries,North,13.65,3,0.78,2022,12,Dec,2022-12,5.71
2022-04-11,Monitor,Electronics,West,2715.77,2,338.24,2022,4,Apr,2022-04,12.45
2023-08-29,Sofa,Furniture,Central,4757.65,8,1132.47,2023,8,Aug,2023-08,23.8
2022-04-01,Coffee,Groceries,East,88.88,4,12.96,2022,4,Apr,2022-04,14.58
2023-09-21,Bookshelf,Furniture,West,322.63,1,92.2,2023,9,Sep,2023-09,28.58
2021-06-04,Bicycle,Sports,East,177.46,1,70.84,2021,6,Jun,2021-06,39.92
2021-10-12,Jacket,Clothing,East,103.85,3,36.51,2021,10,Oct,2021-10,35.16
2022-08-09,Dumbbell Set,Sports,North,386.71,3,153.39,2022,8,Aug,2022-08,39.67
2023-08-20,Smartphone,Electronics,West,2125.5,4,403.34,2023,8,Aug,2023-08,18.98
2023-03-23,Bread,Groceries,South,8.76,5,0.99,2023,3,Mar,2023-03,11.3
2022-09-07,Headphones,Electronics,South,3265.2,3,515.85,2022,9,Sep,2022-09,15.8
2021-06-02,Bicycle,Sports,North,354.59,1,141.96,2021,6,Jun,2021-06,40.03
2022-03-20,Running Shoes,Sports,East,389.66,1,162.48,2022,3,Mar,2022-03,41.7
2023-04-28,Tennis Racket,Sports,North,129.47,4,50.84,2023,4,Apr,2023-04,39.27
2023-10-14,Sofa,Furniture,East,1947.6,3,584.08,2023,10,Oct,2023-10,29.99
2023-11-17,Tennis Racket,Sports,North,1669.63,7,521.92,2023,11,Nov,2023-11,31.26
2021-05-26,Running Shoes,Sports,North,732.75,3,239.1,2021,5,May,2021-05,32.63
2022-02-12,Dumbbell Set,Sports,West,83.2,1,34.95,2022,2,Feb,2022-02,42.01
2021-09-19,Sweater,Clothing,West,166.89,2,86.2,2021,9,Sep,2021-09,51.65
2021-02-14,Yoga Mat,Sports,North,1729.59,5,631.75,2021,2,Feb,2021-02,36.53
2023-03-10,Coffee,Groceries,Central,79.42,4,4.7,2023,3,Mar,2023-03,5.92
2021-12-03,Yoga Mat,Sports,South,1359.85,4,571.72,2021,12,Dec,2021-12,42.04
2021-09-22,Shoes,Clothing,South,88.84,1,44.16,2021,9,Sep,2021-09,49.71
2021-10-20,Olive Oil,Groceries,East,112.67,5,8.86,2021,10,Oct,2021-10,7.86
2023-02-07,Desk,Furniture,North,351.27,3,130.78,2023,2,Feb,2023-02,37.23
2022-10-09,T-Shirt,Clothing,West,30.73,2,13.58,2022,10,Oct,2022-10,44.19
2023-08-12,Dress,Clothing,Central,290.9,2,108.49,2023,8,Aug,2023-08,37.29
2021-01-10,Sweater,Clothing,West,117.99,1,50.43,2021,1,Jan,2021-01,42.74
2022-08-12,Coffee,Groceries,West,39.76,3,5.66,2022,8,Aug,2022-08,14.24
2022-08-02,Bicycle,Sports,Central,1562.56,5,701.68,2022,8,Aug,2022-08,44.91
2022-12-04,Olive Oil,Groceries,South,46.2,4,4.64,2022,12,Dec,2022-12,10.04
2023-09-21,Wardrobe,Furniture,West,1170.4,3,323.97,2023,9,Sep,2023-09,27.68
2021-05-02,Tablet,Electronics,South,868.86,1,72.05,2021,5,May,2021-05,8.29
2023-12-11,Jeans,Clothing,South,876.58,6,284.47,2023,12,Dec,2023-12,32.45
2021-11-15,Olive Oil,Groceries,West,125.38,9,8.67,2021,11,Nov,2021-11,6.91
2021-04-19,Sofa,Furniture,East,2634.87,4,707.83,2021,4,Apr,2021-04,26.86
2022-01-02,Dress,Clothing,East,399.71,2,213.01,2022,1,Jan,2022-01,53.29
2021-03-06,Sweater,Clothing,Central,894.87,5,420.85,2021,3,Mar,2021-03,47.03
2023-07-01,Lamp,Furniture,East,430.76,2,105.09,2023,7,Jul,2023-07,24.4
2021-11-13,Sofa,Furniture,Central,1812.86,4,720.5,2021,11,Nov,2021-11,39.74
2021-03-04,Juice,Groceries,East,3.02,1,0.18,2021,3,Mar,2021-03,5.96
2021-03-13,Rice,Groceries,East,4.31,1,0.27,2021,3,Mar,2021-03,6.26
2022-06-14,Bed Frame,Furniture,South,2378.73,4,685.39,2022,6,Jun,2022-06,28.81
2022-03-14,Rice,Groceries,West,10.8,1,0.7,2022,3,Mar,2022-03,6.48
2023-08-02,Tablet,Electronics,South,1492.77,6,241.85,2023,8,Aug,2023-08,16.2
2022-06-16,Milk,Groceries,South,4.01,1,0.22,2022,6,Jun,2022-06,5.49
2021-02-15,Webcam,Electronics,East,656.22,2,110.69,2021,2,Feb,2021-02,16.87
2022-02-22,Juice,Groceries,Central,9.17,3,1.12,2022,2,Feb,2022-02,12.21
2023-05-05,Lamp,Furniture,Central,1352.8,4,291.77,2023,5,May,2023-05,21.57
2023-06-17,Smartwatch,Electronics,South,2763.77,2,372.67,2023,6,Jun,2023-06,13.48
2022-08-05,Rice,Groceries,West,37.61,4,2.26,2022,8,Aug,2022-08,6.01
2021-08-15,Rice,Groceries,West,25.6,2,2.32,2021,8,Aug,2021-08,9.06
2022-11-27,Sweater,Clothing,Central,207.7,7,84.7,2022,11,Nov,2022-11,40.78
2023-11-25,Shorts,Clothing,Central,669.76,6,201.49,2023,11,Nov,2023-11,30.08
2022-02-25,Wardrobe,Furniture,North,1009.8,2,265.05,2022,2,Feb,2022-02,26.25
2023-01-10,Yoga Mat,Sports,Central,282.92,1,124.69,2023,1,Jan,2023-01,44.07
2023-05-30,Laptop,Electronics,North,751.97,1,91.28,2023,5,May,2023-05,12.14
2022-11-02,Olive Oil,Groceries,Central,141.95,5,16.48,2022,11,Nov,2022-11,11.61
2023-04-03,Sweater,Clothing,East,204.62,3,92.14,2023,4,Apr,2023-04,45.03
2023-09-19,Bicycle,Sports,East,822.36,5,314.03,2023,9,Sep,2023-09,38.19
2022-05-21,Dress,Clothing,West,311.34,3,97.53,2022,5,May,2022-05,31.33
2021-05-22,Bed Frame,Furniture,East,606.73,1,191.15,2021,5,May,2021-05,31.5
2022-11-19,Coffee,Groceries,North,105.33,5,14.64,2022,11,Nov,2022-11,13.9
2023-06-11,Shorts,Clothing,South,578.94,4,257.5,2023,6,Jun,2023-06,44.48
2021-05-01,Headphones,Electronics,West,4031.18,5,480.54,2021,5,May,2021-05,11.92
2023-06-15,Dress,Clothing,South,158.83,2,86.9,2023,6,Jun,2023-06,54.71
2023-10-23,Shorts,Clothing,East,143.36,2,52.88,2023,10,Oct,2023-10,36.89
2021-01-17,Wardrobe,Furniture,North,1638.82,3,378.96,2021,1,Jan,2021-01,23.12
2022-02-26,Jacket,Clothing,East,303.36,2,107.62,2022,2,Feb,2022-02,35.48
2023-03-04,Monitor,Electronics,North,2747.49,3,420.38,2023,3,Mar,2023-03,15.3
2021-03-10,Dumbbell Set,Sports,Central,510.46,4,209.86,2021,3,Mar,2021-03,41.11
2023-03-09,Webcam,Electronics,West,5386.64,4,774.69,2023,3,Mar,2023-03,14.38
2023-02-14,Bread,Groceries,West,48.46,2,3.83,2023,2,Feb,2023-02,7.9
2021-09-20,Rice,Groceries,South,29.46,2,3.21,2021,9,Sep,2021-09,10.9
2023-08-03,Coffee,Groceries,Central,12.38,1,1.27,2023,8,Aug,2023-08,10.26
2021-12-05,Laptop,Electronics,East,3558.14,4,670.23,2021,12,Dec,2021-12,18.84
2023-08-23,Running Shoes,Sports,South,285.7,1,119.47,2023,8,Aug,2023-08,41.82
2021-05-18,Yoga Mat,Sports,East,115.34,1,37.29,2021,5,May,2021-05,32.33
2022-05-13,Running Shoes,Sports,North,164.14,3,68.14,2022,5,May,2022-05,41.51
2023-01-05,Jacket,Clothing,South,171.65,1,81.11,2023,1,Jan,2023-01,47.25
2021-05-13,Headphones,Electronics,North,639.66,2,97.71,2021,5,May,2021-05,15.28
2021-11-17,Rice,Groceries,South,89.76,4,6.11,2021,11,Nov,2021-11,6.81
2023-08-15,Bread,Groceries,East,3.49,1,0.35,2023,8,Aug,2023-08,10.03
2023-06-15,Milk,Groceries,West,12.14,2,1.72,2023,6,Jun,2023-06,14.17
2023-10-09,Chair,Furniture,Central,2292.36,3,824.07,2023,10,Oct,2023-10,35.95
2023-03-23,T-Shirt,Clothing,South,356.4,3,116.73,2023,3,Mar,2023-03,32.75
2023-08-06,Bicycle,Sports,West,1003.01,5,450.65,2023,8,Aug,2023-08,44.93
2022-10-14,Smartwatch,Electronics,East,3112.34,4,281.23,2022,10,Oct,2022-10,9.04
2022-06-22,Tennis Racket,Sports,West,1697.2,6,506.96,2022,6,Jun,2022-06,29.87
2022-11-15,Sofa,Furniture,North,3603.86,5,1290.01,2022,11,Nov,2022-11,35.8
2023-10-13,Bicycle,Sports,North,651.82,2,163.79,2023,10,Oct,2023-10,25.13
2022-01-01,Bed Frame,Furniture,West,605.6,1,201.46,2022,1,Jan,2022-01,33.27
2023-05-07,Cereal,Groceries,North,77.98,4,4.44,2023,5,May,2023-05,5.69
2022-03-16,Webcam,Electronics,East,2919.33,2,345.59,2022,3,Mar,2022-03,11.84
2022-04-07,Smartphone,Electronics,East,213.39,1,20.91,2022,4,Apr,2022-04,9.8
2021-06-17,Dress,Clothing,North,135.15,4,42.6,2021,6,Jun,2021-06,31.52
2021-03-06,Dumbbell Set,Sports,North,683.99,2,212.7,2021,3,Mar,2021-03,31.1
2023-10-28,Bicycle,Sports,West,941.61,4,407.32,2023,10,Oct,2023-10,43.26
2022-08-07,Running Shoes,Sports,South,412.25,3,150.17,2022,8,Aug,2022-08,36.43
2022-12-02,Juice,Groceries,East,27.18,5,3.5,2022,12,Dec,2022-12,12.88
2021-01-25,Smartwatch,Electronics,Central,2400.4,2,196.56,2021,1,Jan,2021-01,8.19
2022-04-22,Shorts,Clothing,West,189.37,1,85.91,2022,4,Apr,2022-04,45.37
2023-11-25,T-Shirt,Clothing,East,379.95,2,143.28,2023,11,Nov,2023-11,37.71
2023-03-05,Monitor,Electronics,West,1681.93,7,248.98,2023,3,Mar,2023-03,14.8
2022-05-24,Bed Frame,Furniture,East,2556.41,4,967.13,2022,5,May,2022-05,37.83
2022-07-29,Running Shoes,Sports,North,249.21,2,103.76,2022,7,Jul,2022-07,41.64
2022-01-29,Laptop,Electronics,North,6442.03,8,1006.11,2022,1,Jan,2022-01,15.62
2021-08-22,Tablet,Electronics,South,3909.94,4,772.51,2021,8,Aug,2021-08,19.76
2022-10-24,Running Shoes,Sports,South,1446.9,5,522.24,2022,10,Oct,2022-10,36.09
2023-06-28,T-Shirt,Clothing,East,198.34,4,88.72,2023,6,Jun,2023-06,44.73
2023-12-07,Milk,Groceries,East,100.75,6,6.49,2023,12,Dec,2023-12,6.44
2021-12-23,Headphones,Electronics,Central,436.46000000000004,5,374.05,2021,12,Dec,2021-12,85.7
2022-05-01,Bookshelf,Furniture,East,2477.55,4,648.87,2022,5,May,2022-05,26.19
2021-12-28,Bed Frame,Furniture,East,4986.62,8,1224.79,2021,12,Dec,2021-12,24.56
2023-11-12,Bread,Groceries,West,48.84,4,6.22,2023,11,Nov,2023-11,12.74
2021-10-03,Bicycle,Sports,West,748.8,6,308.21,2021,10,Oct,2021-10,41.16
2022-01-27,Laptop,Electronics,West,1810.0,3,160.07,2022,1,Jan,2022-01,8.84
2022-11-22,Lamp,Furniture,Central,2228.15,5,711.58,2022,11,Nov,2022-11,31.94
2022-11-22,Dress,Clothing,West,466.75,3,239.89,2022,11,Nov,2022-11,51.4
2023-07-28,Coffee,Groceries,East,5.37,3,0.39,2023,7,Jul,2023-07,7.26
2022-07-30,Bookshelf,Furniture,North,1586.49,6,367.01,2022,7,Jul,2022-07,23.13
2023-06-14,Cereal,Groceries,West,8.85,1,0.9,2023,6,Jun,2023-06,10.17
2021-12-16,Headphones,Electronics,West,4669.46,5,515.02,2021,12,Dec,2021-12,11.03
2023-04-08,Rice,Groceries,North,63.84,3,5.63,2023,4,Apr,2023-04,8.82
2023-01-12,Bookshelf,Furniture,Central,285.75,1,91.19,2023,1,Jan,2023-01,31.91
2022-11-08,Cereal,Groceries,East,92.79,4,9.75,2022,11,Nov,2022-11,10.51
2023-11-20,Jeans,Clothing,West,281.6,3,92.42,2023,11,Nov,2023-11,32.82
2023-06-13,Shoes,Clothing,Central,368.59,6,201.2,2023,6,Jun,2023-06,54.59
2023-05-09,Dumbbell Set,Sports,North,1188.1,3,297.62,2023,5,May,2023-05,25.05
2021-09-19,Bread,Groceries,West,119.55,5,15.8,2021,9,Sep,2021-09,13.22
2021-06-11,Sofa,Furniture,East,877.47,3,276.39,2021,6,Jun,2021-06,31.5
2021-08-23,Running Shoes,Sports,East,47.56,2,16.04,2021,8,Aug,2021-08,33.73
2021-03-05,Sofa,Furniture,East,2114.44,4,603.23,2021,3,Mar,2021-03,28.53
2023-01-19,Smartphone,Electronics,East,1586.06,3,277.33,2023,1,Jan,2023-01,17.49
2023-11-30,Dumbbell Set,Sports,West,1117.5,6,383.67,2023,11,Nov,2023-11,34.33
2023-01-11,Tennis Racket,Sports,South,429.82,3,133.96,2023,1,Jan,2023-01,31.17
2022-01-06,Bed Frame,Furniture,Central,938.35,3,236.77,2022,1,Jan,2022-01,25.23
2022-07-28,Bookshelf,Furniture,South,4462.59,6,1377.81,2022,7,Jul,2022-07,30.87
2021-09-27,Sweater,Clothing,North,330.73,5,149.21,2021,9,Sep,2021-09,45.12
2021-10-20,Headphones,Electronics,North,7641.57,6,1336.53,2021,10,Oct,2021-10,17.49
2021-11-21,Shoes,Clothing,West,64.44,2,21.11,2021,11,Nov,2021-11,32.76
2022-08-13,Sofa,Furniture,Central,2990.13,4,676.54,2022,8,Aug,2022-08,22.63
2022-06-05,Sofa,Furniture,South,764.71,1,301.84,2022,6,Jun,2022-06,39.47
2021-10-31,Jeans,Clothing,South,177.21,1,76.26,2021,10,Oct,2021-10,43.03
2023-11-03,Desk,Furniture,North,1525.29,5,538.61,2023,11,Nov,2023-11,35.31
2022-04-08,Cereal,Groceries,North,16.43,1,1.31,2022,4,Apr,2022-04,7.97
2021-09-13,Shoes,Clothing,West,90.5,1,34.69,2021,9,Sep,2021-09,38.33
2023-11-27,Coffee,Groceries,East,28.98,1,3.7,2023,11,Nov,2023-11,12.77
2022-11-14,Rice,Groceries,East,110.53,5,7.58,2022,11,Nov,2022-11,6.86
2022-06-08,Chair,Furniture,South,175.73,1,54.17,2022,6,Jun,2022-06,30.83
2021-01-10,Rice,Groceries,West,35.35,2,2.88,2021,1,Jan,2021-01,8.15
2022-09-16,Smartwatch,Electronics,East,6401.39,7,770.32,2022,9,Sep,2022-09,12.03
2022-09-22,Rice,Groceries,South,23.14,1,2.87,2022,9,Sep,2022-09,12.4
2022-08-18,Desk,Furniture,South,2621.81,4,979.07,2022,8,Aug,2022-08,37.34
2022-06-17,T-Shirt,Clothing,South,84.66,1,28.49,2022,6,Jun,2022-06,33.65
2021-05-08,Tennis Racket,Sports,South,1501.57,4,452.56,2021,5,May,2021-05,30.14
2022-06-27,Shoes,Clothing,East,187.19,3,73.9,2022,6,Jun,2022-06,39.48
2023-07-20,Olive Oil,Groceries,North,43.33,2,5.45,2023,7,Jul,2023-07,12.58
2022-02-01,Headphones,Electronics,West,1467.91,3,272.26,2022,2,Feb,2022-02,18.55
2021-03-29,Jacket,Clothing,Central,53.03,3,26.69,2021,3,Mar,2021-03,50.33
2022-07-18,T-Shirt,Clothing,East,328.22,2,112.26,2022,7,Jul,2022-07,34.2
2021-04-15,Desk,Furniture,North,3879.95,5,1087.22,2021,4,Apr,2021-04,28.02
2021-12-28,Cereal,Groceries,West,8.64,3,0.93,2021,12,Dec,2021-12,10.76
2023-06-19,Desk,Furniture,East,2222.4,4,770.44,2023,6,Jun,2023-06,34.67
2021-06-29,Sofa,Furniture,West,2313.63,4,870.67,2021,6,Jun,2021-06,37.63
2023-08-23,Tennis Racket,Sports,East,140.48,5,43.81,2023,8,Aug,2023-08,31.19
2021-08-22,Bicycle,Sports,East,257.86,1,95.63,2021,8,Aug,2021-08,37.09
2022-02-10,Dress,Clothing,East,87.24,2,46.62,2022,2,Feb,2022-02,53.44
2023-05-04,Sofa,Furniture,North,912.46,2,315.68,2023,5,May,2023-05,34.6
2022-09-13,Bread,Groceries,North,20.08,2,2.8,2022,9,Sep,2022-09,13.94
2022-03-11,Yoga Mat,Sports,North,601.83,2,260.16,2022,3,Mar,2022-03,43.23
2023-09-23,Laptop,Electronics,West,1121.14,2,222.93,2023,9,Sep,2023-09,19.88
2021-12-19,Olive Oil,Groceries,South,39.66,2,5.89,2021,12,Dec,2021-12,14.85
2022-03-09,Headphones,Electronics,Central,2704.28,3,393.39,2022,3,Mar,2022-03,14.55
2021-05-01,Rice,Groceries,West,46.86,2,3.14,2021,5,May,2021-05,6.7
2021-09-29,Headphones,Electronics,South,837.74,4,138.15,2021,9,Sep,2021-09,16.49
2022-02-01,Yoga Mat,Sports,West,792.97,3,198.68,2022,2,Feb,2022-02,25.06
2021-11-18,Bicycle,Sports,South,142.57,3,38.93,2021,11,Nov,2021-11,27.31
2023-07-07,Coffee,Groceries,South,78.2,8,7.08,2023,7,Jul,2023-07,9.05
2023-02-06,Tennis Racket,Sports,South,239.94,1,102.09,2023,2,Feb,2023-02,42.55
2022-11-21,Bicycle,Sports,West,335.93,5,99.36,2022,11,Nov,2022-11,29.58
2021-02-11,Bed Frame,Furniture,North,1950.87,5,430.32,2021,2,Feb,2021-02,22.06
2022-09-29,Tablet,Electronics,North,1581.83,2,239.65,2022,9,Sep,2022-09,15.15
2023-07-04,Coffee,Groceries,South,34.75,3,3.23,2023,7,Jul,2023-07,9.29
2022-03-23,Headphones,Electronics,South,1445.39,1,270.11,2022,3,Mar,2022-03,18.69
2022-05-14,Wardrobe,Furniture,West,1481.99,2,327.78,2022,5,May,2022-05,22.12
2021-04-01,Tennis Racket,Sports,Central,1355.11,6,531.13,2021,4,Apr,2021-04,39.19
2021-02-12,Tennis Racket,Sports,West,84.12,3,37.14,2021,2,Feb,2021-02,44.15
2021-01-06,Wardrobe,Furniture,West,546.59,1,145.65,2021,1,Jan,2021-01,26.65
2023-11-23,Wardrobe,Furniture,Central,4428.47,6,1756.5,2023,11,Nov,2023-11,39.66
2023-11-25,Tennis Racket,Sports,East,1499.34,7,400.93,2023,11,Nov,2023-11,26.74
2021-08-07,Shoes,Clothing,South,568.67,4,305.08,2021,8,Aug,2021-08,53.65
2021-10-29,Shorts,Clothing,West,28.02,1,15.22,2021,10,Oct,2021-10,54.32
2021-04-20,Wardrobe,Furniture,West,1802.18,3,473.96,2021,4,Apr,2021-04,26.3
2023-03-20,Smartwatch,Electronics,West,2531.28,3,434.18,2023,3,Mar,2023-03,17.15
2023-10-02,Dumbbell Set,Sports,North,739.77,5,318.35,2023,10,Oct,2023-10,43.03
2021-11-16,Coffee,Groceries,Central,3.17,1,0.36,2021,11,Nov,2021-11,11.36
2022-02-05,Wardrobe,Furniture,East,531.25,1,206.53,2022,2,Feb,2022-02,38.88
2023-02-13,Wardrobe,Furniture,North,213.6,2,57.99,2023,2,Feb,2023-02,27.15
2023-04-19,Bread,Groceries,Central,19.92,2,1.53,2023,4,Apr,2023-04,7.68
2021-08-08,T-Shirt,Clothing,Central,595.59,3,324.0,2021,8,Aug,2021-08,54.4
2023-01-18,Dress,Clothing,North,28.88,2,12.03,2023,1,Jan,2023-01,41.66
2022-03-26,Bicycle,Sports,West,364.19,2,97.22,2022,3,Mar,2022-03,26.69
2021-05-21,Sofa,Furniture,South,1532.79,3,494.05,2021,5,May,2021-05,32.23
2022-08-20,Dress,Clothing,West,472.06,3,215.72,2022,8,Aug,2022-08,45.7
2022-01-30,Coffee,Groceries,North,78.69,3,5.51,2022,1,Jan,2022-01,7.0
2021-09-09,Rice,Groceries,North,1.29,1,0.13,2021,9,Sep,2021-09,10.08
2022-08-03,Shoes,Clothing,Central,42.22,2,14.09,2022,8,Aug,2022-08,33.37
2022-09-09,Jacket,Clothing,Central,183.41,1,84.49,2022,9,Sep,2022-09,46.07
2021-10-20,Headphones,Electronics,Central,624.99,2,52.8,2021,10,Oct,2021-10,8.45
2023-03-10,Webcam,Electronics,South,4825.29,4,813.6,2023,3,Mar,2023-03,16.86
2022-08-04,Bread,Groceries,East,79.14,4,4.12,2022,8,Aug,2022-08,5.21
2021-06-28,Shoes,Clothing,South,220.8,6,105.05,2021,6,Jun,2021-06,47.58
2021-11-05,Chair,Furniture,East,1395.88,3,297.39,2021,11,Nov,2021-11,21.3
2021-11-07,Yoga Mat,Sports,Central,839.99,6,238.7,2021,11,Nov,2021-11,28.42
2023-08-16,Wardrobe,Furniture,West,4227.96,6,1612.84,2023,8,Aug,2023-08,38.15
2022-06-08,Coffee,Groceries,South,155.99,6,9.97,2022,6,Jun,2022-06,6.39
2021-03-17,Rice,Groceries,South,7.98,1,0.77,2021,3,Mar,2021-03,9.65
2021-08-03,Webcam,Electronics,North,300.17,1,38.72,2021,8,Aug,2021-08,12.9
2021-08-04,Bicycle,Sports,South,451.65,3,164.44,2021,8,Aug,2021-08,36.41
2023-01-21,Desk,Furniture,West,201.0,2,46.87,2023,1,Jan,2023-01,23.32
2022-06-05,Smartphone,Electronics,South,435.32,1,80.93,2022,6,Jun,2022-06,18.59
2022-03-26,Jeans,Clothing,Central,36.11,3,10.93,2022,3,Mar,2022-03,30.27
2022-01-06,Smartphone,Electronics,Central,1414.5,1,140.89,2022,1,Jan,2022-01,9.96
2022-03-22,Wardrobe,Furniture,East,343.14,2,93.33,2022,3,Mar,2022-03,27.2
2021-02-03,Smartwatch,Electronics,West,1041.95,4,101.11,2021,2,Feb,2021-02,9.7
2021-05-05,Rice,Groceries,Central,13.33,3,1.14,2021,5,May,2021-05,8.55
2023-07-14,Dumbbell Set,Sports,South,189.8,2,70.46,2023,7,Jul,2023-07,37.12
2022-12-29,T-Shirt,Clothing,West,177.72,1,68.3,2022,12,Dec,2022-12,38.43
2023-08-13,Headphones,Electronics,Central,3659.8,3,473.44,2023,8,Aug,2023-08,12.94
2021-07-29,Headphones,Electronics,East,536.68,2,85.74,2021,7,Jul,2021-07,15.98
2022-12-19,Jacket,Clothing,South,1302.9,8,541.23,2022,12,Dec,2022-12,41.54
2023-03-08,Yoga Mat,Sports,Central,766.25,2,330.98,2023,3,Mar,2023-03,43.19
2021-06-10,Yoga Mat,Sports,South,107.42,3,39.44,2021,6,Jun,2021-06,36.72
2023-01-07,Wardrobe,Furniture,West,975.6,2,341.11,2023,1,Jan,2023-01,34.96
2021-08-20,Bed Frame,Furniture,Central,745.45,2,198.45,2021,8,Aug,2021-08,26.62
2023-05-02,Shoes,Clothing,North,274.66,2,91.97,2023,5,May,2023-05,33.49
2021-06-18,Olive Oil,Groceries,East,104.06,4,6.83,2021,6,Jun,2021-06,6.56
2023-02-01,Wardrobe,Furniture,East,954.73,2,290.27,2023,2,Feb,2023-02,30.4
2021-01-22,Milk,Groceries,Central,6.75,3,0.76,2021,1,Jan,2021-01,11.26
2022-05-04,Bed Frame,Furniture,Central,606.03,1,156.51,2022,5,May,2022-05,25.83
2021-05-09,Milk,Groceries,West,26.88,1,2.0,2021,5,May,2021-05,7.44
2022-05-12,Monitor,Electronics,North,76.61,1,15.3,2022,5,May,2022-05,19.97
2021-12-27,Tennis Racket,Sports,Central,806.98,4,291.85,2021,12,Dec,2021-12,36.17
2021-03-20,Lamp,Furniture,East,856.02,2,264.43,2021,3,Mar,2021-03,30.89
2023-10-01,Wardrobe,Furniture,West,3366.99,5,920.84,2023,10,Oct,2023-10,27.35
2023-09-05,Monitor,Electronics,Central,829.43,1,78.78,2023,9,Sep,2023-09,9.5
2022-06-16,Running Shoes,Sports,East,1558.3,6,673.93,2022,6,Jun,2022-06,43.25
2021-05-20,Shoes,Clothing,Central,912.94,6,404.76,2021,5,May,2021-05,44.34
2023-02-24,Headphones,Electronics,Central,3444.22,4,669.66,2023,2,Feb,2023-02,19.44
2021-05-06,Desk,Furniture,East,3013.11,5,1147.93,2021,5,May,2021-05,38.1
2021-09-10,Yoga Mat,Sports,North,116.73,2,47.85,2021,9,Sep,2021-09,40.99
2021-05-03,Running Shoes,Sports,South,136.3,1,58.15,2021,5,May,2021-05,42.66
2021-12-09,Lamp,Furniture,Central,410.89,4,131.69,2021,12,Dec,2021-12,32.05
2023-01-21,Bread,Groceries,South,12.44,1,1.76,2023,1,Jan,2023-01,14.15
2021-06-05,Tennis Racket,Sports,North,224.53,1,76.99,2021,6,Jun,2021-06,34.29
2022-07-16,Olive Oil,Groceries,North,31.43,7,3.36,2022,7,Jul,2022-07,10.69
2021-08-28,Dress,Clothing,West,133.39,4,54.17,2021,8,Aug,2021-08,40.61
2022-10-26,Juice,Groceries,East,11.12,3,1.34,2022,10,Oct,2022-10,12.05
2023-07-02,Cereal,Groceries,Central,29.28,2,4.19,2023,7,Jul,2023-07,14.31
2023-11-06,Smartphone,Electronics,South,436.46000000000004,4,914.54,2023,11,Nov,2023-11,209.54
2021-01-12,Smartphone,Electronics,North,2664.11,3,347.76,2021,1,Jan,2021-01,13.05
2021-02-28,Shorts,Clothing,South,284.12,2,150.9,2021,2,Feb,2021-02,53.11
2021-03-07,Chair,Furniture,Central,706.39,1,241.65,2021,3,Mar,2021-03,34.21
2022-04-06,Bookshelf,Furniture,West,113.45,1,33.51,2022,4,Apr,2022-04,29.54
2021-11-24,Bread,Groceries,South,60.89,3,3.09,2021,11,Nov,2021-11,5.07
2022-12-31,Jacket,Clothing,Central,298.95,2,90.33,2022,12,Dec,2022-12,30.22
2021-10-18,Shoes,Clothing,South,552.09,3,186.84,2021,10,Oct,2021-10,33.84
2023-03-15,Running Shoes,Sports,East,140.15,3,37.48,2023,3,Mar,2023-03,26.74
2022-09-08,Jacket,Clothing,North,319.39,2,139.87,2022,9,Sep,2022-09,43.79
2021-02-12,Jeans,Clothing,North,546.33,3,260.58,2021,2,Feb,2021-02,47.7
2021-06-24,Sofa,Furniture,North,721.46,1,256.2,2021,6,Jun,2021-06,35.51
2022-04-01,Bicycle,Sports,North,252.21,2,68.89,2022,4,Apr,2022-04,27.31
2022-07-27,Laptop,Electronics,North,2247.72,2,441.74,2022,7,Jul,2022-07,19.65
2023-02-11,Milk,Groceries,North,1.53,1,0.09,2023,2,Feb,2023-02,5.88
2021-10-08,Sofa,Furniture,Central,942.82,4,240.18,2021,10,Oct,2021-10,25.47
2023-08-18,Running Shoes,Sports,West,293.46,1,115.68,2023,8,Aug,2023-08,39.42
2021-12-07,Tennis Racket,Sports,North,675.96,4,282.36,2021,12,Dec,2021-12,41.77
2021-12-21,Chair,Furniture,North,1896.31,4,389.59,2021,12,Dec,2021-12,20.54
2021-03-27,Yoga Mat,Sports,West,70.67,3,31.69,2021,3,Mar,2021-03,44.84
2023-06-20,Monitor,Electronics,South,622.06,2,72.96,2023,6,Jun,2023-06,11.73
2023-12-15,Milk,Groceries,North,146.34,9,13.89,2023,12,Dec,2023-12,9.49
2022-10-15,Yoga Mat,Sports,South,978.21,3,289.24,2022,10,Oct,2022-10,29.57
2023-10-06,Olive Oil,Groceries,North,109.68,4,13.89,2023,10,Oct,2023-10,12.66
2022-06-26,Tablet,Electronics,West,308.04,4,55.33,2022,6,Jun,2022-06,17.96
2021-06-11,Laptop,Electronics,Central,53.96,1,5.74,2021,6,Jun,2021-06,10.64
2023-07-29,Bed Frame,Furniture,East,2582.5,5,523.17,2023,7,Jul,2023-07,20.26
2023-02-05,Bicycle,Sports,South,134.5,1,60.23,2023,2,Feb,2023-02,44.78
2023-09-04,Sofa,Furniture,West,1870.05,6,519.78,2023,9,Sep,2023-09,27.79
2023-09-03,Tennis Racket,Sports,West,970.13,5,345.26,2023,9,Sep,2023-09,35.59
2022-08-29,Running Shoes,Sports,West,1753.41,5,446.03,2022,8,Aug,2022-08,25.44
2023-12-04,Sweater,Clothing,North,930.15,5,417.9,2023,12,Dec,2023-12,44.93
2023-11-27,Wardrobe,Furniture,West,601.38,4,138.17,2023,11,Nov,2023-11,22.98
2023-01-12,Olive Oil,Groceries,East,19.19,1,2.22,2023,1,Jan,2023-01,11.57
2023-06-18,Tennis Racket,Sports,East,112.0,4,47.67,2023,6,Jun,2023-06,42.56
2022-03-20,Smartwatch,Electronics,North,1567.7,2,304.21,2022,3,Mar,2022-03,19.4
2023-07-03,Chair,Furniture,East,1909.28,4,399.64,2023,7,Jul,2023-07,20.93
2021-08-08,T-Shirt,Clothing,North,457.52,3,145.87,2021,8,Aug,2021-08,31.88
2023-08-03,Tablet,Electronics,East,604.44,5,98.25,2023,8,Aug,2023-08,16.25
2021-07-26,Yoga Mat,Sports,Central,246.88,5,95.8,2021,7,Jul,2021-07,38.8
2022-10-22,Sweater,Clothing,North,82.02,1,38.32,2022,10,Oct,2022-10,46.72
2022-11-01,Smartphone,Electronics,South,1928.81,2,306.94,2022,11,Nov,2022-11,15.91
2023-03-02,Shorts,Clothing,Central,774.4,4,350.0,2023,3,Mar,2023-03,45.2
2023-10-05,Dress,Clothing,South,535.58,3,186.26,2023,10,Oct,2023-10,34.78
2022-11-10,Chair,Furniture,East,3148.55,7,781.82,2022,11,Nov,2022-11,24.83
2022-09-12,Sweater,Clothing,South,280.19,3,138.9,2022,9,Sep,2022-09,49.57
2023-10-16,Dress,Clothing,East,383.98,4,118.23,2023,10,Oct,2023-10,30.79
2022-04-13,Smartwatch,Electronics,South,237.75,4,40.75,2022,4,Apr,2022-04,17.14
2021-10-21,Juice,Groceries,North,50.51,3,6.81,2021,10,Oct,2021-10,13.48
2022-07-25,Yoga Mat,Sports,North,578.59,2,212.36,2022,7,Jul,2022-07,36.7
2023-07-19,Running Shoes,Sports,South,318.45,5,128.1,2023,7,Jul,2023-07,40.23
2023-02-02,Bookshelf,Furniture,West,1793.63,3,680.92,2023,2,Feb,2023-02,37.96
2022-01-15,Webcam,Electronics,West,880.6,3,138.44,2022,1,Jan,2022-01,15.72
2021-11-25,Wardrobe,Furniture,South,412.49,5,156.11,2021,11,Nov,2021-11,37.85
2021-10-19,Milk,Groceries,North,41.77,4,4.23,2021,10,Oct,2021-10,10.13
2021-04-13,T-Shirt,Clothing,North,298.32,5,131.17,2021,4,Apr,2021-04,43.97
2022-10-18,Cereal,Groceries,East,3.39,1,0.35,2022,10,Oct,2022-10,10.32
2021-12-23,Dumbbell Set,Sports,Central,3358.28,9,1480.49,2021,12,Dec,2021-12,44.08
2023-08-23,Monitor,Electronics,East,567.03,2,64.03,2023,8,Aug,2023-08,11.29
2021-09-03,Monitor,Electronics,East,1675.86,3,136.13,2021,9,Sep,2021-09,8.12
2021-04-21,Coffee,Groceries,South,13.99,3,1.48,2021,4,Apr,2021-04,10.58
2021-12-04,Sofa,Furniture,Central,4171.41,7,1164.45,2021,12,Dec,2021-12,27.92
2023-04-02,Dumbbell Set,Sports,East,612.57,5,177.33,2023,4,Apr,2023-04,28.95
2022-10-15,Milk,Groceries,West,45.2,3,6.29,2022,10,Oct,2022-10,13.92
2021-01-22,Laptop,Electronics,East,3241.87,3,568.11,2021,1,Jan,2021-01,17.52
2022-09-29,Running Shoes,Sports,South,207.24,2,77.72,2022,9,Sep,2022-09,37.5
2023-10-04,Tablet,Electronics,Central,159.26,2,20.82,2023,10,Oct,2023-10,13.07
2022-06-24,Tennis Racket,Sports,West,1260.13,4,364.65,2022,6,Jun,2022-06,28.94
2021-10-20,Bicycle,Sports,North,379.03,3,162.83,2021,10,Oct,2021-10,42.96
2022-11-21,Cereal,Groceries,Central,31.77,6,4.52,2022,11,Nov,2022-11,14.23
2023-04-21,Tennis Racket,Sports,West,604.08,3,189.47,2023,4,Apr,2023-04,31.37
2023-07-17,Smartwatch,Electronics,Central,239.23,2,41.03,2023,7,Jul,2023-07,17.15
2021-03-04,Bed Frame,Furniture,West,196.09,1,66.7,2021,3,Mar,2021-03,34.01
2023-12-23,Laptop,Electronics,North,4757.41,7,949.83,2023,12,Dec,2023-12,19.97
2021-09-25,Yoga Mat,Sports,East,945.12,5,400.3,2021,9,Sep,2021-09,42.35
2023-03-09,Sofa,Furniture,East,438.68,1,101.71,2023,3,Mar,2023-03,23.19
2021-05-20,Cereal,Groceries,South,18.52,3,1.1,2021,5,May,2021-05,5.94
2023-10-19,Cereal,Groceries,East,8.1,4,0.82,2023,10,Oct,2023-10,10.12
2021-04-13,Cereal,Groceries,West,43.89,2,4.26,2021,4,Apr,2021-04,9.71
2023-04-11,Headphones,Electronics,East,3891.38,4,731.62,2023,4,Apr,2023-04,18.8
2022-09-19,Webcam,Electronics,Central,4544.72,7,578.74,2022,9,Sep,2022-09,12.73
2021-04-01,Chair,Furniture,West,545.06,3,209.03,2021,4,Apr,2021-04,38.35
2022-01-18,Laptop,Electronics,Central,1122.43,1,107.49,2022,1,Jan,2022-01,9.58
2022-11-22,Sweater,Clothing,South,727.28,6,378.9,2022,11,Nov,2022-11,52.1
2022-09-09,Dress,Clothing,Central,109.03,2,52.94,2022,9,Sep,2022-09,48.56
2021-07-30,Yoga Mat,Sports,Central,28.72,1,12.7,2021,7,Jul,2021-07,44.22
2023-04-17,Jeans,Clothing,North,436.46000000000004,1,130.83,2023,4,Apr,2023-04,29.98
2023-03-26,Bicycle,Sports,East,410.78,2,182.9,2023,3,Mar,2023-03,44.53
2023-12-30,Juice,Groceries,East,7.07,3,0.81,2023,12,Dec,2023-12,11.46
2023-01-27,Sofa,Furniture,South,459.1,1,173.52,2023,1,Jan,2023-01,37.8
2021-06-21,Jacket,Clothing,Central,168.37,1,68.74,2021,6,Jun,2021-06,40.83
2022-02-22,Chair,Furniture,Central,2466.84,5,650.18,2022,2,Feb,2022-02,26.36
2023-02-16,Bed Frame,Furniture,North,901.75,4,236.45,2023,2,Feb,2023-02,26.22
2023-09-11,Smartwatch,Electronics,Central,4399.83,3,801.88,2023,9,Sep,2023-09,18.23
2021-01-04,Jacket,Clothing,East,941.09,5,509.13,2021,1,Jan,2021-01,54.1
2021-10-04,Juice,Groceries,South,118.77,6,11.05,2021,10,Oct,2021-10,9.3
2021-12-17,Smartwatch,Electronics,Central,4392.88,6,530.67,2021,12,Dec,2021-12,12.08
2022-05-15,Bicycle,Sports,South,851.86,3,233.2,2022,5,May,2022-05,27.38
2021-06-21,Shorts,Clothing,North,285.17,5,107.28,2021,6,Jun,2021-06,37.62
2023-08-10,Jeans,Clothing,South,983.76,5,485.07,2023,8,Aug,2023-08,49.31
2021-11-18,Bread,Groceries,South,26.77,3,3.26,2021,11,Nov,2021-11,12.18
2023-10-26,Wardrobe,Furniture,East,3519.0,7,1316.19,2023,10,Oct,2023-10,37.4
2023-03-18,Webcam,Electronics,North,3712.11,3,350.6,2023,3,Mar,2023-03,9.44
2021-08-03,T-Shirt,Clothing,North,164.67,1,75.35,2021,8,Aug,2021-08,45.76
2021-01-20,Wardrobe,Furniture,Central,761.72,1,170.09,2021,1,Jan,2021-01,22.33
2023-07-06,Wardrobe,Furniture,West,2096.9,4,599.9,2023,7,Jul,2023-07,28.61
2021-03-02,Milk,Groceries,Central,85.05,4,10.86,2021,3,Mar,2021-03,12.77
2023-06-13,Juice,Groceries,West,117.6,4,6.35,2023,6,Jun,2023-06,5.4
2022-08-26,Jeans,Clothing,South,1006.94,8,353.57,2022,8,Aug,2022-08,35.11
2022-06-30,Bookshelf,Furniture,South,637.54,1,191.9,2022,6,Jun,2022-06,30.1
2021-08-06,Sofa,Furniture,East,366.9,1,80.29,2021,8,Aug,2021-08,21.88
2023-05-14,Coffee,Groceries,Central,10.49,1,1.42,2023,5,May,2023-05,13.54
2022-11-11,Webcam,Electronics,West,1699.46,3,160.13,2022,11,Nov,2022-11,9.42
2021-02-18,Cereal,Groceries,East,7.12,1,0.87,2021,2,Feb,2021-02,12.22
2022-04-25,Dumbbell Set,Sports,Central,182.38,1,62.82,2022,4,Apr,2022-04,34.44
2023-12-14,Bookshelf,Furniture,East,274.2,2,79.9,2023,12,Dec,2023-12,29.14
2022-05-26,Olive Oil,Groceries,East,83.22,4,7.05,2022,5,May,2022-05,8.47
2022-12-22,Running Shoes,Sports,East,910.43,6,305.42,2022,12,Dec,2022-12,33.55
2023-06-14,Jacket,Clothing,Central,282.63,7,150.5,2023,6,Jun,2023-06,53.25
2021-08-21,Laptop,Electronics,East,2297.73,4,244.05,2021,8,Aug,2021-08,10.62
2022-07-30,Juice,Groceries,East,27.47,1,2.05,2022,7,Jul,2022-07,7.46
2023-07-13,Wardrobe,Furniture,North,1798.47,5,484.25,2023,7,Jul,2023-07,26.93
2021-12-09,Cereal,Groceries,East,28.84,2,3.04,2021,12,Dec,2021-12,10.54
2022-05-18,Dumbbell Set,Sports,Central,547.08,2,188.56,2022,5,May,2022-05,34.47
2021-09-18,Laptop,Electronics,West,5647.95,9,881.56,2021,9,Sep,2021-09,15.61
2023-08-31,T-Shirt,Clothing,North,189.7,1,57.43,2023,8,Aug,2023-08,30.27
2022-09-27,Bicycle,Sports,West,336.07,1,117.56,2022,9,Sep,2022-09,34.98
2021-06-03,Tennis Racket,Sports,West,1121.37,3,371.81,2021,6,Jun,2021-06,33.16
2023-02-13,Shoes,Clothing,North,151.29,1,71.73,2023,2,Feb,2023-02,47.41
2022-11-15,Wardrobe,Furniture,East,405.36,1,145.32,2022,11,Nov,2022-11,35.85
2021-02-01,Olive Oil,Groceries,South,56.41,4,5.88,2021,2,Feb,2021-02,10.42
2023-09-03,Bed Frame,Furniture,Central,746.52,4,238.53,2023,9,Sep,2023-09,31.95
2021-06-06,Tablet,Electronics,East,867.88,1,151.65,2021,6,Jun,2021-06,17.47
2021-05-07,Laptop,Electronics,North,7076.64,5,892.18,2021,5,May,2021-05,12.61
2022-08-13,Yoga Mat,Sports,North,353.51,4,146.29,2022,8,Aug,2022-08,41.38
2022-07-20,Juice,Groceries,South,25.97,2,2.05,2022,7,Jul,2022-07,7.89
2021-03-23,Yoga Mat,Sports,East,114.44,2,35.12,2021,3,Mar,2021-03,30.69
2021-09-15,Running Shoes,Sports,North,175.72,6,65.79,2021,9,Sep,2021-09,37.44
2023-10-01,Bookshelf,Furniture,South,2196.12,4,740.9,2023,10,Oct,2023-10,33.74
2022-06-15,Yoga Mat,Sports,East,118.72,2,46.49,2022,6,Jun,2022-06,39.16
2023-04-22,Dumbbell Set,Sports,East,278.33,1,104.84,2023,4,Apr,2023-04,37.67
2023-09-06,Webcam,Electronics,South,6960.67,5,618.6,2023,9,Sep,2023-09,8.89
2021-11-18,Dumbbell Set,Sports,West,2855.65,9,886.44,2021,11,Nov,2021-11,31.04
2021-06-08,Bed Frame,Furniture,Central,1311.8,3,492.18,2021,6,Jun,2021-06,37.52
2021-06-04,Bookshelf,Furniture,South,654.16,1,173.2,2021,6,Jun,2021-06,26.48
2021-06-01,Chair,Furniture,South,1399.54,2,517.11,2021,6,Jun,2021-06,36.95
2021-05-05,Laptop,Electronics,North,4255.96,3,383.61,2021,5,May,2021-05,9.01
2023-07-10,Running Shoes,Sports,South,128.45,1,51.92,2023,7,Jul,2023-07,40.42
2021-12-31,Bicycle,Sports,South,1106.58,4,364.83,2021,12,Dec,2021-12,32.97
2023-04-22,Desk,Furniture,Central,391.89,1,153.19,2023,4,Apr,2023-04,39.09
2022-08-31,Rice,Groceries,South,37.91,3,2.31,2022,8,Aug,2022-08,6.09
2023-11-02,Lamp,Furniture,Central,2756.2,4,706.29,2023,11,Nov,2023-11,25.63
2023-12-06,Olive Oil,Groceries,West,67.23,7,5.06,2023,12,Dec,2023-12,7.53
2023-09-06,Webcam,Electronics,North,1026.69,3,109.4,2023,9,Sep,2023-09,10.66
2021-08-06,Chair,Furniture,North,4551.39,6,1192.73,2021,8,Aug,2021-08,26.21
2022-04-17,Lamp,Furniture,Central,2883.44,4,763.14,2022,4,Apr,2022-04,26.47
2023-02-04,Tennis Racket,Sports,East,332.07,1,95.38,2023,2,Feb,2023-02,28.72
2022-04-19,Shorts,Clothing,East,234.3,3,100.65,2022,4,Apr,2022-04,42.96
2022-03-19,Smartphone,Electronics,Central,184.67,2,36.55,2022,3,Mar,2022-03,19.79
2022-12-24,Shoes,Clothing,Central,199.49,5,93.23,2022,12,Dec,2022-12,46.73
2022-05-24,Olive Oil,Groceries,Central,7.45,2,0.85,2022,5,May,2022-05,11.41
2022-09-09,Bicycle,Sports,North,362.01,1,121.88,2022,9,Sep,2022-09,33.67
2021-04-11,Shorts,Clothing,East,507.63,3,262.51,2021,4,Apr,2021-04,51.71
2021-11-12,Tennis Racket,Sports,West,593.08,2,224.46,2021,11,Nov,2021-11,37.85
2023-07-06,Chair,Furniture,West,1775.02,3,427.63,2023,7,Jul,2023-07,24.09
2021-09-28,Olive Oil,Groceries,West,55.59,2,6.41,2021,9,Sep,2021-09,11.53
2022-12-17,Milk,Groceries,West,50.34,8,3.63,2022,12,Dec,2022-12,7.21
2021-11-08,Dumbbell Set,Sports,West,1129.19,6,322.29,2021,11,Nov,2021-11,28.54
2022-05-01,Bicycle,Sports,West,125.78,3,55.23,2022,5,May,2022-05,43.91
2022-04-01,Chair,Furniture,South,367.88,1,146.97,2022,4,Apr,2022-04,39.95
2023-05-29,Milk,Groceries,Central,67.3,3,4.56,2023,5,May,2023-05,6.78
2023-02-02,Laptop,Electronics,East,292.09,2,32.89,2023,2,Feb,2023-02,11.26
2022-07-03,Laptop,Electronics,North,1128.74,3,176.68,2022,7,Jul,2022-07,15.65
2022-12-08,Running Shoes,Sports,East,758.29,6,228.67,2022,12,Dec,2022-12,30.16
2023-12-08,Monitor,Electronics,South,2043.2,5,209.53,2023,12,Dec,2023-12,10.25
2021-02-02,Dumbbell Set,Sports,West,284.19,1,104.81,2021,2,Feb,2021-02,36.88
2023-11-17,Smartphone,Electronics,West,3088.26,6,605.5,2023,11,Nov,2023-11,19.61
2021-02-12,Monitor,Electronics,East,2252.08,3,424.11,2021,2,Feb,2021-02,18.83
2023-09-27,Dumbbell Set,Sports,South,710.56,2,198.83,2023,9,Sep,2023-09,27.98
2022-07-07,Jeans,Clothing,West,499.67,5,269.08,2022,7,Jul,2022-07,53.85
2023-05-27,Sweater,Clothing,South,349.63,3,158.35,2023,5,May,2023-05,45.29
2023-05-15,Headphones,Electronics,North,2920.22,2,430.12,2023,5,May,2023-05,14.73
2021-12-16,Bed Frame,Furniture,North,2669.57,7,669.11,2021,12,Dec,2021-12,25.06
2023-11-14,Bookshelf,Furniture,South,1556.04,5,512.58,2023,11,Nov,2023-11,32.94
2021-03-06,Olive Oil,Groceries,North,22.43,1,2.37,2021,3,Mar,2021-03,10.57
2022-09-02,Chair,Furniture,West,1298.22,3,453.25,2022,9,Sep,2022-09,34.91
2022-11-30,Bed Frame,Furniture,East,470.37,3,170.93,2022,11,Nov,2022-11,36.34
2022-05-06,Cereal,Groceries,South,47.9,3,5.88,2022,5,May,2022-05,12.28
2022-10-29,Headphones,Electronics,West,613.1,4,53.8,2022,10,Oct,2022-10,8.78
2021-07-11,Bicycle,Sports,North,398.77,1,117.77,2021,7,Jul,2021-07,29.53
2023-04-01,Lamp,Furniture,North,250.54,1,51.15,2023,4,Apr,2023-04,20.42
2022-04-12,Webcam,Electronics,South,3004.07,4,382.08,2022,4,Apr,2022-04,12.72
2022-04-13,Bicycle,Sports,South,792.02,3,264.39,2022,4,Apr,2022-04,33.38
2022-10-14,Olive Oil,Groceries,South,75.84,3,7.52,2022,10,Oct,2022-10,9.92
2022-09-08,Jeans,Clothing,North,555.12,5,256.09,2022,9,Sep,2022-09,46.13
2022-09-10,Yoga Mat,Sports,South,477.0,6,123.9,2022,9,Sep,2022-09,25.97
2022-03-31,Cereal,Groceries,North,47.13,6,3.9,2022,3,Mar,2022-03,8.27
2023-12-16,Tablet,Electronics,North,5569.87,4,959.33,2023,12,Dec,2023-12,17.22
2023-06-01,Dumbbell Set,Sports,North,379.94,1,169.21,2023,6,Jun,2023-06,44.54
2022-09-24,Smartphone,Electronics,East,4247.36,4,361.16,2022,9,Sep,2022-09,8.5
2023-07-26,Yoga Mat,Sports,North,74.49,2,25.52,2023,7,Jul,2023-07,34.26
2022-02-11,Yoga Mat,Sports,Central,348.8,1,118.25,2022,2,Feb,2022-02,33.9
2022-02-10,Shoes,Clothing,East,186.42,1,76.45,2022,2,Feb,2022-02,41.01
2022-02-03,Headphones,Electronics,Central,3717.18,3,616.03,2022,2,Feb,2022-02,16.57
2023-06-02,Dress,Clothing,West,120.62,6,58.12,2023,6,Jun,2023-06,48.18
2022-05-24,Milk,Groceries,North,107.26,4,15.82,2022,5,May,2022-05,14.75
2021-04-17,Smartwatch,Electronics,East,4904.38,5,976.91,2021,4,Apr,2021-04,19.92
2023-03-05,Webcam,Electronics,Central,2589.39,2,309.67,2023,3,Mar,2023-03,11.96
2021-04-21,Webcam,Electronics,South,6555.23,5,1285.5,2021,4,Apr,2021-04,19.61
2023-05-18,Bread,Groceries,South,11.78,1,1.36,2023,5,May,2023-05,11.54
2022-09-25,Smartphone,Electronics,North,481.25,1,59.81,2022,9,Sep,2022-09,12.43
2022-11-14,Juice,Groceries,South,52.25,5,6.04,2022,11,Nov,2022-11,11.56
2022-08-02,Sweater,Clothing,North,528.91,4,240.41,2022,8,Aug,2022-08,45.45
2023-11-03,Webcam,Electronics,North,2380.52,3,261.0,2023,11,Nov,2023-11,10.96
2023-09-15,Bed Frame,Furniture,North,297.63,2,77.02,2023,9,Sep,2023-09,25.88
2023-07-15,Chair,Furniture,North,1746.93,4,575.13,2023,7,Jul,2023-07,32.92
2022-07-17,Yoga Mat,Sports,East,962.62,5,307.94,2022,7,Jul,2022-07,31.99
2023-09-14,Olive Oil,Groceries,North,86.96,3,8.36,2023,9,Sep,2023-09,9.61
2021-09-24,Dumbbell Set,Sports,East,2352.6,7,888.91,2021,9,Sep,2021-09,37.78
2023-04-10,Milk,Groceries,Central,51.51,5,6.66,2023,4,Apr,2023-04,12.93
2021-09-04,Laptop,Electronics,North,809.39,4,121.01,2021,9,Sep,2021-09,14.95
2022-02-04,Milk,Groceries,East,28.7,1,3.59,2022,2,Feb,2022-02,12.51
2022-06-24,Bicycle,Sports,West,250.79,2,111.75,2022,6,Jun,2022-06,44.56
2021-12-18,Tennis Racket,Sports,Central,285.29,2,98.43,2021,12,Dec,2021-12,34.5
2023-05-11,Sofa,Furniture,West,2833.77,6,1053.53,2023,5,May,2023-05,37.18
2023-07-20,Tennis Racket,Sports,South,1115.51,3,327.64,2023,7,Jul,2023-07,29.37
2023-06-30,Webcam,Electronics,Central,3792.08,5,347.79,2023,6,Jun,2023-06,9.17
2022-12-18,Bookshelf,Furniture,East,301.61,1,81.69,2022,12,Dec,2022-12,27.08
2023-01-02,Headphones,Electronics,Central,1242.07,1,228.39,2023,1,Jan,2023-01,18.39
2022-07-18,Smartphone,Electronics,East,1880.3,8,357.28,2022,7,Jul,2022-07,19.0
2023-10-26,Smartphone,Electronics,West,2117.66,2,349.5,2023,10,Oct,2023-10,16.5
2022-08-21,Desk,Furniture,East,369.45,3,91.56,2022,8,Aug,2022-08,24.78
2022-06-22,Sweater,Clothing,North,108.27,2,33.86,2022,6,Jun,2022-06,31.27
2021-03-27,Olive Oil,Groceries,South,22.32,1,2.96,2021,3,Mar,2021-03,13.26
2021-04-23,Jeans,Clothing,East,163.44,3,70.82,2021,4,Apr,2021-04,43.33
2021-06-12,Bookshelf,Furniture,East,1833.74,8,523.0,2021,6,Jun,2021-06,28.52
2022-03-22,Smartphone,Electronics,North,265.59,1,37.97,2022,3,Mar,2022-03,14.3
2021-05-04,Sweater,Clothing,West,183.77,4,72.52,2021,5,May,2021-05,39.46
2021-09-12,Tennis Racket,Sports,East,491.15,2,154.13,2021,9,Sep,2021-09,31.38
2021-04-21,Bed Frame,Furniture,South,997.25,2,244.39,2021,4,Apr,2021-04,24.51
2022-07-01,Tablet,Electronics,East,2156.45,2,222.94,2022,7,Jul,2022-07,10.34
2022-07-22,Coffee,Groceries,North,35.89,2,3.23,2022,7,Jul,2022-07,9.0
2023-05-14,T-Shirt,Clothing,South,109.29,1,48.59,2023,5,May,2023-05,44.46
2022-07-07,Cereal,Groceries,East,66.05,3,4.19,2022,7,Jul,2022-07,6.34
2021-09-17,Webcam,Electronics,East,710.34,1,89.7,2021,9,Sep,2021-09,12.63
2023-05-18,Olive Oil,Groceries,East,54.42,5,7.45,2023,5,May,2023-05,13.69
2022-04-05,Tennis Racket,Sports,South,533.41,4,155.42,2022,4,Apr,2022-04,29.14
2023-05-09,Tablet,Electronics,North,4649.36,5,406.19,2023,5,May,2023-05,8.74
2021-12-17,Bed Frame,Furniture,East,283.12,2,85.02,2021,12,Dec,2021-12,30.03
2021-06-24,Desk,Furniture,Central,621.93,3,215.55,2021,6,Jun,2021-06,34.66
2022-05-12,Yoga Mat,Sports,South,911.62,5,297.24,2022,5,May,2022-05,32.61
2022-08-15,Dress,Clothing,Central,351.27,4,108.82,2022,8,Aug,2022-08,30.98
2022-10-05,Juice,Groceries,North,4.9,4,0.46,2022,10,Oct,2022-10,9.39
2021-10-25,Yoga Mat,Sports,North,1590.59,6,561.88,2021,10,Oct,2021-10,35.33
2023-09-15,Dumbbell Set,Sports,South,661.42,3,206.13,2023,9,Sep,2023-09,31.16
2021-12-10,Milk,Groceries,West,82.08,3,7.7,2021,12,Dec,2021-12,9.38
2021-03-05,Sofa,Furniture,North,1036.11,2,385.34,2021,3,Mar,2021-03,37.19
2022-03-10,Smartphone,Electronics,Central,1943.69,2,369.73,2022,3,Mar,2022-03,19.02
2022-01-27,Shorts,Clothing,East,219.88,3,109.11,2022,1,Jan,2022-01,49.62
2022-06-30,Running Shoes,Sports,West,202.65,2,58.92,2022,6,Jun,2022-06,29.07
2023-03-09,Dress,Clothing,East,223.07,2,120.6,2023,3,Mar,2023-03,54.06
2021-06-28,Webcam,Electronics,Central,1133.62,1,125.76,2021,6,Jun,2021-06,11.09
2021-12-30,T-Shirt,Clothing,East,715.3,7,306.19,2021,12,Dec,2021-12,42.81
2023-03-27,Wardrobe,Furniture,Central,1337.7,2,346.54,2023,3,Mar,2023-03,25.91
2021-10-26,Tablet,Electronics,East,1218.54,1,184.33,2021,10,Oct,2021-10,15.13
2022-04-06,Cereal,Groceries,South,30.52,2,1.77,2022,4,Apr,2022-04,5.8
2023-01-06,Jeans,Clothing,West,477.32,3,161.7,2023,1,Jan,2023-01,33.88
2022-08-29,Yoga Mat,Sports,East,1575.55,4,528.97,2022,8,Aug,2022-08,33.57
2023-01-27,Juice,Groceries,West,19.93,1,2.84,2023,1,Jan,2023-01,14.25
2021-10-20,Shoes,Clothing,East,733.98,4,278.99,2021,10,Oct,2021-10,38.01
2022-08-25,Milk,Groceries,West,5.25,5,0.38,2022,8,Aug,2022-08,7.24
2022-01-09,Lamp,Furniture,East,671.31,1,239.21,2022,1,Jan,2022-01,35.63
2021-02-12,Running Shoes,Sports,East,85.68,2,37.34,2021,2,Feb,2021-02,43.58
2023-07-07,Rice,Groceries,West,9.3,2,1.13,2023,7,Jul,2023-07,12.15
2023-07-31,Yoga Mat,Sports,South,305.18,3,84.17,2023,7,Jul,2023-07,27.58
2021-05-02,Chair,Furniture,East,798.83,4,309.18,2021,5,May,2021-05,38.7
2023-10-31,Monitor,Electronics,Central,792.45,2,69.02,2023,10,Oct,2023-10,8.71
2022-12-06,Headphones,Electronics,East,8389.4,9,1020.96,2022,12,Dec,2022-12,12.17
2021-08-19,Tablet,Electronics,North,4395.42,3,501.04,2021,8,Aug,2021-08,11.4
2023-06-30,Shorts,Clothing,Central,184.27,2,99.17,2023,6,Jun,2023-06,53.82
2021-02-20,Running Shoes,Sports,South,2797.03,8,898.35,2021,2,Feb,2021-02,32.12
2023-06-09,Webcam,Electronics,South,2065.16,7,330.95,2023,6,Jun,2023-06,16.03
2022-02-16,Bed Frame,Furniture,South,223.89,1,53.47,2022,2,Feb,2022-02,23.88
2023-12-23,Tennis Racket,Sports,South,828.62,6,294.64,2023,12,Dec,2023-12,35.56
2023-01-18,Jeans,Clothing,North,730.96,5,338.89,2023,1,Jan,2023-01,46.36
2021-02-04,Bookshelf,Furniture,North,971.06,2,370.72,2021,2,Feb,2021-02,38.18
2023-04-14,Shorts,Clothing,North,81.01,2,34.03,2023,4,Apr,2023-04,42.01
2021-01-22,Running Shoes,Sports,East,975.46,3,419.39,2021,1,Jan,2021-01,42.99
2021-04-01,T-Shirt,Clothing,South,60.25,3,23.7,2021,4,Apr,2021-04,39.34
2022-08-13,Tennis Racket,Sports,Central,993.92,5,353.88,2022,8,Aug,2022-08,35.6
2023-12-09,Headphones,Electronics,South,7829.93,6,1285.23,2023,12,Dec,2023-12,16.41
2021-06-21,Sweater,Clothing,North,155.86,4,72.88,2021,6,Jun,2021-06,46.76
2023-05-08,Shoes,Clothing,West,188.86,4,77.65,2023,5,May,2023-05,41.12
2022-09-20,Tennis Racket,Sports,East,1279.45,4,562.6,2022,9,Sep,2022-09,43.97
2021-08-01,Juice,Groceries,West,26.72,2,2.78,2021,8,Aug,2021-08,10.4
2022-12-29,Tennis Racket,Sports,West,919.75,3,293.78,2022,12,Dec,2022-12,31.94
2021-02-07,Running Shoes,Sports,North,473.53,4,196.86,2021,2,Feb,2021-02,41.57
2022-12-22,Tennis Racket,Sports,West,561.79,4,143.55,2022,12,Dec,2022-12,25.55
2023-09-28,Olive Oil,Groceries,South,5.28,1,0.65,2023,9,Sep,2023-09,12.31
2022-03-02,Juice,Groceries,Central,8.87,1,0.57,2022,3,Mar,2022-03,6.43
2023-05-05,Cereal,Groceries,West,4.11,1,0.38,2023,5,May,2023-05,9.25
2023-11-16,Cereal,Groceries,North,117.78,4,13.62,2023,11,Nov,2023-11,11.56
2021-05-03,Cereal,Groceries,South,97.36,4,13.3,2021,5,May,2021-05,13.66
2021-12-03,Tablet,Electronics,West,2096.83,3,285.24,2021,12,Dec,2021-12,13.6
2022-11-28,Bicycle,Sports,North,169.81,1,46.72,2022,11,Nov,2022-11,27.51
2023-09-17,Dumbbell Set,Sports,Central,310.71,2,105.63,2023,9,Sep,2023-09,34.0
2023-04-08,Laptop,Electronics,East,5579.92,5,1049.37,2023,4,Apr,2023-04,18.81
2021-08-19,Sweater,Clothing,South,167.12,2,77.0,2021,8,Aug,2021-08,46.07
2023-05-03,Dress,Clothing,North,705.6,4,355.29,2023,5,May,2023-05,50.35
2023-12-03,Webcam,Electronics,South,3586.54,3,672.44,2023,12,Dec,2023-12,18.75
2021-04-30,Sweater,Clothing,North,482.89,4,154.07,2021,4,Apr,2021-04,31.91
2023-09-09,Laptop,Electronics,East,562.33,1,67.88,2023,9,Sep,2023-09,12.07
2022-01-30,Desk,Furniture,West,598.17,4,156.2,2022,1,Jan,2022-01,26.11
2021-02-25,Lamp,Furniture,North,1081.36,2,352.49,2021,2,Feb,2021-02,32.6
2023-02-15,Juice,Groceries,North,57.19,2,6.91,2023,2,Feb,2023-02,12.08
2023-07-23,Chair,Furniture,West,1238.13,3,309.5,2023,7,Jul,2023-07,25.0
2023-09-26,Tablet,Electronics,South,5892.12,8,955.83,2023,9,Sep,2023-09,16.22
2022-07-01,Desk,Furniture,East,1970.25,5,449.95,2022,7,Jul,2022-07,22.84
2022-01-31,Milk,Groceries,Central,22.8,1,2.07,2022,1,Jan,2022-01,9.08
2021-04-03,Sweater,Clothing,Central,332.8,3,165.95,2021,4,Apr,2021-04,49.86
2021-05-20,Dress,Clothing,Central,165.41,2,65.54,2021,5,May,2021-05,39.62
2021-05-20,Dumbbell Set,Sports,South,193.77,6,76.86,2021,5,May,2021-05,39.67
2023-10-09,Smartwatch,Electronics,East,4381.84,5,621.44,2023,10,Oct,2023-10,14.18
2022-09-14,Monitor,Electronics,West,1809.25,4,152.03,2022,9,Sep,2022-09,8.4
2022-04-24,Jacket,Clothing,Central,65.23,3,20.5,2022,4,Apr,2022-04,31.43
2022-01-13,Bookshelf,Furniture,South,754.93,1,213.29,2022,1,Jan,2022-01,28.25
2023-05-08,Rice,Groceries,North,19.57,2,2.62,2023,5,May,2023-05,13.39
2023-12-08,Tablet,Electronics,North,1416.55,5,219.49,2023,12,Dec,2023-12,15.49
2021-11-19,Laptop,Electronics,Central,4781.03,5,682.49,2021,11,Nov,2021-11,14.27
2022-12-09,Shorts,Clothing,Central,1093.1,7,363.68,2022,12,Dec,2022-12,33.27
2023-04-11,Jeans,Clothing,Central,497.66,5,271.29,2023,4,Apr,2023-04,54.51
2023-01-21,Webcam,Electronics,North,2823.6,4,321.86,2023,1,Jan,2023-01,11.4
2021-10-15,Bed Frame,Furniture,North,731.83,4,292.63,2021,10,Oct,2021-10,39.99
2023-01-22,Headphones,Electronics,North,5060.57,4,524.98,2023,1,Jan,2023-01,10.37
2022-06-12,Laptop,Electronics,North,1310.61,1,176.92,2022,6,Jun,2022-06,13.5
2023-04-10,Dumbbell Set,Sports,Central,170.81,1,66.06,2023,4,Apr,2023-04,38.67
2021-09-17,Olive Oil,Groceries,North,12.47,1,1.26,2021,9,Sep,2021-09,10.1
2022-08-17,Smartphone,Electronics,West,3222.36,4,550.32,2022,8,Aug,2022-08,17.08
2023-02-09,Chair,Furniture,Central,1887.71,3,521.58,2023,2,Feb,2023-02,27.63
2022-11-02,Chair,Furniture,South,811.33,3,250.52,2022,11,Nov,2022-11,30.88
2022-07-14,Tennis Racket,Sports,East,869.73,3,387.99,2022,7,Jul,2022-07,44.61
2023-05-12,Jacket,Clothing,North,38.64,1,18.34,2023,5,May,2023-05,47.46
2021-02-27,Sweater,Clothing,South,173.13,4,53.67,2021,2,Feb,2021-02,31.0
2023-09-17,Wardrobe,Furniture,North,830.73,2,301.64,2023,9,Sep,2023-09,36.31
2022-03-29,Dress,Clothing,Central,1611.45,9,587.82,2022,3,Mar,2022-03,36.48
2023-11-23,Laptop,Electronics,West,786.75,6,107.83,2023,11,Nov,2023-11,13.71
2022-09-16,Bed Frame,Furniture,North,674.09,1,235.13,2022,9,Sep,2022-09,34.88
2021-01-04,Sweater,Clothing,Central,198.58,1,86.44,2021,1,Jan,2021-01,43.53
2021-05-16,Bicycle,Sports,South,343.47,5,145.6,2021,5,May,2021-05,42.39
2022-01-12,Laptop,Electronics,Central,2912.53,5,544.13,2022,1,Jan,2022-01,18.68
2021-10-18,Shorts,Clothing,East,261.07,2,126.78,2021,10,Oct,2021-10,48.56
2022-08-15,Wardrobe,Furniture,South,3151.4,4,819.63,2022,8,Aug,2022-08,26.01
2023-11-28,Rice,Groceries,North,15.28,2,0.99,2023,11,Nov,2023-11,6.48
2021-07-11,Olive Oil,Groceries,North,49.67,2,5.38,2021,7,Jul,2021-07,10.83
2023-07-14,Bookshelf,Furniture,Central,1029.22,2,350.05,2023,7,Jul,2023-07,34.01
2022-04-25,Smartphone,Electronics,South,2973.14,4,550.95,2022,4,Apr,2022-04,18.53
2021-11-26,Jacket,Clothing,North,342.98,3,163.02,2021,11,Nov,2021-11,47.53
2021-10-22,Desk,Furniture,West,1417.8,2,348.3,2021,10,Oct,2021-10,24.57
2023-03-04,Shorts,Clothing,Central,698.41,5,257.0,2023,3,Mar,2023-03,36.8
2022-12-30,Lamp,Furniture,Central,2319.1,5,887.04,2022,12,Dec,2022-12,38.25
2023-08-02,Bicycle,Sports,West,331.94,1,128.23,2023,8,Aug,2023-08,38.63
2021-05-02,Dress,Clothing,East,760.7,5,257.73,2021,5,May,2021-05,33.88
2022-08-27,T-Shirt,Clothing,South,47.76,4,15.21,2022,8,Aug,2022-08,31.85
2021-09-06,Olive Oil,Groceries,West,52.98,3,7.03,2021,9,Sep,2021-09,13.27
2022-11-15,Jeans,Clothing,Central,376.51,3,139.35,2022,11,Nov,2022-11,37.01
2021-07-16,Milk,Groceries,East,3.68,1,0.54,2021,7,Jul,2021-07,14.67
2023-07-08,Headphones,Electronics,Central,1288.8,2,156.4,2023,7,Jul,2023-07,12.14
2022-12-17,Laptop,Electronics,East,6836.66,5,1117.43,2022,12,Dec,2022-12,16.34
2021-02-11,Coffee,Groceries,West,27.41,1,2.14,2021,2,Feb,2021-02,7.81
2021-09-25,Rice,Groceries,West,8.74,2,0.54,2021,9,Sep,2021-09,6.18
2023-02-21,Webcam,Electronics,West,1024.52,2,149.54,2023,2,Feb,2023-02,14.6
2023-10-29,Sofa,Furniture,West,436.46000000000004,4,130.83,2023,10,Oct,2023-10,29.98
2023-09-27,Yoga Mat,Sports,West,601.11,2,197.0,2023,9,Sep,2023-09,32.77
2021-03-19,Jeans,Clothing,Central,172.1,1,74.53,2021,3,Mar,2021-03,43.31
2022-04-13,Tennis Racket,Sports,East,910.96,3,397.19,2022,4,Apr,2022-04,43.6
2023-02-18,Rice,Groceries,Central,49.75,3,4.76,2023,2,Feb,2023-02,9.57
2022-07-01,Bicycle,Sports,North,65.28,1,24.74,2022,7,Jul,2022-07,37.9
2021-11-10,Sofa,Furniture,East,3035.53,5,990.52,2021,11,Nov,2021-11,32.63
2021-06-25,Yoga Mat,Sports,North,304.93,1,94.95,2021,6,Jun,2021-06,31.14
2022-06-20,Dress,Clothing,Central,471.13,4,242.88,2022,6,Jun,2022-06,51.55
2021-11-02,Sofa,Furniture,West,370.79,2,122.06,2021,11,Nov,2021-11,32.92
2021-03-02,Smartphone,Electronics,West,1146.28,2,174.32,2021,3,Mar,2021-03,15.21
2021-04-12,Olive Oil,Groceries,North,25.55,1,2.18,2021,4,Apr,2021-04,8.53
2023-01-31,Dress,Clothing,East,570.85,3,303.75,2023,1,Jan,2023-01,53.21
2023-10-04,Smartphone,Electronics,North,2527.61,4,492.37,2023,10,Oct,2023-10,19.48
2021-07-16,Bookshelf,Furniture,East,1495.85,2,338.72,2021,7,Jul,2021-07,22.64
2022-08-26,Desk,Furniture,West,2749.64,4,921.6,2022,8,Aug,2022-08,33.52
2021-12-13,Headphones,Electronics,North,4392.07,5,364.13,2021,12,Dec,2021-12,8.29
2021-05-20,Tablet,Electronics,South,3618.81,3,517.94,2021,5,May,2021-05,14.31
2023-11-28,Headphones,Electronics,West,1022.8,3,141.48,2023,11,Nov,2023-11,13.83
2023-05-05,Dress,Clothing,West,614.38,4,308.72,2023,5,May,2023-05,50.25
2022-04-03,Dumbbell Set,Sports,West,436.46000000000004,3,130.83,2022,4,Apr,2022-04,29.98
2022-09-04,Milk,Groceries,South,22.31,1,2.9,2022,9,Sep,2022-09,13.0
2022-01-15,Dress,Clothing,Central,28.07,1,12.21,2022,1,Jan,2022-01,43.5
2023-09-23,Shoes,Clothing,Central,353.97,2,137.51,2023,9,Sep,2023-09,38.85
2023-02-07,Bed Frame,Furniture,North,353.39,1,81.32,2023,2,Feb,2023-02,23.01
2022-10-19,Laptop,Electronics,Central,5434.6,4,1014.75,2022,10,Oct,2022-10,18.67
2021-05-14,Desk,Furniture,East,2774.57,4,711.68,2021,5,May,2021-05,25.65
2023-07-26,Bicycle,Sports,West,94.49,1,42.11,2023,7,Jul,2023-07,44.57
2022-10-23,Chair,Furniture,South,2004.29,3,585.6,2022,10,Oct,2022-10,29.22
2022-05-12,Bicycle,Sports,East,381.2,5,149.11,2022,5,May,2022-05,39.12
2023-07-03,Rice,Groceries,North,6.4,1,0.39,2023,7,Jul,2023-07,6.09
2023-04-04,Jacket,Clothing,North,209.79,4,67.17,2023,4,Apr,2023-04,32.02
2023-12-23,Running Shoes,Sports,West,3012.77,8,1258.34,2023,12,Dec,2023-12,41.77
2021-10-04,Juice,Groceries,East,32.95,3,1.92,2021,10,Oct,2021-10,5.83
2022-12-04,Coffee,Groceries,East,436.46000000000004,5,130.83,2022,12,Dec,2022-12,29.98
2023-12-03,Sofa,Furniture,South,2721.01,5,1080.66,2023,12,Dec,2023-12,39.72
2022-12-09,Olive Oil,Groceries,Central,63.72,3,5.83,2022,12,Dec,2022-12,9.15
2022-02-23,Olive Oil,Groceries,South,25.26,3,2.71,2022,2,Feb,2022-02,10.73
2022-03-12,Sweater,Clothing,Central,572.2,3,271.18,2022,3,Mar,2022-03,47.39
2023-07-13,Jeans,Clothing,North,108.93,1,41.19,2023,7,Jul,2023-07,37.81
2021-11-23,Jeans,Clothing,South,661.12,4,291.96,2021,11,Nov,2021-11,44.16
2023-01-19,Bookshelf,Furniture,East,1685.41,3,576.98,2023,1,Jan,2023-01,34.23
2022-08-18,Milk,Groceries,East,12.67,1,1.24,2022,8,Aug,2022-08,9.79
2023-01-11,Yoga Mat,Sports,Central,1137.81,3,364.43,2023,1,Jan,2023-01,32.03
2022-02-02,Juice,Groceries,West,15.51,2,2.32,2022,2,Feb,2022-02,14.96
2022-11-15,Bed Frame,Furniture,South,743.67,2,273.08,2022,11,Nov,2022-11,36.72
2022-05-19,Bread,Groceries,East,119.18,4,13.2,2022,5,May,2022-05,11.08
2021-04-25,Laptop,Electronics,North,1000.15,2,161.03,2021,4,Apr,2021-04,16.1
2023-04-14,Chair,Furniture,West,698.84,1,172.5,2023,4,Apr,2023-04,24.68
2023-06-30,Desk,Furniture,West,647.83,4,186.27,2023,6,Jun,2023-06,28.75
2023-09-27,Bicycle,Sports,East,179.93,1,68.28,2023,9,Sep,2023-09,37.95
2022-10-14,Rice,Groceries,West,81.69,4,6.61,2022,10,Oct,2022-10,8.09
2021-07-03,Olive Oil,Groceries,North,98.06,4,6.72,2021,7,Jul,2021-07,6.85
2022-08-25,Juice,Groceries,South,48.48,2,4.35,2022,8,Aug,2022-08,8.97
2022-10-10,Laptop,Electronics,South,679.55,3,62.66,2022,10,Oct,2022-10,9.22
2023-07-27,Running Shoes,Sports,Central,1561.55,6,456.17,2023,7,Jul,2023-07,29.21
2022-10-11,Dumbbell Set,Sports,North,614.73,2,264.18,2022,10,Oct,2022-10,42.97
2022-10-12,Laptop,Electronics,East,1559.26,3,184.35,2022,10,Oct,2022-10,11.82
2022-12-11,Headphones,Electronics,North,2916.39,5,271.24,2022,12,Dec,2022-12,9.3
2021-01-04,Shorts,Clothing,Central,124.5,1,62.91,2021,1,Jan,2021-01,50.53
2023-11-24,Wardrobe,Furniture,Central,277.76,3,89.73,2023,11,Nov,2023-11,32.3
2023-08-11,Rice,Groceries,East,79.86,3,4.42,2023,8,Aug,2023-08,5.53
2021-02-13,Wardrobe,Furniture,Central,733.24,1,191.23,2021,2,Feb,2021-02,26.08
2022-04-12,Jacket,Clothing,North,436.46000000000004,2,130.83,2022,4,Apr,2022-04,29.98
2021-12-07,Dumbbell Set,Sports,East,489.96,4,169.41,2021,12,Dec,2021-12,34.58
2022-06-25,Bicycle,Sports,North,957.82,3,320.65,2022,6,Jun,2022-06,33.48
2021-02-21,Cereal,Groceries,West,1.86,1,0.14,2021,2,Feb,2021-02,7.53
2022-06-03,Running Shoes,Sports,West,99.71,4,44.3,2022,6,Jun,2022-06,44.43
2022-09-28,Coffee,Groceries,West,52.77,2,3.52,2022,9,Sep,2022-09,6.67
2022-06-25,Juice,Groceries,South,38.44,4,3.82,2022,6,Jun,2022-06,9.94
2023-01-03,Coffee,Groceries,South,49.63,2,3.96,2023,1,Jan,2023-01,7.98
2022-08-28,Coffee,Groceries,North,27.91,2,2.31,2022,8,Aug,2022-08,8.28
2022-01-22,Olive Oil,Groceries,Central,23.06,1,1.36,2022,1,Jan,2022-01,5.9
2022-04-28,Smartwatch,Electronics,East,1651.53,5,291.18,2022,4,Apr,2022-04,17.63
2022-11-09,Jacket,Clothing,West,436.46000000000004,3,39.17,2022,11,Nov,2022-11,8.97
2023-06-18,Bicycle,Sports,East,718.76,2,292.88,2023,6,Jun,2023-06,40.75
2021-03-04,Bookshelf,Furniture,South,1589.87,2,371.34,2021,3,Mar,2021-03,23.36
2023-07-22,Dumbbell Set,Sports,West,774.05,3,294.49,2023,7,Jul,2023-07,38.05
2021-05-26,Cereal,Groceries,South,23.7,1,2.87,2021,5,May,2021-05,12.11
2023-01-08,Bookshelf,Furniture,West,322.4,2,78.9,2023,1,Jan,2023-01,24.47
2022-11-13,Sweater,Clothing,South,923.94,5,414.23,2022,11,Nov,2022-11,44.83
2022-02-03,Tennis Racket,Sports,East,731.69,2,314.25,2022,2,Feb,2022-02,42.95
2023-12-12,Bookshelf,Furniture,East,1254.3,2,394.82,2023,12,Dec,2023-12,31.48
2022-09-28,Laptop,Electronics,South,1424.29,1,254.79,2022,9,Sep,2022-09,17.89
2022-05-17,Shorts,Clothing,Central,142.04,6,64.62,2022,5,May,2022-05,45.49
2021-09-28,Tennis Racket,Sports,West,423.49,3,137.14,2021,9,Sep,2021-09,32.38
2023-01-04,Sofa,Furniture,Central,2027.06,4,750.53,2023,1,Jan,2023-01,37.03
2021-11-29,Running Shoes,Sports,Central,359.42,5,135.68,2021,11,Nov,2021-11,37.75
2022-01-02,Jacket,Clothing,East,153.07,1,63.95,2022,1,Jan,2022-01,41.78
2022-02-05,Sweater,Clothing,North,253.28,3,111.47,2022,2,Feb,2022-02,44.01
2022-04-20,Tennis Racket,Sports,West,2326.54,6,983.84,2022,4,Apr,2022-04,42.29
2021-06-23,Smartphone,Electronics,South,3101.23,5,248.17,2021,6,Jun,2021-06,8.0
2022-06-22,Milk,Groceries,North,31.07,5,4.12,2022,6,Jun,2022-06,13.26
2021-05-02,Jeans,Clothing,West,443.21,4,183.64,2021,5,May,2021-05,41.43
2022-05-01,Cereal,Groceries,North,18.45,4,0.95,2022,5,May,2022-05,5.15
2023-09-26,T-Shirt,Clothing,Central,259.19,4,79.82,2023,9,Sep,2023-09,30.8
2022-12-12,Running Shoes,Sports,Central,601.28,8,259.7,2022,12,Dec,2022-12,43.19
2021-05-11,T-Shirt,Clothing,East,337.81,2,171.89,2021,5,May,2021-05,50.88
2023-11-02,Lamp,Furniture,North,2415.7,4,679.14,2023,11,Nov,2023-11,28.11
2023-07-13,Bookshelf,Furniture,North,1826.24,3,531.83,2023,7,Jul,2023-07,29.12
2022-11-19,Lamp,Furniture,East,2469.26,5,517.7,2022,11,Nov,2022-11,20.97
2023-01-27,Shorts,Clothing,Central,75.74,1,40.34,2023,1,Jan,2023-01,53.26
2022-01-15,Lamp,Furniture,West,1942.31,4,455.97,2022,1,Jan,2022-01,23.48
2022-11-25,Running Shoes,Sports,West,710.28,2,261.98,2022,11,Nov,2022-11,36.88
2022-06-14,T-Shirt,Clothing,East,1108.71,6,363.04,2022,6,Jun,2022-06,32.74
2022-09-27,Olive Oil,Groceries,South,85.83,3,6.04,2022,9,Sep,2022-09,7.04
2021-11-04,Chair,Furniture,North,642.64,1,213.42,2021,11,Nov,2021-11,33.21
2022-01-07,Shorts,Clothing,South,163.85,2,89.33,2022,1,Jan,2022-01,54.52
2023-04-28,Dress,Clothing,Central,79.78,2,25.74,2023,4,Apr,2023-04,32.26
2022-11-04,Dumbbell Set,Sports,East,949.15,5,325.23,2022,11,Nov,2022-11,34.27
2022-01-29,Chair,Furniture,East,523.81,2,125.72,2022,1,Jan,2022-01,24.0
2023-01-25,Sofa,Furniture,West,721.52,4,260.34,2023,1,Jan,2023-01,36.08
2022-09-10,Dress,Clothing,East,532.65,7,286.52,2022,9,Sep,2022-09,53.79
2021-07-05,Sofa,Furniture,North,1588.14,3,438.19,2021,7,Jul,2021-07,27.59
2021-10-12,Headphones,Electronics,East,3872.54,3,502.93,2021,10,Oct,2021-10,12.99
2021-10-31,Olive Oil,Groceries,North,14.46,3,1.66,2021,10,Oct,2021-10,11.48
2022-12-02,Coffee,Groceries,East,141.73,5,14.8,2022,12,Dec,2022-12,10.44
2022-07-04,Lamp,Furniture,North,2369.64,4,501.19,2022,7,Jul,2022-07,21.15
2023-01-03,Desk,Furniture,East,1630.77,3,406.99,2023,1,Jan,2023-01,24.96
2021-07-26,Bicycle,Sports,North,717.83,3,227.28,2021,7,Jul,2021-07,31.66
2023-05-23,Lamp,Furniture,North,249.76,2,60.8,2023,5,May,2023-05,24.34
2021-08-26,Rice,Groceries,East,46.03,2,3.47,2021,8,Aug,2021-08,7.54
2022-08-06,Chair,Furniture,South,367.55,1,86.23,2022,8,Aug,2022-08,23.46
2021-01-06,Bed Frame,Furniture,Central,243.4,1,68.83,2021,1,Jan,2021-01,28.28
2021-07-26,Running Shoes,Sports,South,219.68,3,73.33,2021,7,Jul,2021-07,33.38
2021-06-03,Juice,Groceries,South,32.85,5,4.05,2021,6,Jun,2021-06,12.33
2023-12-09,Coffee,Groceries,West,64.21,8,7.12,2023,12,Dec,2023-12,11.09
2022-01-31,Dress,Clothing,West,492.38,3,190.67,2022,1,Jan,2022-01,38.72
2023-11-23,Jacket,Clothing,West,150.96,5,73.18,2023,11,Nov,2023-11,48.48
2021-05-18,Jeans,Clothing,West,468.82,3,154.39,2021,5,May,2021-05,32.93
2023-01-07,Cereal,Groceries,North,52.81,3,7.28,2023,1,Jan,2023-01,13.79
2023-10-11,Bookshelf,Furniture,South,954.66,4,368.46,2023,10,Oct,2023-10,38.6
2023-11-25,Yoga Mat,Sports,East,31.66,1,8.72,2023,11,Nov,2023-11,27.54
2023-06-13,Dress,Clothing,Central,232.48,3,114.4,2023,6,Jun,2023-06,49.21
2021-10-17,Jacket,Clothing,South,539.43,5,261.42,2021,10,Oct,2021-10,48.46
2021-07-31,Tablet,Electronics,South,2959.06,4,568.92,2021,7,Jul,2021-07,19.23
2023-05-14,Smartphone,Electronics,South,1370.38,3,240.76,2023,5,May,2023-05,17.57
2022-07-27,Tablet,Electronics,North,698.73,2,88.64,2022,7,Jul,2022-07,12.69
2022-09-11,Running Shoes,Sports,Central,1152.87,4,442.07,2022,9,Sep,2022-09,38.35
2022-09-12,Headphones,Electronics,Central,6398.55,5,859.34,2022,9,Sep,2022-09,13.43
2021-10-20,Coffee,Groceries,West,77.89,3,5.69,2021,10,Oct,2021-10,7.31
2021-08-25,Tennis Racket,Sports,South,167.79,1,47.47,2021,8,Aug,2021-08,28.29
2021-03-01,Smartphone,Electronics,West,2914.0,4,448.79,2021,3,Mar,2021-03,15.4
2023-09-17,Chair,Furniture,West,1083.58,3,223.95,2023,9,Sep,2023-09,20.67
2022-11-09,Shoes,Clothing,East,769.93,5,389.8,2022,11,Nov,2022-11,50.63
2021-11-23,Desk,Furniture,West,1073.46,5,261.21,2021,11,Nov,2021-11,24.33
2023-03-14,Running Shoes,Sports,North,188.3,2,83.39,2023,3,Mar,2023-03,44.29
2022-10-15,Sweater,Clothing,East,89.75,4,39.61,2022,10,Oct,2022-10,44.13
2023-06-11,Juice,Groceries,East,69.26,5,7.6,2023,6,Jun,2023-06,10.97
2022-09-17,Bread,Groceries,West,1.97,1,0.12,2022,9,Sep,2022-09,6.09
2021-09-28,Desk,Furniture,South,552.81,2,200.67,2021,9,Sep,2021-09,36.3
2021-06-20,Yoga Mat,Sports,Central,562.8,3,245.82,2021,6,Jun,2021-06,43.68
2023-04-12,Tablet,Electronics,Central,1838.58,2,220.1,2023,4,Apr,2023-04,11.97
2021-08-01,Jacket,Clothing,East,128.44,4,59.85,2021,8,Aug,2021-08,46.6
2023-10-12,Dress,Clothing,North,212.43,3,91.28,2023,10,Oct,2023-10,42.97
2021-02-03,Bicycle,Sports,North,201.28,2,66.64,2021,2,Feb,2021-02,33.11
2022-04-08,Sofa,Furniture,South,1859.4,3,644.7,2022,4,Apr,2022-04,34.67
2021-12-04,Desk,Furniture,Central,768.78,5,261.63,2021,12,Dec,2021-12,34.03
2023-01-20,Wardrobe,Furniture,North,540.72,4,196.43,2023,1,Jan,2023-01,36.33
2023-08-04,Dress,Clothing,West,532.18,4,288.09,2023,8,Aug,2023-08,54.13
2021-09-13,Shoes,Clothing,East,191.56,3,103.98,2021,9,Sep,2021-09,54.28
2021-05-09,Yoga Mat,Sports,East,267.32,1,73.39,2021,5,May,2021-05,27.45
2022-12-11,Tablet,Electronics,North,2728.85,2,371.98,2022,12,Dec,2022-12,13.63
2023-09-13,Jacket,Clothing,North,329.84,4,174.17,2023,9,Sep,2023-09,52.8
2023-06-03,Coffee,Groceries,Central,50.13,3,3.77,2023,6,Jun,2023-06,7.52
2023-04-21,Bicycle,Sports,East,349.22,1,135.28,2023,4,Apr,2023-04,38.74
2023-01-17,Tablet,Electronics,Central,3823.46,4,535.73,2023,1,Jan,2023-01,14.01
2023-12-28,Bed Frame,Furniture,East,1817.06,7,461.35,2023,12,Dec,2023-12,25.39
2021-03-18,Sweater,Clothing,East,425.85,3,148.76,2021,3,Mar,2021-03,34.93
2023-11-25,Webcam,Electronics,South,2959.24,8,273.98,2023,11,Nov,2023-11,9.26
2021-02-06,Sofa,Furniture,West,584.26,1,128.45,2021,2,Feb,2021-02,21.99
2022-07-04,Bicycle,Sports,East,1363.54,4,571.93,2022,7,Jul,2022-07,41.94
2022-06-10,Bed Frame,Furniture,Central,1112.27,3,224.57,2022,6,Jun,2022-06,20.19
2023-09-05,Jacket,Clothing,North,282.5,4,88.32,2023,9,Sep,2023-09,31.26
2023-04-03,Chair,Furniture,West,717.34,1,262.99,2023,4,Apr,2023-04,36.66
2021-09-30,Shorts,Clothing,South,550.75,4,262.27,2021,9,Sep,2021-09,47.62
2022-03-14,Bed Frame,Furniture,Central,1423.21,3,495.73,2022,3,Mar,2022-03,34.83
2021-11-01,Headphones,Electronics,South,3019.35,3,310.44,2021,11,Nov,2021-11,10.28
2022-06-12,Smartwatch,Electronics,West,1489.03,2,236.83,2022,6,Jun,2022-06,15.9
2021-08-21,Wardrobe,Furniture,South,1102.93,3,316.17,2021,8,Aug,2021-08,28.67
2023-05-31,Smartphone,Electronics,Central,691.37,4,117.51,2023,5,May,2023-05,17.0
2021-06-23,Chair,Furniture,North,5933.84,8,1904.13,2021,6,Jun,2021-06,32.09
2023-03-02,Jeans,Clothing,East,360.2,4,181.15,2023,3,Mar,2023-03,50.29
2023-06-21,Chair,Furniture,West,1135.62,2,290.67,2023,6,Jun,2023-06,25.6
2022-04-10,Sweater,Clothing,East,664.7,5,277.07,2022,4,Apr,2022-04,41.68
2021-02-26,Yoga Mat,Sports,South,393.58,1,132.24,2021,2,Feb,2021-02,33.6
2021-11-23,Jeans,Clothing,West,513.49,3,243.91,2021,11,Nov,2021-11,47.5
2022-03-28,T-Shirt,Clothing,Central,75.31,1,29.5,2022,3,Mar,2022-03,39.17
2023-12-02,Cereal,Groceries,North,115.07,4,6.6,2023,12,Dec,2023-12,5.74
2022-04-10,Cereal,Groceries,East,16.21,1,1.72,2022,4,Apr,2022-04,10.61
2023-07-29,Laptop,Electronics,West,753.12,3,110.79,2023,7,Jul,2023-07,14.71
2022-12-29,Monitor,Electronics,West,4295.14,6,794.13,2022,12,Dec,2022-12,18.49
2022-09-30,Yoga Mat,Sports,Central,761.94,3,313.34,2022,9,Sep,2022-09,41.12
2022-04-13,Wardrobe,Furniture,South,273.43,2,82.64,2022,4,Apr,2022-04,30.22
2023-04-27,Coffee,Groceries,West,11.15,1,1.51,2023,4,Apr,2023-04,13.54
2022-02-05,Yoga Mat,Sports,West,515.91,2,173.73,2022,2,Feb,2022-02,33.67
2022-02-18,Coffee,Groceries,South,22.31,1,2.98,2022,2,Feb,2022-02,13.36
2023-10-20,Bed Frame,Furniture,North,727.7,5,213.23,2023,10,Oct,2023-10,29.3
2022-09-21,Yoga Mat,Sports,East,876.14,3,354.15,2022,9,Sep,2022-09,40.42
2023-07-03,Shoes,Clothing,South,252.11,3,113.26,2023,7,Jul,2023-07,44.92
2022-02-26,Bicycle,Sports,Central,258.08,1,96.47,2022,2,Feb,2022-02,37.38
2022-05-13,Jeans,Clothing,West,166.33,3,87.72,2022,5,May,2022-05,52.74
2021-03-23,Bread,Groceries,Central,52.28,2,6.04,2021,3,Mar,2021-03,11.55
2022-08-01,Sofa,Furniture,South,2230.45,7,734.37,2022,8,Aug,2022-08,32.92
2023-01-27,Jacket,Clothing,North,215.7,3,114.34,2023,1,Jan,2023-01,53.01
2023-04-03,Bookshelf,Furniture,West,229.66,1,69.66,2023,4,Apr,2023-04,30.33
2022-05-12,Milk,Groceries,East,42.81,2,5.36,2022,5,May,2022-05,12.52
2023-12-25,Bed Frame,Furniture,North,600.37,3,138.75,2023,12,Dec,2023-12,23.11
2021-02-13,Yoga Mat,Sports,North,283.34,1,84.04,2021,2,Feb,2021-02,29.66
2023-04-17,Sweater,Clothing,North,428.16,3,142.47,2023,4,Apr,2023-04,33.27
2023-09-11,Shoes,Clothing,North,480.93,4,243.28,2023,9,Sep,2023-09,50.59
2023-02-03,Dress,Clothing,West,154.25,3,82.53,2023,2,Feb,2023-02,53.5
2022-10-23,Jeans,Clothing,North,170.68,1,81.7,2022,10,Oct,2022-10,47.87
2022-10-06,Shorts,Clothing,East,549.72,3,246.97,2022,10,Oct,2022-10,44.93
2022-07-30,Olive Oil,Groceries,South,26.07,1,3.68,2022,7,Jul,2022-07,14.12
2021-10-21,Bicycle,Sports,East,436.46000000000004,5,114.52,2021,10,Oct,2021-10,26.24
2021-01-16,Tennis Racket,Sports,West,769.98,2,305.29,2021,1,Jan,2021-01,39.65
2023-11-11,Olive Oil,Groceries,North,98.36,4,8.75,2023,11,Nov,2023-11,8.9
2022-01-27,Laptop,Electronics,South,726.52,2,76.73,2022,1,Jan,2022-01,10.56
2021-09-18,Sweater,Clothing,North,153.31,1,61.08,2021,9,Sep,2021-09,39.84
2023-01-02,Chair,Furniture,East,532.84,5,180.85,2023,1,Jan,2023-01,33.94
2022-03-17,Lamp,Furniture,East,691.75,2,223.27,2022,3,Mar,2022-03,32.28
2023-12-27,Jeans,Clothing,South,68.91,5,25.05,2023,12,Dec,2023-12,36.35
2022-12-03,Running Shoes,Sports,West,550.79,4,199.18,2022,12,Dec,2022-12,36.16
2023-09-30,Headphones,Electronics,East,784.6,5,83.33,2023,9,Sep,2023-09,10.62
2023-08-11,Dress,Clothing,West,1330.13,10,684.88,2023,8,Aug,2023-08,51.49
2022-05-04,Bread,Groceries,Central,50.37,4,3.2,2022,5,May,2022-05,6.35
2021-09-26,Monitor,Electronics,North,1729.25,4,216.51,2021,9,Sep,2021-09,12.52
2023-08-20,Yoga Mat,Sports,South,1332.22,7,368.56,2023,8,Aug,2023-08,27.67
2021-01-25,Juice,Groceries,North,72.5,3,6.49,2021,1,Jan,2021-01,8.95
2022-08-27,Tablet,Electronics,East,1200.71,1,170.91,2022,8,Aug,2022-08,14.23
2022-01-19,Wardrobe,Furniture,Central,221.63,1,66.19,2022,1,Jan,2022-01,29.87
2023-04-29,Bicycle,Sports,North,51.76,3,21.0,2023,4,Apr,2023-04,40.57
2022-05-07,Bread,Groceries,Central,41.59,4,4.59,2022,5,May,2022-05,11.04
2021-10-13,Juice,Groceries,East,21.27,1,2.56,2021,10,Oct,2021-10,12.04
2023-02-10,Sweater,Clothing,East,126.4,1,56.59,2023,2,Feb,2023-02,44.77
2023-03-23,Tennis Racket,Sports,Central,581.15,3,183.9,2023,3,Mar,2023-03,31.64
2021-07-28,Desk,Furniture,Central,879.33,2,178.23,2021,7,Jul,2021-07,20.27
2022-07-09,Shoes,Clothing,North,412.42,3,193.25,2022,7,Jul,2022-07,46.86
2021-12-09,Tennis Racket,Sports,South,722.49,2,268.03,2021,12,Dec,2021-12,37.1
2022-09-25,Smartwatch,Electronics,North,4705.69,4,675.05,2022,9,Sep,2022-09,14.35
2022-11-29,Webcam,Electronics,East,592.86,2,64.86,2022,11,Nov,2022-11,10.94
2023-11-15,Rice,Groceries,Central,10.06,1,1.19,2023,11,Nov,2023-11,11.83
2023-06-28,Jacket,Clothing,South,68.17,1,27.37,2023,6,Jun,2023-06,40.15
2021-08-03,Tablet,Electronics,South,2957.73,2,260.28,2021,8,Aug,2021-08,8.8
2021-10-29,T-Shirt,Clothing,North,26.48,2,8.38,2021,10,Oct,2021-10,31.65
2022-10-28,Sofa,Furniture,West,1167.95,2,383.23,2022,10,Oct,2022-10,32.81
2023-07-19,Bicycle,Sports,North,1880.81,5,519.95,2023,7,Jul,2023-07,27.65
2021-02-12,Yoga Mat,Sports,North,192.78,2,60.86,2021,2,Feb,2021-02,31.57
2022-09-13,Desk,Furniture,East,794.47,1,196.86,2022,9,Sep,2022-09,24.78
2023-07-30,Wardrobe,Furniture,Central,494.24,2,146.81,2023,7,Jul,2023-07,29.7
2021-05-22,Headphones,Electronics,Central,4157.55,3,460.15,2021,5,May,2021-05,11.07
2023-08-13,Cereal,Groceries,East,86.1,4,4.81,2023,8,Aug,2023-08,5.59
2023-06-08,Bread,Groceries,West,5.24,1,0.35,2023,6,Jun,2023-06,6.68
2022-10-27,Dress,Clothing,East,1200.71,8,396.47,2022,10,Oct,2022-10,33.02
2021-07-10,Monitor,Electronics,Central,3005.77,3,488.95,2021,7,Jul,2021-07,16.27
2023-09-08,T-Shirt,Clothing,West,459.16,5,245.99,2023,9,Sep,2023-09,53.57
2021-06-30,Lamp,Furniture,West,1139.41,3,283.49,2021,6,Jun,2021-06,24.88
2021-09-16,Bookshelf,Furniture,South,3091.87,5,743.93,2021,9,Sep,2021-09,24.06
2021-02-06,Dumbbell Set,Sports,North,218.08,1,83.36,2021,2,Feb,2021-02,38.22
2021-10-05,Tennis Racket,Sports,West,99.81,2,38.48,2021,10,Oct,2021-10,38.55
2022-01-30,Dumbbell Set,Sports,North,348.26,6,98.6,2022,1,Jan,2022-01,28.31
2023-08-24,Jeans,Clothing,Central,11.75,1,4.46,2023,8,Aug,2023-08,37.96
2021-09-12,Tennis Racket,Sports,West,400.29,5,107.61,2021,9,Sep,2021-09,26.88
2021-08-22,Lamp,Furniture,East,617.97,3,228.96,2021,8,Aug,2021-08,37.05
2021-07-27,Webcam,Electronics,South,4335.72,4,368.19,2021,7,Jul,2021-07,8.49
2022-07-12,Wardrobe,Furniture,Central,2490.7,5,629.65,2022,7,Jul,2022-07,25.28
2023-04-24,Sofa,Furniture,North,317.63,1,85.05,2023,4,Apr,2023-04,26.78
2023-12-24,Yoga Mat,Sports,East,1023.78,4,404.2,2023,12,Dec,2023-12,39.48
2023-12-19,Yoga Mat,Sports,North,584.35,5,221.46,2023,12,Dec,2023-12,37.9
2021-06-09,Dumbbell Set,Sports,West,436.46000000000004,2,189.93,2021,6,Jun,2021-06,43.52
2021-05-09,Bed Frame,Furniture,East,1431.75,2,395.08,2021,5,May,2021-05,27.59
2021-01-31,Cereal,Groceries,North,14.91,1,1.2,2021,1,Jan,2021-01,8.05
2023-03-16,Shoes,Clothing,East,464.31,4,222.42,2023,3,Mar,2023-03,47.9
2023-09-25,Smartphone,Electronics,West,684.02,1,73.06,2023,9,Sep,2023-09,10.68
2023-02-27,Dumbbell Set,Sports,Central,762.12,2,333.8,2023,2,Feb,2023-02,43.8
2021-11-13,Bicycle,Sports,North,141.0,6,39.73,2021,11,Nov,2021-11,28.18
2023-04-18,Headphones,Electronics,South,3047.81,6,355.29,2023,4,Apr,2023-04,11.66
2022-12-12,Monitor,Electronics,West,3300.71,4,271.71,2022,12,Dec,2022-12,8.23
2021-11-03,Bread,Groceries,South,82.31,3,8.81,2021,11,Nov,2021-11,10.7
2022-09-21,Shoes,Clothing,Central,641.69,4,271.75,2022,9,Sep,2022-09,42.35
2023-11-07,Bed Frame,Furniture,East,436.46000000000004,3,375.32,2023,11,Nov,2023-11,85.99
2022-05-12,Bed Frame,Furniture,West,459.5,1,114.05,2022,5,May,2022-05,24.82
2023-03-18,Olive Oil,Groceries,South,7.49,1,0.7,2023,3,Mar,2023-03,9.35
2021-03-31,Cereal,Groceries,North,22.46,1,2.11,2021,3,Mar,2021-03,9.39
2021-05-26,Milk,Groceries,South,100.55,4,8.34,2021,5,May,2021-05,8.29
2023-07-29,Rice,Groceries,Central,19.64,1,1.39,2023,7,Jul,2023-07,7.08
2021-06-04,Cereal,Groceries,South,40.05,4,4.55,2021,6,Jun,2021-06,11.36
2021-12-11,Coffee,Groceries,North,55.12,5,2.89,2021,12,Dec,2021-12,5.24
2021-12-31,Webcam,Electronics,Central,955.07,2,103.24,2021,12,Dec,2021-12,10.81
2023-12-01,T-Shirt,Clothing,South,779.14,4,369.85,2023,12,Dec,2023-12,47.47
2021-08-11,Sweater,Clothing,North,74.75,2,38.36,2021,8,Aug,2021-08,51.32
2023-04-24,Jacket,Clothing,Central,790.88,4,353.92,2023,4,Apr,2023-04,44.75
2022-10-28,Rice,Groceries,East,33.74,3,4.32,2022,10,Oct,2022-10,12.8
2023-11-19,Monitor,Electronics,South,3570.11,3,577.68,2023,11,Nov,2023-11,16.18
2021-07-02,Dress,Clothing,South,234.95,3,83.56,2021,7,Jul,2021-07,35.57
2023-12-01,Wardrobe,Furniture,South,954.86,3,269.55,2023,12,Dec,2023-12,28.23
2022-04-18,Tennis Racket,Sports,South,565.57,2,148.58,2022,4,Apr,2022-04,26.27
2021-06-23,Monitor,Electronics,Central,2499.76,2,446.16,2021,6,Jun,2021-06,17.85
2021-12-04,Bread,Groceries,West,66.64,5,8.37,2021,12,Dec,2021-12,12.56
2021-08-22,Dumbbell Set,Sports,West,153.65,6,46.57,2021,8,Aug,2021-08,30.31
2022-12-21,Desk,Furniture,East,1824.13,4,682.71,2022,12,Dec,2022-12,37.43
2021-01-05,Running Shoes,Sports,Central,937.64,3,263.86,2021,1,Jan,2021-01,28.14
2021-09-13,Rice,Groceries,East,48.84,2,3.3,2021,9,Sep,2021-09,6.76
2023-06-14,Lamp,Furniture,South,342.73,2,134.69,2023,6,Jun,2023-06,39.3
2022-03-06,Dress,Clothing,East,89.14,1,48.29,2022,3,Mar,2022-03,54.17
2022-12-07,Jacket,Clothing,South,1307.26,9,446.28,2022,12,Dec,2022-12,34.14
2022-07-02,Dress,Clothing,Central,59.78,4,25.69,2022,7,Jul,2022-07,42.97
2022-06-05,Yoga Mat,Sports,South,1584.15,4,630.37,2022,6,Jun,2022-06,39.79
2023-06-15,T-Shirt,Clothing,Central,94.47,2,43.59,2023,6,Jun,2023-06,46.14
2021-11-26,Tablet,Electronics,East,3209.57,7,541.02,2021,11,Nov,2021-11,16.86
2023-01-19,Bed Frame,Furniture,West,678.88,1,146.86,2023,1,Jan,2023-01,21.63
2021-07-20,Sweater,Clothing,West,716.46,6,250.84,2021,7,Jul,2021-07,35.01
2022-08-17,Shorts,Clothing,East,313.08,2,135.56,2022,8,Aug,2022-08,43.3
2021-08-07,Milk,Groceries,West,77.59,3,9.75,2021,8,Aug,2021-08,12.57
2022-08-08,Olive Oil,Groceries,West,9.67,6,0.6,2022,8,Aug,2022-08,6.2
2022-10-04,Shoes,Clothing,North,766.09,6,384.59,2022,10,Oct,2022-10,50.2
2023-03-12,Lamp,Furniture,West,857.36,2,277.16,2023,3,Mar,2023-03,32.33
2021-05-20,Cereal,Groceries,South,49.56,4,3.99,2021,5,May,2021-05,8.05
2023-12-02,Dumbbell Set,Sports,West,1051.42,10,434.18,2023,12,Dec,2023-12,41.29
2022-05-21,Dumbbell Set,Sports,South,144.09,2,62.36,2022,5,May,2022-05,43.28
2022-08-22,Shoes,Clothing,Central,142.34,4,71.13,2022,8,Aug,2022-08,49.97
2021-02-21,Sofa,Furniture,East,1829.98,4,614.78,2021,2,Feb,2021-02,33.59
2021-08-07,Shorts,Clothing,West,102.02,1,48.4,2021,8,Aug,2021-08,47.44
2021-06-07,Jacket,Clothing,South,179.07,4,98.21,2021,6,Jun,2021-06,54.84
2022-01-22,Tennis Racket,Sports,West,214.45,2,84.52,2022,1,Jan,2022-01,39.41
2021-04-12,Shorts,Clothing,West,166.72,1,63.48,2021,4,Apr,2021-04,38.08
2022-08-20,Shorts,Clothing,South,36.3,2,17.51,2022,8,Aug,2022-08,48.24
2021-10-26,Juice,Groceries,West,30.94,2,2.56,2021,10,Oct,2021-10,8.27
2023-07-15,Jeans,Clothing,West,474.43,4,209.79,2023,7,Jul,2023-07,44.22
2021-05-04,Bookshelf,Furniture,South,460.34,2,142.15,2021,5,May,2021-05,30.88
2022-03-03,Tablet,Electronics,North,883.09,1,175.81,2022,3,Mar,2022-03,19.91
2022-05-02,Bread,Groceries,Central,38.0,2,2.02,2022,5,May,2022-05,5.32
2021-06-11,Smartphone,Electronics,Central,5187.91,5,829.2,2021,6,Jun,2021-06,15.98
2021-02-05,Sweater,Clothing,South,75.75,1,35.64,2021,2,Feb,2021-02,47.05
2023-12-21,Coffee,Groceries,East,53.75,5,3.96,2023,12,Dec,2023-12,7.37
2023-11-10,Monitor,Electronics,South,3560.48,3,696.28,2023,11,Nov,2023-11,19.56
2022-05-03,Dress,Clothing,North,223.29,7,67.57,2022,5,May,2022-05,30.26
2021-10-30,Shoes,Clothing,Central,43.05,1,14.69,2021,10,Oct,2021-10,34.12
2022-03-21,Milk,Groceries,North,4.27,3,0.32,2022,3,Mar,2022-03,7.49
2021-05-21,Shoes,Clothing,South,264.82,3,106.46,2021,5,May,2021-05,40.2
2022-10-23,Tablet,Electronics,East,1037.83,5,106.01,2022,10,Oct,2022-10,10.21
2023-05-30,Jacket,Clothing,North,478.58,6,175.94,2023,5,May,2023-05,36.76
2021-01-11,Laptop,Electronics,Central,513.71,1,60.23,2021,1,Jan,2021-01,11.72
2023-02-06,Yoga Mat,Sports,South,97.29,1,32.69,2023,2,Feb,2023-02,33.6
2022-08-16,Sweater,Clothing,West,269.92,4,100.26,2022,8,Aug,2022-08,37.14
2022-07-26,Chair,Furniture,West,2012.66,3,551.54,2022,7,Jul,2022-07,27.4
2022-09-20,Olive Oil,Groceries,North,53.64,5,3.58,2022,9,Sep,2022-09,6.67
2022-05-21,Tennis Racket,Sports,West,63.43,1,22.34,2022,5,May,2022-05,35.22
2023-06-13,Jacket,Clothing,East,41.63,1,21.75,2023,6,Jun,2023-06,52.25
2021-11-10,Bicycle,Sports,South,747.89,5,288.9,2021,11,Nov,2021-11,38.63
2023-09-15,Dress,Clothing,South,210.05,3,65.08,2023,9,Sep,2023-09,30.98
2021-07-13,Jeans,Clothing,West,109.58,4,49.22,2021,7,Jul,2021-07,44.92
2023-05-20,Sofa,Furniture,Central,954.94,2,218.68,2023,5,May,2023-05,22.9
2022-12-23,Laptop,Electronics,North,4892.78,4,628.31,2022,12,Dec,2022-12,12.84
2022-01-17,Jacket,Clothing,Central,369.17,3,173.21,2022,1,Jan,2022-01,46.92
2021-03-17,Jeans,Clothing,East,300.03,2,164.11,2021,3,Mar,2021-03,54.7
2023-03-02,Running Shoes,Sports,South,54.97,1,22.93,2023,3,Mar,2023-03,41.71
2021-08-14,Bookshelf,Furniture,West,369.7,1,119.05,2021,8,Aug,2021-08,32.2
2022-08-02,Olive Oil,Groceries,North,89.78,4,11.77,2022,8,Aug,2022-08,13.11
2022-05-02,Bookshelf,Furniture,North,227.02,1,52.58,2022,5,May,2022-05,23.16
2022-02-27,Bookshelf,Furniture,West,578.55,1,183.51,2022,2,Feb,2022-02,31.72
2023-03-26,Dress,Clothing,Central,139.95,2,74.94,2023,3,Mar,2023-03,53.55
2023-01-31,Jacket,Clothing,East,748.88,4,404.22,2023,1,Jan,2023-01,53.98
2021-04-28,Dumbbell Set,Sports,West,287.83,2,100.01,2021,4,Apr,2021-04,34.75
2022-01-23,Bread,Groceries,East,34.25,2,3.21,2022,1,Jan,2022-01,9.37
2022-07-26,Bicycle,Sports,South,367.4,1,109.09,2022,7,Jul,2022-07,29.69
2021-09-04,Jacket,Clothing,West,169.9,3,68.79,2021,9,Sep,2021-09,40.49
2022-02-11,Bicycle,Sports,Central,323.59,1,83.86,2022,2,Feb,2022-02,25.92
2023-02-14,Tennis Racket,Sports,South,800.24,3,243.52,2023,2,Feb,2023-02,30.43
2023-02-11,Dress,Clothing,North,821.37,5,435.63,2023,2,Feb,2023-02,53.04
2023-10-27,T-Shirt,Clothing,West,475.67,4,226.12,2023,10,Oct,2023-10,47.54
2022-04-15,Headphones,Electronics,Central,2190.7,3,176.88,2022,4,Apr,2022-04,8.07
2023-01-22,Jacket,Clothing,West,122.03,4,41.98,2023,1,Jan,2023-01,34.4
2022-01-19,Tennis Racket,Sports,West,42.15,1,18.67,2022,1,Jan,2022-01,44.29
2021-08-16,Webcam,Electronics,West,713.14,3,109.39,2021,8,Aug,2021-08,15.34
2022-01-07,Headphones,Electronics,West,4146.4,7,361.57,2022,1,Jan,2022-01,8.72
2023-04-29,Coffee,Groceries,West,36.16,4,3.87,2023,4,Apr,2023-04,10.7
2021-06-23,T-Shirt,Clothing,West,261.54,4,86.04,2021,6,Jun,2021-06,32.9
2023-06-09,Webcam,Electronics,North,4071.43,5,574.34,2023,6,Jun,2023-06,14.11
2022-11-25,Coffee,Groceries,West,16.01,4,0.95,2022,11,Nov,2022-11,5.93
2023-02-23,Sofa,Furniture,West,3050.19,4,1104.26,2023,2,Feb,2023-02,36.2
2021-02-22,Sofa,Furniture,Central,207.28,2,64.11,2021,2,Feb,2021-02,30.93
2022-04-26,Chair,Furniture,North,1992.76,3,522.86,2022,4,Apr,2022-04,26.24
2023-08-30,Running Shoes,Sports,East,661.77,2,196.2,2023,8,Aug,2023-08,29.65
2022-11-16,Laptop,Electronics,South,4565.84,5,860.27,2022,11,Nov,2022-11,18.84
2021-07-31,Bicycle,Sports,East,224.6,5,71.65,2021,7,Jul,2021-07,31.9
2021-06-24,Tennis Racket,Sports,North,215.85,2,77.4,2021,6,Jun,2021-06,35.86
2023-12-24,Juice,Groceries,West,19.31,6,1.78,2023,12,Dec,2023-12,9.22
2021-07-09,Desk,Furniture,Central,436.46000000000004,8,130.83,2021,7,Jul,2021-07,29.98
2023-01-02,Yoga Mat,Sports,Central,130.24,1,47.82,2023,1,Jan,2023-01,36.72
2023-05-16,Coffee,Groceries,West,19.67,6,2.61,2023,5,May,2023-05,13.27
2023-06-17,Shoes,Clothing,North,329.89,3,129.05,2023,6,Jun,2023-06,39.12
2023-06-19,T-Shirt,Clothing,North,148.67,1,45.43,2023,6,Jun,2023-06,30.56
2022-01-03,Coffee,Groceries,South,15.52,1,2.26,2022,1,Jan,2022-01,14.56
2021-01-14,Wardrobe,Furniture,West,620.05,3,188.64,2021,1,Jan,2021-01,30.42
2021-09-20,Laptop,Electronics,West,1496.63,2,219.39,2021,9,Sep,2021-09,14.66
2023-04-11,Bookshelf,Furniture,West,707.68,1,239.11,2023,4,Apr,2023-04,33.79
2021-04-03,Webcam,Electronics,West,4197.29,5,702.91,2021,4,Apr,2021-04,16.75
2022-10-29,Chair,Furniture,West,335.71,2,73.44,2022,10,Oct,2022-10,21.88
2021-07-13,Shoes,Clothing,Central,326.24,5,159.61,2021,7,Jul,2021-07,48.92
2021-07-31,Rice,Groceries,East,58.57,2,3.03,2021,7,Jul,2021-07,5.17
2022-11-12,Cereal,Groceries,Central,47.0,3,5.3,2022,11,Nov,2022-11,11.28
2022-09-11,Webcam,Electronics,South,1942.73,4,270.6,2022,9,Sep,2022-09,13.93
2022-08-04,Headphones,Electronics,North,1456.36,4,174.64,2022,8,Aug,2022-08,11.99
2023-11-09,T-Shirt,Clothing,East,367.46,2,133.82,2023,11,Nov,2023-11,36.42
2022-10-10,Tablet,Electronics,West,2657.33,7,390.33,2022,10,Oct,2022-10,14.69
2021-08-10,Chair,Furniture,North,2322.0,4,918.87,2021,8,Aug,2021-08,39.57
2022-02-19,Wardrobe,Furniture,East,356.7,1,89.99,2022,2,Feb,2022-02,25.23
2022-10-19,Coffee,Groceries,East,39.78,3,3.57,2022,10,Oct,2022-10,8.97
2022-01-08,Tennis Racket,Sports,East,728.4,2,232.21,2022,1,Jan,2022-01,31.88
2023-11-22,Milk,Groceries,Central,38.95,5,2.81,2023,11,Nov,2023-11,7.21
2021-11-28,Bicycle,Sports,North,255.36,4,101.37,2021,11,Nov,2021-11,39.7
2021-09-06,Running Shoes,Sports,West,288.16,1,106.48,2021,9,Sep,2021-09,36.95
2022-04-06,Dumbbell Set,Sports,Central,663.59,3,284.45,2022,4,Apr,2022-04,42.87
2021-05-09,Shorts,Clothing,South,134.88,1,54.83,2021,5,May,2021-05,40.65
2021-04-19,Laptop,Electronics,South,1958.63,3,219.17,2021,4,Apr,2021-04,11.19
2021-02-15,Shorts,Clothing,West,377.48,4,187.42,2021,2,Feb,2021-02,49.65
2021-05-15,Olive Oil,Groceries,West,37.07,4,1.95,2021,5,May,2021-05,5.26
2021-06-25,Lamp,Furniture,Central,3736.04,5,829.59,2021,6,Jun,2021-06,22.21
2022-10-27,Rice,Groceries,West,47.81,2,6.64,2022,10,Oct,2022-10,13.89
2021-08-03,Jacket,Clothing,South,759.74,6,295.14,2021,8,Aug,2021-08,38.85
2023-04-30,Milk,Groceries,North,74.58,3,3.92,2023,4,Apr,2023-04,5.26
2022-07-14,Wardrobe,Furniture,North,1099.87,2,348.73,2022,7,Jul,2022-07,31.71
2021-06-17,Tennis Racket,Sports,North,1801.31,5,771.0,2021,6,Jun,2021-06,42.8
2021-04-06,Yoga Mat,Sports,Central,1461.85,5,651.83,2021,4,Apr,2021-04,44.59
2022-12-01,Milk,Groceries,Central,21.25,4,1.21,2022,12,Dec,2022-12,5.69
2021-08-02,Bicycle,Sports,South,713.65,3,302.21,2021,8,Aug,2021-08,42.35
2022-01-01,Olive Oil,Groceries,North,13.94,1,1.24,2022,1,Jan,2022-01,8.9
2022-11-30,Running Shoes,Sports,West,1087.5,4,289.57,2022,11,Nov,2022-11,26.63
2023-05-17,Tablet,Electronics,East,3256.26,4,641.12,2023,5,May,2023-05,19.69
2022-04-19,Cereal,Groceries,East,13.05,2,0.84,2022,4,Apr,2022-04,6.44
2022-08-12,Chair,Furniture,West,1278.55,5,365.02,2022,8,Aug,2022-08,28.55
2023-08-05,Sofa,Furniture,South,3327.98,5,1314.63,2023,8,Aug,2023-08,39.5
2022-08-13,T-Shirt,Clothing,South,11.6,1,5.97,2022,8,Aug,2022-08,51.47
2022-04-06,Bed Frame,Furniture,South,345.42,3,81.03,2022,4,Apr,2022-04,23.46
2021-04-19,Tablet,Electronics,North,3398.04,3,330.36,2021,4,Apr,2021-04,9.72
2023-10-06,T-Shirt,Clothing,Central,467.52,4,211.96,2023,10,Oct,2023-10,45.34
2023-09-25,Milk,Groceries,South,82.27,3,5.0,2023,9,Sep,2023-09,6.08
2021-03-14,Bookshelf,Furniture,Central,3063.29,4,886.71,2021,3,Mar,2021-03,28.95
2022-08-05,Laptop,Electronics,East,1649.56,4,275.35,2022,8,Aug,2022-08,16.69
2022-07-14,Yoga Mat,Sports,West,634.08,3,202.93,2022,7,Jul,2022-07,32.0
2023-07-28,Yoga Mat,Sports,Central,422.46,2,172.24,2023,7,Jul,2023-07,40.77
2023-11-10,Dress,Clothing,South,668.9,4,212.3,2023,11,Nov,2023-11,31.74
2021-04-09,Olive Oil,Groceries,East,39.3,3,5.01,2021,4,Apr,2021-04,12.75
2021-12-26,Rice,Groceries,North,50.71,5,3.21,2021,12,Dec,2021-12,6.33
2021-01-12,Chair,Furniture,South,748.13,1,218.35,2021,1,Jan,2021-01,29.19
2023-12-20,Rice,Groceries,West,102.79,7,14.24,2023,12,Dec,2023-12,13.85
2022-09-28,Yoga Mat,Sports,South,168.52,1,62.51,2022,9,Sep,2022-09,37.09
2022-09-12,Running Shoes,Sports,East,220.71,1,60.47,2022,9,Sep,2022-09,27.4
2022-05-01,Yoga Mat,Sports,North,512.62,3,217.7,2022,5,May,2022-05,42.47
2021-05-05,Olive Oil,Groceries,North,48.42,2,5.04,2021,5,May,2021-05,10.41
2021-01-10,Rice,Groceries,South,1.01,1,0.09,2021,1,Jan,2021-01,8.91
2021-02-27,Headphones,Electronics,South,235.05,2,27.27,2021,2,Feb,2021-02,11.6
2021-06-01,Jeans,Clothing,Central,109.35,4,54.43,2021,6,Jun,2021-06,49.78
2021-06-26,Olive Oil,Groceries,West,28.92,2,2.19,2021,6,Jun,2021-06,7.57
2023-03-31,Dumbbell Set,Sports,North,899.68,3,347.52,2023,3,Mar,2023-03,38.63
2021-12-08,Headphones,Electronics,North,1157.14,4,159.32,2021,12,Dec,2021-12,13.77
2022-01-22,Smartwatch,Electronics,Central,813.5,1,160.8,2022,1,Jan,2022-01,19.77
2021-03-27,Lamp,Furniture,Central,1969.47,3,562.95,2021,3,Mar,2021-03,28.58
2021-04-03,Wardrobe,Furniture,Central,2365.79,4,731.28,2021,4,Apr,2021-04,30.91
2021-06-07,Yoga Mat,Sports,North,266.58,1,99.79,2021,6,Jun,2021-06,37.43
2022-08-19,Juice,Groceries,North,8.89,1,0.48,2022,8,Aug,2022-08,5.4
2021-04-02,Sweater,Clothing,West,144.55,2,74.58,2021,4,Apr,2021-04,51.59
2022-01-22,Yoga Mat,Sports,North,631.6,3,161.47,2022,1,Jan,2022-01,25.57
2023-12-16,Tennis Racket,Sports,South,1229.18,4,448.13,2023,12,Dec,2023-12,36.46
2022-12-11,Coffee,Groceries,South,45.49,4,3.95,2022,12,Dec,2022-12,8.68
2023-06-04,Lamp,Furniture,West,3423.64,5,1240.7,2023,6,Jun,2023-06,36.24
2022-01-29,Sweater,Clothing,West,148.09,3,46.6,2022,1,Jan,2022-01,31.47
2023-09-25,Olive Oil,Groceries,East,27.12,2,3.64,2023,9,Sep,2023-09,13.42
2022-05-16,Coffee,Groceries,Central,67.78,3,6.01,2022,5,May,2022-05,8.87
2021-09-25,Olive Oil,Groceries,South,78.79,4,11.36,2021,9,Sep,2021-09,14.42
2023-03-16,Laptop,Electronics,South,5634.41,5,667.26,2023,3,Mar,2023-03,11.84
2023-11-18,Jacket,Clothing,South,499.43,5,185.58,2023,11,Nov,2023-11,37.16
2021-12-02,Coffee,Groceries,East,126.13,5,10.41,2021,12,Dec,2021-12,8.25
2023-12-29,Desk,Furniture,Central,1402.06,3,286.45,2023,12,Dec,2023-12,20.43
2022-04-13,Webcam,Electronics,Central,1227.4,1,176.26,2022,4,Apr,2022-04,14.36
2023-01-28,Shorts,Clothing,South,96.4,1,50.42,2023,1,Jan,2023-01,52.3
2022-08-25,Running Shoes,Sports,West,376.31,1,126.07,2022,8,Aug,2022-08,33.5
2023-10-15,Yoga Mat,Sports,Central,82.08,4,26.4,2023,10,Oct,2023-10,32.16
2023-08-28,T-Shirt,Clothing,South,115.92,3,57.75,2023,8,Aug,2023-08,49.82
2023-04-23,Running Shoes,Sports,East,938.47,4,234.99,2023,4,Apr,2023-04,25.04
2023-09-10,Yoga Mat,Sports,Central,760.54,2,240.75,2023,9,Sep,2023-09,31.66
2023-09-24,Wardrobe,Furniture,West,382.24,1,113.49,2023,9,Sep,2023-09,29.69
2023-07-12,Shorts,Clothing,South,436.46000000000004,3,178.39,2023,7,Jul,2023-07,40.87
2021-06-28,Sofa,Furniture,North,1134.62,4,287.28,2021,6,Jun,2021-06,25.32
2023-03-08,Yoga Mat,Sports,East,979.13,4,336.2,2023,3,Mar,2023-03,34.34
2022-10-11,Coffee,Groceries,Central,44.54,3,6.54,2022,10,Oct,2022-10,14.68
2023-02-20,Chair,Furniture,East,2536.38,4,919.43,2023,2,Feb,2023-02,36.25
2022-03-01,Running Shoes,Sports,East,420.87,2,139.48,2022,3,Mar,2022-03,33.14
2023-12-28,Coffee,Groceries,South,130.18,6,8.01,2023,12,Dec,2023-12,6.15
2022-02-07,Lamp,Furniture,East,2382.87,3,932.49,2022,2,Feb,2022-02,39.13
2021-06-29,Yoga Mat,Sports,West,311.04,2,126.18,2021,6,Jun,2021-06,40.57
2023-01-26,Bicycle,Sports,North,164.08,1,67.89,2023,1,Jan,2023-01,41.38
2023-10-08,Chair,Furniture,West,1482.77,3,383.53,2023,10,Oct,2023-10,25.87
2023-02-26,T-Shirt,Clothing,East,520.28,3,223.81,2023,2,Feb,2023-02,43.02
2022-06-14,Monitor,Electronics,North,2138.84,2,311.97,2022,6,Jun,2022-06,14.59
2022-04-21,Tennis Racket,Sports,Central,337.14,1,123.1,2022,4,Apr,2022-04,36.51
2023-12-22,Running Shoes,Sports,West,984.48,8,302.72,2023,12,Dec,2023-12,30.75
2022-10-22,Sweater,Clothing,South,264.28,3,96.31,2022,10,Oct,2022-10,36.44
2021-06-15,T-Shirt,Clothing,West,117.95,1,41.56,2021,6,Jun,2021-06,35.24
2023-07-21,Smartphone,Electronics,East,214.22,1,37.69,2023,7,Jul,2023-07,17.59
2023-03-30,T-Shirt,Clothing,North,28.75,1,14.35,2023,3,Mar,2023-03,49.91
2021-01-24,Tablet,Electronics,South,3012.26,3,322.45,2021,1,Jan,2021-01,10.7
2023-08-16,Rice,Groceries,South,25.86,8,2.8,2023,8,Aug,2023-08,10.83
2022-04-18,T-Shirt,Clothing,West,511.49,4,268.69,2022,4,Apr,2022-04,52.53
2021-04-04,Cereal,Groceries,North,15.79,3,2.27,2021,4,Apr,2021-04,14.38
2021-03-18,Bicycle,Sports,West,492.9,2,178.82,2021,3,Mar,2021-03,36.28
2022-03-25,Smartphone,Electronics,East,1204.82,3,205.1,2022,3,Mar,2022-03,17.02
2022-09-26,Jeans,Clothing,West,436.63,4,159.47,2022,9,Sep,2022-09,36.52
2022-10-04,Tablet,Electronics,Central,1227.77,2,235.09,2022,10,Oct,2022-10,19.15
2023-12-11,Bookshelf,Furniture,Central,3264.81,6,672.84,2023,12,Dec,2023-12,20.61
2023-11-15,Juice,Groceries,West,81.96,6,9.66,2023,11,Nov,2023-11,11.79
2022-08-26,T-Shirt,Clothing,North,387.53,2,147.38,2022,8,Aug,2022-08,38.03
2021-11-06,Olive Oil,Groceries,North,100.96,7,11.79,2021,11,Nov,2021-11,11.68
2021-01-25,Desk,Furniture,North,442.88,1,111.73,2021,1,Jan,2021-01,25.23
2021-05-11,Rice,Groceries,North,26.5,1,2.16,2021,5,May,2021-05,8.15
2022-09-13,Sweater,Clothing,South,154.34,2,60.85,2022,9,Sep,2022-09,39.43
2023-03-02,Smartphone,Electronics,North,400.55,1,64.21,2023,3,Mar,2023-03,16.03
2021-04-16,Tennis Racket,Sports,North,517.91,3,228.23,2021,4,Apr,2021-04,44.07
2023-07-06,Smartwatch,Electronics,North,632.4,2,65.8,2023,7,Jul,2023-07,10.4
2022-09-25,Bed Frame,Furniture,East,436.82,1,110.34,2022,9,Sep,2022-09,25.26
2022-11-11,Laptop,Electronics,East,1261.68,5,149.52,2022,11,Nov,2022-11,11.85
2023-04-09,Tennis Racket,Sports,West,41.75,2,16.33,2023,4,Apr,2023-04,39.11
2023-07-14,Coffee,Groceries,North,88.05,3,10.87,2023,7,Jul,2023-07,12.35
2021-10-15,Laptop,Electronics,South,3769.18,3,739.61,2021,10,Oct,2021-10,19.62
2022-07-21,Yoga Mat,Sports,West,731.09,3,255.3,2022,7,Jul,2022-07,34.92
2023-11-04,Shoes,Clothing,South,178.53,4,60.57,2023,11,Nov,2023-11,33.93
2023-01-12,Wardrobe,Furniture,West,2673.65,4,813.48,2023,1,Jan,2023-01,30.43
2022-05-27,Juice,Groceries,East,53.69,2,7.62,2022,5,May,2022-05,14.19
2021-05-25,Dress,Clothing,Central,322.1,3,159.56,2021,5,May,2021-05,49.54
2023-01-13,Monitor,Electronics,South,810.87,1,101.81,2023,1,Jan,2023-01,12.56
2023-12-30,Dumbbell Set,Sports,North,140.64,3,45.04,2023,12,Dec,2023-12,32.03
2021-01-30,Juice,Groceries,East,4.9,3,0.28,2021,1,Jan,2021-01,5.71
2021-03-21,Coffee,Groceries,North,4.93,2,0.35,2021,3,Mar,2021-03,7.1
2021-01-30,Smartwatch,Electronics,South,565.13,1,91.34,2021,1,Jan,2021-01,16.16
2023-10-04,Bread,Groceries,East,56.79,6,6.33,2023,10,Oct,2023-10,11.15
2021-01-31,Smartwatch,Electronics,Central,2855.19,2,357.14,2021,1,Jan,2021-01,12.51
2021-08-31,Tennis Racket,Sports,West,456.39,4,178.01,2021,8,Aug,2021-08,39.0
2022-04-02,Tablet,Electronics,East,3452.58,3,339.0,2022,4,Apr,2022-04,9.82
2022-02-19,T-Shirt,Clothing,North,572.29,3,239.73,2022,2,Feb,2022-02,41.89
2023-04-28,Smartwatch,Electronics,North,1348.17,3,111.54,2023,4,Apr,2023-04,8.27
2022-08-17,Monitor,Electronics,South,2703.85,9,436.44,2022,8,Aug,2022-08,16.14
2022-09-24,Webcam,Electronics,North,884.95,1,148.1,2022,9,Sep,2022-09,16.74
2023-08-04,Shoes,Clothing,East,162.37,1,76.86,2023,8,Aug,2023-08,47.34
2021-11-22,Olive Oil,Groceries,West,14.95,3,0.96,2021,11,Nov,2021-11,6.42
2022-08-01,Smartwatch,Electronics,South,1549.01,3,273.4,2022,8,Aug,2022-08,17.65
2022-11-05,Bicycle,Sports,West,1512.71,5,580.09,2022,11,Nov,2022-11,38.35
2023-09-12,Smartphone,Electronics,Central,359.12,3,33.74,2023,9,Sep,2023-09,9.4
2023-04-17,Desk,Furniture,East,1283.01,3,411.06,2023,4,Apr,2023-04,32.04
2023-11-27,Laptop,Electronics,East,1709.61,2,157.45,2023,11,Nov,2023-11,9.21
2021-05-25,Sweater,Clothing,Central,182.9,1,91.32,2021,5,May,2021-05,49.93
2022-07-14,Olive Oil,Groceries,Central,101.84,5,13.74,2022,7,Jul,2022-07,13.49
2021-12-20,Tennis Racket,Sports,North,742.93,4,311.67,2021,12,Dec,2021-12,41.95
2023-09-19,Wardrobe,Furniture,West,1331.05,5,326.61,2023,9,Sep,2023-09,24.54
2022-05-16,Shorts,Clothing,East,955.14,5,360.33,2022,5,May,2022-05,37.73
2022-05-14,Running Shoes,Sports,Central,481.3,3,202.31,2022,5,May,2022-05,42.03
2022-07-10,Bookshelf,Furniture,Central,422.11,2,122.02,2022,7,Jul,2022-07,28.91
2021-09-20,Sofa,Furniture,South,1706.03,5,586.18,2021,9,Sep,2021-09,34.36
2021-08-26,Dumbbell Set,Sports,North,38.76,2,13.47,2021,8,Aug,2021-08,34.75
2023-06-07,Wardrobe,Furniture,South,743.55,2,163.38,2023,6,Jun,2023-06,21.97
2023-04-04,Wardrobe,Furniture,West,524.3,1,127.49,2023,4,Apr,2023-04,24.32
2023-05-23,Rice,Groceries,West,84.27,5,5.29,2023,5,May,2023-05,6.28
2021-01-02,Webcam,Electronics,Central,419.1,1,60.18,2021,1,Jan,2021-01,14.36
2023-06-01,Olive Oil,Groceries,North,87.4,3,9.01,2023,6,Jun,2023-06,10.31
2022-01-02,Smartwatch,Electronics,South,3904.34,3,759.49,2022,1,Jan,2022-01,19.45
2022-10-22,Bicycle,Sports,South,534.99,2,158.75,2022,10,Oct,2022-10,29.67
2022-08-10,Sweater,Clothing,East,186.28,3,83.73,2022,8,Aug,2022-08,44.95
2022-05-27,Sofa,Furniture,Central,588.08,1,154.86,2022,5,May,2022-05,26.33
2022-07-23,Tennis Racket,Sports,West,669.16,5,289.93,2022,7,Jul,2022-07,43.33
2022-12-04,Bread,Groceries,North,9.18,1,0.53,2022,12,Dec,2022-12,5.77
2022-04-14,Bed Frame,Furniture,South,1013.64,3,365.29,2022,4,Apr,2022-04,36.04
2022-03-02,Bread,Groceries,North,4.07,2,0.39,2022,3,Mar,2022-03,9.58
2022-06-10,Chair,Furniture,Central,555.18,1,140.53,2022,6,Jun,2022-06,25.31
2021-09-10,Milk,Groceries,South,167.36,7,18.9,2021,9,Sep,2021-09,11.29
2023-05-16,Rice,Groceries,North,107.28,4,10.97,2023,5,May,2023-05,10.23
2023-04-25,Sweater,Clothing,Central,283.17,2,98.14,2023,4,Apr,2023-04,34.66
2021-03-15,Sofa,Furniture,West,1342.97,2,273.13,2021,3,Mar,2021-03,20.34
2023-01-30,Wardrobe,Furniture,West,3615.17,5,1001.73,2023,1,Jan,2023-01,27.71
2022-07-11,Chair,Furniture,North,1309.97,3,286.33,2022,7,Jul,2022-07,21.86
2021-05-18,Sweater,Clothing,North,832.63,5,378.73,2021,5,May,2021-05,45.49
2022-02-23,T-Shirt,Clothing,East,488.24,4,159.22,2022,2,Feb,2022-02,32.61
2021-04-13,Coffee,Groceries,Central,10.82,1,0.57,2021,4,Apr,2021-04,5.27
2023-12-28,Sofa,Furniture,Central,3908.79,8,1435.65,2023,12,Dec,2023-12,36.73
2023-12-01,Bread,Groceries,Central,8.25,2,1.16,2023,12,Dec,2023-12,14.06
2022-07-07,Olive Oil,Groceries,South,22.12,5,2.94,2022,7,Jul,2022-07,13.29
2021-01-14,Coffee,Groceries,South,71.19,3,4.02,2021,1,Jan,2021-01,5.65
2021-06-09,Smartphone,Electronics,South,3639.54,3,632.12,2021,6,Jun,2021-06,17.37
2023-12-19,Sweater,Clothing,North,436.46000000000004,5,60.69,2023,12,Dec,2023-12,13.91
2023-12-14,Monitor,Electronics,West,8984.62,6,1553.47,2023,12,Dec,2023-12,17.29
2023-07-09,Sweater,Clothing,South,188.9,1,77.55,2023,7,Jul,2023-07,41.05
2022-12-11,Bicycle,Sports,Central,1546.02,4,410.11,2022,12,Dec,2022-12,26.53
2023-03-22,Shoes,Clothing,West,124.82,2,53.58,2023,3,Mar,2023-03,42.93
2021-10-18,Tablet,Electronics,East,1422.44,1,126.92,2021,10,Oct,2021-10,8.92
2023-01-12,Lamp,Furniture,Central,669.71,2,156.41,2023,1,Jan,2023-01,23.35
2023-09-06,Running Shoes,Sports,Central,207.94,1,60.28,2023,9,Sep,2023-09,28.99
2023-12-12,Desk,Furniture,West,4776.93,8,1875.75,2023,12,Dec,2023-12,39.27
2023-10-01,Smartwatch,Electronics,South,2267.86,2,363.88,2023,10,Oct,2023-10,16.05
2021-03-29,Jeans,Clothing,Central,490.04,3,219.48,2021,3,Mar,2021-03,44.79
2023-10-19,Bookshelf,Furniture,East,1190.95,2,424.69,2023,10,Oct,2023-10,35.66
2021-05-25,Rice,Groceries,West,116.59,9,8.55,2021,5,May,2021-05,7.33
2023-10-30,Dumbbell Set,Sports,West,617.11,3,213.84,2023,10,Oct,2023-10,34.65
2021-01-25,Cereal,Groceries,Central,58.41,3,8.24,2021,1,Jan,2021-01,14.11
2021-08-04,Running Shoes,Sports,South,152.54,2,54.0,2021,8,Aug,2021-08,35.4
2022-07-08,Jeans,Clothing,North,533.79,3,203.83,2022,7,Jul,2022-07,38.19
2021-11-15,Dumbbell Set,Sports,West,1164.74,3,476.91,2021,11,Nov,2021-11,40.95
2022-01-25,Headphones,Electronics,North,555.99,1,61.4,2022,1,Jan,2022-01,11.04
2023-03-29,Jeans,Clothing,South,84.73,1,33.12,2023,3,Mar,2023-03,39.09
2022-05-18,Milk,Groceries,West,25.87,2,3.75,2022,5,May,2022-05,14.5
2023-11-29,Bread,Groceries,Central,62.22,3,4.63,2023,11,Nov,2023-11,7.44
2021-06-05,Monitor,Electronics,West,363.4,4,47.64,2021,6,Jun,2021-06,13.11
2021-04-27,Tablet,Electronics,South,2924.8,2,496.7,2021,4,Apr,2021-04,16.98
2022-08-29,Rice,Groceries,Central,67.78,3,7.76,2022,8,Aug,2022-08,11.45
2023-09-05,Bicycle,Sports,South,367.46,4,124.39,2023,9,Sep,2023-09,33.85
2023-05-07,Bed Frame,Furniture,Central,3385.88,6,1082.2,2023,5,May,2023-05,31.96
2021-06-29,Jacket,Clothing,North,331.81,2,101.47,2021,6,Jun,2021-06,30.58
2021-05-26,Bed Frame,Furniture,East,1754.17,4,561.64,2021,5,May,2021-05,32.02
2021-01-05,Dumbbell Set,Sports,South,1198.37,3,321.03,2021,1,Jan,2021-01,26.79
2021-10-12,Tablet,Electronics,West,4378.47,5,852.33,2021,10,Oct,2021-10,19.47
2022-12-13,Smartwatch,Electronics,South,4615.04,4,463.84,2022,12,Dec,2022-12,10.05
2021-10-09,Cereal,Groceries,Central,15.35,3,1.93,2021,10,Oct,2021-10,12.57
2022-11-16,Chair,Furniture,East,1010.48,4,367.61,2022,11,Nov,2022-11,36.38
2022-06-27,Sofa,Furniture,West,628.36,1,224.37,2022,6,Jun,2022-06,35.71
2022-11-12,Yoga Mat,Sports,Central,308.15,4,100.49,2022,11,Nov,2022-11,32.61
2023-02-02,Sofa,Furniture,Central,1190.17,2,475.06,2023,2,Feb,2023-02,39.92
2022-03-15,Tablet,Electronics,Central,1075.28,2,115.02,2022,3,Mar,2022-03,10.7
2022-05-04,Jeans,Clothing,Central,395.89,2,153.75,2022,5,May,2022-05,38.84
2021-01-16,Juice,Groceries,West,5.24,3,0.36,2021,1,Jan,2021-01,6.87
2023-01-25,Desk,Furniture,North,349.41,2,121.71,2023,1,Jan,2023-01,34.83
2022-04-04,Cereal,Groceries,North,55.85,3,5.03,2022,4,Apr,2022-04,9.01
2021-10-07,Sweater,Clothing,South,328.61,3,118.15,2021,10,Oct,2021-10,35.95
2021-06-18,Chair,Furniture,East,620.67,1,148.18,2021,6,Jun,2021-06,23.87
2023-10-02,Tennis Racket,Sports,Central,128.05,1,38.93,2023,10,Oct,2023-10,30.4
2021-12-03,Webcam,Electronics,West,2631.88,5,415.93,2021,12,Dec,2021-12,15.8
2021-12-17,Running Shoes,Sports,Central,671.65,3,222.83,2021,12,Dec,2021-12,33.18
2022-03-01,Bookshelf,Furniture,West,266.77,1,83.82,2022,3,Mar,2022-03,31.42
2021-04-10,T-Shirt,Clothing,South,359.7,2,177.77,2021,4,Apr,2021-04,49.42
2021-07-02,Olive Oil,Groceries,South,72.67,6,8.41,2021,7,Jul,2021-07,11.57
2023-05-11,Desk,Furniture,North,409.17,1,109.27,2023,5,May,2023-05,26.71
2023-10-02,Tennis Racket,Sports,Central,33.94,1,10.87,2023,10,Oct,2023-10,32.03
2023-03-21,Dress,Clothing,West,26.84,1,8.29,2023,3,Mar,2023-03,30.89
2022-04-10,Sofa,Furniture,West,429.74,1,141.76,2022,4,Apr,2022-04,32.99
2023-06-18,Smartwatch,Electronics,West,2636.78,2,245.68,2023,6,Jun,2023-06,9.32
2023-11-13,Wardrobe,Furniture,South,1008.02,3,292.13,2023,11,Nov,2023-11,28.98
2021-05-01,Milk,Groceries,East,95.03,4,5.64,2021,5,May,2021-05,5.93
2022-06-08,Yoga Mat,Sports,North,669.44,3,289.43,2022,6,Jun,2022-06,43.23
2021-09-25,Rice,Groceries,South,436.46000000000004,1,0.55,2021,9,Sep,2021-09,0.13
2023-12-19,Wardrobe,Furniture,West,541.13,1,137.18,2023,12,Dec,2023-12,25.35
2021-10-24,Bed Frame,Furniture,Central,1460.71,2,299.47,2021,10,Oct,2021-10,20.5
2022-12-31,Bread,Groceries,East,18.19,2,1.94,2022,12,Dec,2022-12,10.67
2021-08-05,Running Shoes,Sports,East,292.89,1,89.36,2021,8,Aug,2021-08,30.51
2022-01-15,Lamp,Furniture,North,913.0,3,260.69,2022,1,Jan,2022-01,28.55
2023-02-01,Wardrobe,Furniture,West,1608.66,3,385.18,2023,2,Feb,2023-02,23.94
2021-08-15,Yoga Mat,Sports,Central,436.22,2,191.57,2021,8,Aug,2021-08,43.92
2021-08-09,Rice,Groceries,East,29.3,3,4.28,2021,8,Aug,2021-08,14.61
2021-04-22,Lamp,Furniture,West,612.78,4,142.02,2021,4,Apr,2021-04,23.18
2022-10-17,Lamp,Furniture,South,2397.26,4,870.65,2022,10,Oct,2022-10,36.32
2021-11-26,Milk,Groceries,West,93.03,4,12.04,2021,11,Nov,2021-11,12.94
2022-02-27,Smartphone,Electronics,South,802.28,1,135.26,2022,2,Feb,2022-02,16.86
2023-12-01,T-Shirt,Clothing,East,536.82,4,191.85,2023,12,Dec,2023-12,35.74
2022-02-14,Jeans,Clothing,West,646.09,4,209.12,2022,2,Feb,2022-02,32.37
2023-02-23,Dumbbell Set,Sports,South,1527.25,4,591.83,2023,2,Feb,2023-02,38.75
2022-03-19,Rice,Groceries,West,115.43,4,16.24,2022,3,Mar,2022-03,14.07
2021-02-10,Bookshelf,Furniture,South,2550.17,4,790.43,2021,2,Feb,2021-02,31.0
2022-11-30,Sofa,Furniture,South,2766.12,4,1078.16,2022,11,Nov,2022-11,38.98
2023-10-05,Olive Oil,Groceries,East,50.06,2,5.52,2023,10,Oct,2023-10,11.03
2023-11-13,Bicycle,Sports,South,1186.82,4,339.76,2023,11,Nov,2023-11,28.63
2023-01-05,Olive Oil,Groceries,North,44.12,2,3.96,2023,1,Jan,2023-01,8.98
2022-05-21,Dumbbell Set,Sports,Central,111.91,6,47.48,2022,5,May,2022-05,42.43
2023-11-28,Lamp,Furniture,East,660.16,5,135.86,2023,11,Nov,2023-11,20.58
2023-10-09,Headphones,Electronics,North,418.36,3,50.48,2023,10,Oct,2023-10,12.07
2023-05-09,Laptop,Electronics,West,825.24,1,150.31,2023,5,May,2023-05,18.21
2022-11-26,Shoes,Clothing,South,118.06,3,51.29,2022,11,Nov,2022-11,43.44
2021-05-22,Shoes,Clothing,South,82.86,3,45.2,2021,5,May,2021-05,54.55
2021-09-26,Dress,Clothing,South,371.21,2,160.4,2021,9,Sep,2021-09,43.21
2023-01-08,Tablet,Electronics,West,1432.36,1,171.79,2023,1,Jan,2023-01,11.99
2023-04-30,Jacket,Clothing,South,682.51,5,246.99,2023,4,Apr,2023-04,36.19
2023-10-17,Webcam,Electronics,West,2026.36,4,366.93,2023,10,Oct,2023-10,18.11
2023-07-14,Bicycle,Sports,East,228.26,3,81.07,2023,7,Jul,2023-07,35.52
2023-08-13,Jacket,Clothing,North,339.24,3,113.2,2023,8,Aug,2023-08,33.37
2021-11-15,Smartwatch,Electronics,North,2505.76,3,430.04,2021,11,Nov,2021-11,17.16
2022-08-11,Olive Oil,Groceries,North,70.04,3,8.25,2022,8,Aug,2022-08,11.78
2021-12-24,Shorts,Clothing,North,66.14,2,21.48,2021,12,Dec,2021-12,32.48
2022-08-03,Jeans,Clothing,West,119.84,1,53.66,2022,8,Aug,2022-08,44.78
2021-04-03,Shorts,Clothing,South,325.05,2,122.53,2021,4,Apr,2021-04,37.7
2023-08-19,Laptop,Electronics,East,3051.47,7,542.52,2023,8,Aug,2023-08,17.78
2023-07-17,Yoga Mat,Sports,South,614.24,2,215.08,2023,7,Jul,2023-07,35.02
2023-12-19,Dress,Clothing,South,381.92,5,139.74,2023,12,Dec,2023-12,36.59
2022-08-01,Olive Oil,Groceries,Central,35.69,2,4.99,2022,8,Aug,2022-08,13.98
2021-11-14,Rice,Groceries,Central,166.37,7,10.6,2021,11,Nov,2021-11,6.37
2023-08-20,Headphones,Electronics,North,2429.63,2,480.87,2023,8,Aug,2023-08,19.79
2023-09-12,Desk,Furniture,West,1364.23,2,544.98,2023,9,Sep,2023-09,39.95
2023-04-28,Bread,Groceries,Central,36.05,3,4.68,2023,4,Apr,2023-04,12.98
2023-10-05,Dumbbell Set,Sports,South,85.58,1,33.7,2023,10,Oct,2023-10,39.38
2022-04-21,Tennis Racket,Sports,South,46.59,1,17.92,2022,4,Apr,2022-04,38.46
2022-12-01,Headphones,Electronics,East,2308.98,4,366.11,2022,12,Dec,2022-12,15.86
2023-04-17,Cereal,Groceries,West,43.2,2,4.32,2023,4,Apr,2023-04,10.0
2021-04-07,Milk,Groceries,North,23.16,1,3.29,2021,4,Apr,2021-04,14.21
2023-11-28,Headphones,Electronics,Central,2763.34,4,232.94,2023,11,Nov,2023-11,8.43
2023-01-05,Milk,Groceries,North,55.35,3,4.62,2023,1,Jan,2023-01,8.35
2022-06-22,Coffee,Groceries,North,8.55,3,0.85,2022,6,Jun,2022-06,9.94
2023-05-18,Yoga Mat,Sports,Central,235.2,6,77.0,2023,5,May,2023-05,32.74
2021-05-05,Smartphone,Electronics,West,1438.7,1,282.62,2021,5,May,2021-05,19.64
2023-03-18,Tablet,Electronics,South,2571.57,4,403.07,2023,3,Mar,2023-03,15.67
2022-08-14,Running Shoes,Sports,Central,714.79,3,272.11,2022,8,Aug,2022-08,38.07
2022-11-07,Tennis Racket,Sports,North,2171.52,9,551.36,2022,11,Nov,2022-11,25.39
2023-02-02,Dress,Clothing,East,196.29,1,65.86,2023,2,Feb,2023-02,33.55
2021-09-01,Coffee,Groceries,South,115.04,4,12.79,2021,9,Sep,2021-09,11.12
2021-07-31,Running Shoes,Sports,West,1579.17,4,703.73,2021,7,Jul,2021-07,44.56
2023-10-05,Sofa,Furniture,East,1478.52,5,577.49,2023,10,Oct,2023-10,39.06
2021-08-08,Tennis Racket,Sports,North,1624.19,5,597.0,2021,8,Aug,2021-08,36.76
2022-06-10,Dress,Clothing,North,136.64,3,66.07,2022,6,Jun,2022-06,48.35
2023-08-31,Headphones,Electronics,East,5839.96,5,934.06,2023,8,Aug,2023-08,15.99
2022-12-31,Chair,Furniture,Central,482.78,2,140.27,2022,12,Dec,2022-12,29.05
2023-04-17,Yoga Mat,Sports,Central,243.23,1,90.52,2023,4,Apr,2023-04,37.22
2023-04-16,Sofa,Furniture,North,370.01,1,137.15,2023,4,Apr,2023-04,37.07
2022-11-26,Tennis Racket,Sports,West,415.63,3,160.39,2022,11,Nov,2022-11,38.59
2023-07-05,Sweater,Clothing,North,233.77,2,81.12,2023,7,Jul,2023-07,34.7
2023-07-11,Bookshelf,Furniture,Central,1367.87,3,290.11,2023,7,Jul,2023-07,21.21
2021-03-19,Desk,Furniture,Central,158.0,1,34.82,2021,3,Mar,2021-03,22.04
2022-06-27,Sofa,Furniture,Central,506.1,2,123.91,2022,6,Jun,2022-06,24.48
2023-09-13,Sofa,Furniture,Central,1046.85,3,412.54,2023,9,Sep,2023-09,39.41
2022-11-12,Desk,Furniture,East,600.02,3,176.67,2022,11,Nov,2022-11,29.44
2023-10-29,Shorts,Clothing,East,264.69,2,137.91,2023,10,Oct,2023-10,52.1
2022-10-24,Tennis Racket,Sports,South,49.1,1,17.39,2022,10,Oct,2022-10,35.42
2022-05-31,Bed Frame,Furniture,South,649.03,2,230.39,2022,5,May,2022-05,35.5
2022-10-19,Rice,Groceries,North,3.71,1,0.49,2022,10,Oct,2022-10,13.21
2021-04-04,Bookshelf,Furniture,Central,2028.34,6,450.24,2021,4,Apr,2021-04,22.2
2022-02-19,Cereal,Groceries,East,14.26,1,1.8,2022,2,Feb,2022-02,12.62
2021-09-22,Juice,Groceries,North,11.94,2,1.61,2021,9,Sep,2021-09,13.48
2022-05-02,Olive Oil,Groceries,South,70.36,5,4.1,2022,5,May,2022-05,5.83
2021-09-04,Desk,Furniture,East,1104.95,4,377.53,2021,9,Sep,2021-09,34.17
2023-10-30,Sofa,Furniture,East,6469.21,10,2198.94,2023,10,Oct,2023-10,33.99
2023-07-12,Bread,Groceries,West,127.31,6,13.92,2023,7,Jul,2023-07,10.93
2023-11-15,Tennis Racket,Sports,South,1421.61,4,527.29,2023,11,Nov,2023-11,37.09
2022-04-07,Dumbbell Set,Sports,North,1024.76,5,438.71,2022,4,Apr,2022-04,42.81
2022-10-11,Coffee,Groceries,West,61.8,6,6.28,2022,10,Oct,2022-10,10.16
2021-04-03,Webcam,Electronics,North,5972.72,6,761.11,2021,4,Apr,2021-04,12.74
2023-07-28,Bread,Groceries,South,12.37,2,1.47,2023,7,Jul,2023-07,11.88
2022-12-25,Tennis Racket,Sports,Central,38.02,2,16.44,2022,12,Dec,2022-12,43.24
2023-07-02,Wardrobe,Furniture,South,678.02,3,179.85,2023,7,Jul,2023-07,26.53
2021-02-26,Chair,Furniture,Central,428.19,1,154.35,2021,2,Feb,2021-02,36.05
2023-05-15,Sweater,Clothing,South,166.67,1,87.97,2023,5,May,2023-05,52.78
2023-04-09,Shorts,Clothing,North,132.64,3,42.29,2023,4,Apr,2023-04,31.88
2023-08-06,Chair,Furniture,North,1042.92,3,406.17,2023,8,Aug,2023-08,38.95
2022-07-14,Headphones,Electronics,Central,5079.14,5,810.74,2022,7,Jul,2022-07,15.96
2021-06-17,Shorts,Clothing,West,150.06,3,67.66,2021,6,Jun,2021-06,45.09
2021-01-07,Monitor,Electronics,East,118.93,1,19.34,2021,1,Jan,2021-01,16.26
2023-03-31,Dumbbell Set,Sports,West,433.73,2,185.12,2023,3,Mar,2023-03,42.68
2022-01-17,Shoes,Clothing,West,302.69,2,135.45,2022,1,Jan,2022-01,44.75
2022-03-08,Tennis Racket,Sports,North,212.64,1,88.05,2022,3,Mar,2022-03,41.41
2023-11-14,Bookshelf,Furniture,Central,3323.21,5,1239.67,2023,11,Nov,2023-11,37.3
2023-12-25,Monitor,Electronics,West,2142.63,4,280.66,2023,12,Dec,2023-12,13.1
2021-11-19,Bicycle,Sports,East,678.25,3,251.24,2021,11,Nov,2021-11,37.04
2021-12-08,T-Shirt,Clothing,Central,900.63,11,366.72,2021,12,Dec,2021-12,40.72
2022-12-16,Jeans,Clothing,South,632.42,5,204.51,2022,12,Dec,2022-12,32.34
2021-06-04,Rice,Groceries,East,57.27,2,3.14,2021,6,Jun,2021-06,5.48
2021-12-15,Juice,Groceries,West,50.27,9,3.85,2021,12,Dec,2021-12,7.66
2023-10-12,Olive Oil,Groceries,North,45.24,4,5.75,2023,10,Oct,2023-10,12.71
2023-03-15,Smartphone,Electronics,East,7235.17,5,1189.78,2023,3,Mar,2023-03,16.44
2021-11-21,Bicycle,Sports,East,1194.75,5,330.66,2021,11,Nov,2021-11,27.68
2021-01-23,Chair,Furniture,West,842.91,2,223.11,2021,1,Jan,2021-01,26.47
2023-03-20,Yoga Mat,Sports,East,168.97,1,61.37,2023,3,Mar,2023-03,36.32
2022-06-10,Dumbbell Set,Sports,East,1979.13,8,567.3,2022,6,Jun,2022-06,28.66
2021-12-27,Sweater,Clothing,West,120.88,3,38.01,2021,12,Dec,2021-12,31.44
2022-09-16,Bread,Groceries,West,9.47,1,1.09,2022,9,Sep,2022-09,11.51
2022-05-14,Dumbbell Set,Sports,South,382.96,2,127.55,2022,5,May,2022-05,33.31
2022-11-23,Shoes,Clothing,West,102.9,2,32.8,2022,11,Nov,2022-11,31.88
2022-07-10,Lamp,Furniture,West,483.45,1,190.13,2022,7,Jul,2022-07,39.33
2021-10-16,Shorts,Clothing,East,259.37,3,105.83,2021,10,Oct,2021-10,40.8
2022-07-15,Olive Oil,Groceries,Central,103.24,4,10.47,2022,7,Jul,2022-07,10.14
2021-08-16,Shoes,Clothing,South,470.9,4,230.59,2021,8,Aug,2021-08,48.97
2021-04-08,Bed Frame,Furniture,North,1764.99,5,397.46,2021,4,Apr,2021-04,22.52
2023-09-01,Juice,Groceries,South,39.33,2,3.79,2023,9,Sep,2023-09,9.64
2022-10-10,Bicycle,Sports,Central,179.82,1,66.71,2022,10,Oct,2022-10,37.1
2023-02-05,Jacket,Clothing,East,46.92,3,24.5,2023,2,Feb,2023-02,52.22
2022-03-18,Tennis Racket,Sports,West,1155.24,3,387.09,2022,3,Mar,2022-03,33.51
2022-11-21,Tennis Racket,Sports,West,1711.58,6,604.69,2022,11,Nov,2022-11,35.33
2021-02-26,Tablet,Electronics,North,984.96,1,126.61,2021,2,Feb,2021-02,12.85
2021-03-03,Chair,Furniture,North,917.87,4,359.62,2021,3,Mar,2021-03,39.18
2022-03-20,Lamp,Furniture,East,1176.45,4,461.88,2022,3,Mar,2022-03,39.26
2021-12-13,Bicycle,Sports,West,1400.22,5,546.19,2021,12,Dec,2021-12,39.01
2021-03-02,Tablet,Electronics,East,2625.13,3,228.04,2021,3,Mar,2021-03,8.69
2023-12-19,Tablet,Electronics,East,927.18,3,102.27,2023,12,Dec,2023-12,11.03
2022-05-16,Bread,Groceries,North,119.31,4,12.29,2022,5,May,2022-05,10.3
2023-07-18,Dress,Clothing,Central,95.59,8,49.09,2023,7,Jul,2023-07,51.35
2023-04-20,Shoes,Clothing,North,37.01,1,14.61,2023,4,Apr,2023-04,39.48
2021-01-06,Bed Frame,Furniture,West,1326.06,4,325.87,2021,1,Jan,2021-01,24.57
2021-02-05,Smartwatch,Electronics,East,6853.17,5,1297.2,2021,2,Feb,2021-02,18.93
2023-08-30,Running Shoes,Sports,East,292.57,2,81.42,2023,8,Aug,2023-08,27.83
2021-07-26,Bed Frame,Furniture,East,728.45,1,211.35,2021,7,Jul,2021-07,29.01
2022-03-24,Shorts,Clothing,Central,153.27,4,55.86,2022,3,Mar,2022-03,36.45
2022-11-11,Juice,Groceries,North,125.39,7,9.28,2022,11,Nov,2022-11,7.4
2022-02-20,Headphones,Electronics,East,1064.5,1,173.38,2022,2,Feb,2022-02,16.29
2023-12-17,Laptop,Electronics,West,4083.14,8,597.26,2023,12,Dec,2023-12,14.63
2022-07-26,Tennis Racket,Sports,South,399.05,2,151.32,2022,7,Jul,2022-07,37.92
2021-11-03,Smartwatch,Electronics,South,5182.16,6,774.11,2021,11,Nov,2021-11,14.94
2021-04-08,Bed Frame,Furniture,North,1921.45,7,629.13,2021,4,Apr,2021-04,32.74
2022-08-11,Sweater,Clothing,South,436.46000000000004,5,130.83,2022,8,Aug,2022-08,29.98
2022-07-22,Lamp,Furniture,South,1339.03,2,376.15,2022,7,Jul,2022-07,28.09
2021-08-12,Olive Oil,Groceries,East,35.82,2,4.59,2021,8,Aug,2021-08,12.81
2022-09-23,Olive Oil,Groceries,Central,2.33,1,0.23,2022,9,Sep,2022-09,9.87
2022-01-09,Bookshelf,Furniture,Central,242.83,1,62.54,2022,1,Jan,2022-01,25.75
2021-07-05,Sofa,Furniture,South,1672.21,4,642.91,2021,7,Jul,2021-07,38.45
2021-08-13,Juice,Groceries,North,15.67,1,2.0,2021,8,Aug,2021-08,12.76
2022-11-23,Shoes,Clothing,Central,154.27,2,48.4,2022,11,Nov,2022-11,31.37
2022-08-07,Cereal,Groceries,South,51.28,3,5.75,2022,8,Aug,2022-08,11.21
2022-09-04,Dress,Clothing,East,194.72,2,82.51,2022,9,Sep,2022-09,42.37
2023-02-26,Webcam,Electronics,West,734.45,2,118.64,2023,2,Feb,2023-02,16.15
2023-04-10,T-Shirt,Clothing,South,68.72,1,27.65,2023,4,Apr,2023-04,40.24
2021-06-29,Running Shoes,Sports,South,247.76,5,109.38,2021,6,Jun,2021-06,44.15
2023-04-10,Running Shoes,Sports,North,190.03,2,73.95,2023,4,Apr,2023-04,38.91
2023-05-10,Monitor,Electronics,Central,2492.17,2,494.76,2023,5,May,2023-05,19.85
2021-08-24,Bookshelf,Furniture,North,711.48,2,270.56,2021,8,Aug,2021-08,38.03
2023-07-06,Jeans,Clothing,Central,294.94,2,136.31,2023,7,Jul,2023-07,46.22
2022-12-07,Cereal,Groceries,South,1.55,1,0.11,2022,12,Dec,2022-12,7.1
2022-06-06,Smartwatch,Electronics,West,1797.35,2,316.34,2022,6,Jun,2022-06,17.6
2022-02-22,Bread,Groceries,West,14.9,1,1.46,2022,2,Feb,2022-02,9.8
2022-02-07,Sweater,Clothing,West,305.13,3,121.91,2022,2,Feb,2022-02,39.95
2022-07-09,Dumbbell Set,Sports,South,1738.47,5,669.24,2022,7,Jul,2022-07,38.5
2023-01-20,Milk,Groceries,West,20.38,1,2.88,2023,1,Jan,2023-01,14.13
2022-07-17,Dress,Clothing,North,128.66,2,63.38,2022,7,Jul,2022-07,49.26
2021-05-21,Dumbbell Set,Sports,North,473.76,2,120.56,2021,5,May,2021-05,25.45
2023-01-13,Jeans,Clothing,West,423.1,3,193.64,2023,1,Jan,2023-01,45.77
2022-10-30,Dumbbell Set,Sports,Central,518.01,5,169.73,2022,10,Oct,2022-10,32.77
2023-10-01,Smartphone,Electronics,East,1816.77,2,257.96,2023,10,Oct,2023-10,14.2
2021-07-12,Yoga Mat,Sports,Central,790.17,3,284.13,2021,7,Jul,2021-07,35.96
2021-07-17,Yoga Mat,Sports,West,911.42,5,366.13,2021,7,Jul,2021-07,40.17
2022-03-13,Milk,Groceries,Central,66.17,5,7.1,2022,3,Mar,2022-03,10.73
2021-11-25,Wardrobe,Furniture,West,1655.28,4,596.41,2021,11,Nov,2021-11,36.03
2023-08-12,Dumbbell Set,Sports,Central,338.31,3,127.15,2023,8,Aug,2023-08,37.58
2022-11-30,Tennis Racket,Sports,South,350.3,1,92.61,2022,11,Nov,2022-11,26.44
2021-01-21,Bicycle,Sports,East,288.05,3,113.15,2021,1,Jan,2021-01,39.28
2021-06-03,Smartphone,Electronics,East,1651.03,3,313.14,2021,6,Jun,2021-06,18.97
2022-10-24,Cereal,Groceries,North,69.97,6,9.96,2022,10,Oct,2022-10,14.23
2023-12-20,Chair,Furniture,North,1556.64,3,616.19,2023,12,Dec,2023-12,39.58
2021-01-29,Bed Frame,Furniture,North,928.74,3,265.3,2021,1,Jan,2021-01,28.57
2021-04-07,Shoes,Clothing,West,55.8,1,24.0,2021,4,Apr,2021-04,43.01
2021-02-14,Dumbbell Set,Sports,South,510.98,2,220.58,2021,2,Feb,2021-02,43.17
2023-06-11,Dumbbell Set,Sports,East,104.25,1,33.96,2023,6,Jun,2023-06,32.58
2023-12-07,Shoes,Clothing,West,247.36,3,86.45,2023,12,Dec,2023-12,34.95
2022-02-28,Smartwatch,Electronics,Central,1344.78,2,151.55,2022,2,Feb,2022-02,11.27
2021-06-15,Dress,Clothing,East,79.31,2,26.5,2021,6,Jun,2021-06,33.41
2023-02-08,Wardrobe,Furniture,South,203.03,1,61.7,2023,2,Feb,2023-02,30.39
2021-08-14,Olive Oil,Groceries,West,58.66,3,7.66,2021,8,Aug,2021-08,13.06
2023-05-29,Webcam,Electronics,East,199.2,1,31.24,2023,5,May,2023-05,15.68
2023-04-01,Rice,Groceries,North,33.7,2,2.96,2023,4,Apr,2023-04,8.78
2022-03-01,Bread,Groceries,East,59.92,2,8.28,2022,3,Mar,2022-03,13.82
2023-10-25,Desk,Furniture,East,1148.18,3,452.88,2023,10,Oct,2023-10,39.44
2023-03-07,Bicycle,Sports,Central,856.32,3,235.84,2023,3,Mar,2023-03,27.54
2021-11-26,Bread,Groceries,Central,36.0,5,3.04,2021,11,Nov,2021-11,8.44
2021-06-18,Laptop,Electronics,East,976.32,4,119.36,2021,6,Jun,2021-06,12.23
2023-10-25,Chair,Furniture,East,1019.35,2,219.47,2023,10,Oct,2023-10,21.53
2023-03-25,Dress,Clothing,South,290.87,2,99.98,2023,3,Mar,2023-03,34.37
2023-05-06,Milk,Groceries,Central,48.29,2,5.27,2023,5,May,2023-05,10.91
2023-05-24,Jeans,Clothing,East,147.08,1,61.83,2023,5,May,2023-05,42.04
2022-04-11,Laptop,Electronics,West,7884.94,6,1409.48,2022,4,Apr,2022-04,17.88
2021-01-01,Yoga Mat,Sports,South,633.54,2,214.39,2021,1,Jan,2021-01,33.84
2021-06-11,Sweater,Clothing,Central,214.4,4,103.12,2021,6,Jun,2021-06,48.1
2021-04-24,Smartwatch,Electronics,North,9283.39,8,1108.85,2021,4,Apr,2021-04,11.94
2022-06-28,T-Shirt,Clothing,East,479.11,4,150.69,2022,6,Jun,2022-06,31.45
2021-06-07,Chair,Furniture,North,663.17,3,261.37,2021,6,Jun,2021-06,39.41
2023-12-25,Bread,Groceries,Central,53.48,2,3.97,2023,12,Dec,2023-12,7.42
2022-03-26,Bicycle,Sports,East,1121.1,3,424.81,2022,3,Mar,2022-03,37.89
2022-06-10,Jeans,Clothing,North,383.95,4,151.47,2022,6,Jun,2022-06,39.45
2021-02-17,Olive Oil,Groceries,West,21.57,3,1.8,2021,2,Feb,2021-02,8.34
2021-02-08,Laptop,Electronics,North,2343.77,3,249.03,2021,2,Feb,2021-02,10.63
2021-11-24,Shoes,Clothing,North,1041.11,7,394.52,2021,11,Nov,2021-11,37.89
2022-12-28,Dumbbell Set,Sports,West,311.96,5,140.11,2022,12,Dec,2022-12,44.91
2023-03-12,Sofa,Furniture,East,1040.38,2,243.97,2023,3,Mar,2023-03,23.45
2023-06-28,Bread,Groceries,South,28.09,2,3.22,2023,6,Jun,2023-06,11.46
2022-12-14,Juice,Groceries,West,3.52,1,0.36,2022,12,Dec,2022-12,10.23
2022-09-29,Laptop,Electronics,East,669.0,3,128.45,2022,9,Sep,2022-09,19.2
2022-09-23,Dumbbell Set,Sports,North,588.75,3,253.01,2022,9,Sep,2022-09,42.97
2022-11-15,Sofa,Furniture,West,2929.95,4,743.89,2022,11,Nov,2022-11,25.39
2022-09-09,Shoes,Clothing,South,107.81,4,34.96,2022,9,Sep,2022-09,32.43
2021-12-11,Running Shoes,Sports,West,647.29,2,213.09,2021,12,Dec,2021-12,32.92
2022-08-27,Shoes,Clothing,North,342.64,3,146.41,2022,8,Aug,2022-08,42.73
2023-11-27,Chair,Furniture,South,1063.78,4,257.15,2023,11,Nov,2023-11,24.17
2021-11-03,Sweater,Clothing,South,350.62,3,179.55,2021,11,Nov,2021-11,51.21
2021-03-13,T-Shirt,Clothing,North,44.46,1,24.33,2021,3,Mar,2021-03,54.72
2021-10-20,Dumbbell Set,Sports,West,389.98,3,105.98,2021,10,Oct,2021-10,27.18
2022-07-21,Bread,Groceries,South,17.56,2,2.62,2022,7,Jul,2022-07,14.92
2022-03-20,Bicycle,Sports,East,2254.68,6,721.81,2022,3,Mar,2022-03,32.01
2022-02-12,Milk,Groceries,South,12.78,1,1.87,2022,2,Feb,2022-02,14.63
2022-02-22,Laptop,Electronics,South,3693.34,3,537.31,2022,2,Feb,2022-02,14.55
2021-05-08,Dumbbell Set,Sports,Central,154.23,1,49.74,2021,5,May,2021-05,32.25
2022-05-19,Dumbbell Set,Sports,East,75.5,4,21.47,2022,5,May,2022-05,28.44
2022-06-22,Smartphone,Electronics,Central,1492.97,3,138.39,2022,6,Jun,2022-06,9.27
2023-01-07,Running Shoes,Sports,South,251.25,2,69.84,2023,1,Jan,2023-01,27.8
2022-11-28,Yoga Mat,Sports,South,1437.0,6,623.09,2022,11,Nov,2022-11,43.36
2023-05-01,Chair,Furniture,Central,1140.61,3,400.33,2023,5,May,2023-05,35.1
2023-03-20,Laptop,Electronics,South,6446.66,5,1284.64,2023,3,Mar,2023-03,19.93
2021-04-08,Dress,Clothing,East,47.32,3,17.27,2021,4,Apr,2021-04,36.5
2022-03-28,Milk,Groceries,South,23.56,2,3.06,2022,3,Mar,2022-03,12.99
2023-09-07,Milk,Groceries,East,60.86,4,6.91,2023,9,Sep,2023-09,11.35
2021-02-08,Sofa,Furniture,West,273.49,2,75.97,2021,2,Feb,2021-02,27.78
2022-03-06,Laptop,Electronics,East,2981.64,2,288.34,2022,3,Mar,2022-03,9.67
2023-06-16,Lamp,Furniture,West,1624.75,5,631.6,2023,6,Jun,2023-06,38.87
2021-07-21,Shoes,Clothing,South,124.81,2,60.31,2021,7,Jul,2021-07,48.32
2023-08-13,Laptop,Electronics,East,629.07,3,96.35,2023,8,Aug,2023-08,15.32
2022-01-23,Cereal,Groceries,South,57.62,2,7.89,2022,1,Jan,2022-01,13.69
2022-07-11,Shorts,Clothing,West,1640.54,9,822.57,2022,7,Jul,2022-07,50.14
2021-08-06,Bookshelf,Furniture,South,196.45,1,42.74,2021,8,Aug,2021-08,21.76
2021-03-18,Cereal,Groceries,South,51.22,2,6.26,2021,3,Mar,2021-03,12.22
2021-08-30,Tablet,Electronics,North,1352.67,1,247.77,2021,8,Aug,2021-08,18.32
2021-11-08,T-Shirt,Clothing,South,177.96,2,96.61,2021,11,Nov,2021-11,54.29
2021-12-06,Headphones,Electronics,South,1007.47,1,92.61,2021,12,Dec,2021-12,9.19
2023-12-12,Coffee,Groceries,South,178.83,6,25.66,2023,12,Dec,2023-12,14.35
2021-01-04,Tennis Racket,Sports,East,476.72,2,210.66,2021,1,Jan,2021-01,44.19
2023-08-10,Lamp,Furniture,West,4194.48,6,1506.54,2023,8,Aug,2023-08,35.92
2023-02-20,Jeans,Clothing,East,138.48,1,63.5,2023,2,Feb,2023-02,45.85
2022-08-02,Tablet,Electronics,East,1265.08,1,117.92,2022,8,Aug,2022-08,9.32
2022-07-23,Bicycle,Sports,East,188.05,8,79.55,2022,7,Jul,2022-07,42.3
2022-06-14,Coffee,Groceries,South,4.55,3,0.64,2022,6,Jun,2022-06,14.07
2022-07-09,T-Shirt,Clothing,North,143.75,3,56.66,2022,7,Jul,2022-07,39.42
2021-03-06,Jeans,Clothing,North,468.98,3,202.56,2021,3,Mar,2021-03,43.19
2023-07-04,Tennis Racket,Sports,South,1571.23,6,452.31,2023,7,Jul,2023-07,28.79
2022-07-20,Lamp,Furniture,North,1174.45,3,314.22,2022,7,Jul,2022-07,26.75
2021-11-14,Dumbbell Set,Sports,South,844.2,3,315.49,2021,11,Nov,2021-11,37.37
2022-11-22,Yoga Mat,Sports,North,1586.26,4,404.79,2022,11,Nov,2022-11,25.52
2022-02-16,Yoga Mat,Sports,Central,89.2,1,28.89,2022,2,Feb,2022-02,32.39
2022-07-15,Webcam,Electronics,South,1691.12,2,175.54,2022,7,Jul,2022-07,10.38
2021-06-01,Webcam,Electronics,South,3062.15,4,475.39,2021,6,Jun,2021-06,15.52
2021-10-14,Jeans,Clothing,North,108.98,2,57.85,2021,10,Oct,2021-10,53.08
2021-10-04,Smartwatch,Electronics,East,355.48,1,68.4,2021,10,Oct,2021-10,19.24
2022-03-04,Running Shoes,Sports,South,243.47,2,85.98,2022,3,Mar,2022-03,35.31
2023-01-05,Smartphone,Electronics,Central,393.6,1,60.01,2023,1,Jan,2023-01,15.25
2023-12-05,Headphones,Electronics,North,3347.94,5,443.5,2023,12,Dec,2023-12,13.25
2023-01-18,Shorts,Clothing,North,117.96,2,48.59,2023,1,Jan,2023-01,41.19
2021-04-03,Running Shoes,Sports,East,305.01,3,107.62,2021,4,Apr,2021-04,35.28
2022-08-26,Yoga Mat,Sports,East,1218.78,4,497.03,2022,8,Aug,2022-08,40.78
2022-11-17,Bed Frame,Furniture,Central,1462.94,5,490.49,2022,11,Nov,2022-11,33.53
2022-11-10,Sofa,Furniture,East,1527.46,7,351.81,2022,11,Nov,2022-11,23.03
2021-01-31,Smartwatch,Electronics,West,1151.65,1,93.8,2021,1,Jan,2021-01,8.14
2023-02-13,Lamp,Furniture,Central,1860.31,3,492.5,2023,2,Feb,2023-02,26.47
2021-04-20,Sweater,Clothing,South,20.96,1,10.08,2021,4,Apr,2021-04,48.09
2023-09-04,Lamp,Furniture,East,450.33,1,99.58,2023,9,Sep,2023-09,22.11
2022-02-11,Chair,Furniture,Central,1271.85,2,304.77,2022,2,Feb,2022-02,23.96
2023-06-10,Bicycle,Sports,West,316.83,1,123.45,2023,6,Jun,2023-06,38.96
2021-02-21,Lamp,Furniture,North,1269.78,2,375.06,2021,2,Feb,2021-02,29.54
2022-01-24,Milk,Groceries,North,28.11,5,2.26,2022,1,Jan,2022-01,8.04
2021-05-22,Webcam,Electronics,West,3929.35,4,653.35,2021,5,May,2021-05,16.63
2023-04-29,Rice,Groceries,West,10.44,1,0.61,2023,4,Apr,2023-04,5.84
2022-08-22,Bicycle,Sports,West,247.37,1,62.91,2022,8,Aug,2022-08,25.43
2021-02-05,Shoes,Clothing,South,164.96,4,62.06,2021,2,Feb,2021-02,37.62
2022-08-17,Dress,Clothing,North,319.0,5,161.71,2022,8,Aug,2022-08,50.69
2023-03-31,Bed Frame,Furniture,Central,486.49,1,130.6,2023,3,Mar,2023-03,26.85
2022-07-30,Cereal,Groceries,Central,31.25,2,1.74,2022,7,Jul,2022-07,5.57
2022-10-31,Coffee,Groceries,East,17.44,3,2.15,2022,10,Oct,2022-10,12.33
2022-07-24,Milk,Groceries,East,58.81,2,3.79,2022,7,Jul,2022-07,6.44
2021-10-10,Smartphone,Electronics,North,1195.21,1,176.29,2021,10,Oct,2021-10,14.75
2022-12-01,Desk,Furniture,South,1054.73,5,300.27,2022,12,Dec,2022-12,28.47
2021-03-07,Sweater,Clothing,East,594.49,4,262.47,2021,3,Mar,2021-03,44.15
2021-10-28,Coffee,Groceries,South,20.7,1,2.34,2021,10,Oct,2021-10,11.3
2023-03-12,Running Shoes,Sports,North,460.02,2,118.22,2023,3,Mar,2023-03,25.7
2022-05-04,Yoga Mat,Sports,North,347.53,1,136.14,2022,5,May,2022-05,39.17
2022-11-19,Laptop,Electronics,South,5939.07,6,975.8,2022,11,Nov,2022-11,16.43
2021-03-11,Juice,Groceries,South,32.01,3,3.31,2021,3,Mar,2021-03,10.34
2021-04-18,Dumbbell Set,Sports,West,348.18,3,148.95,2021,4,Apr,2021-04,42.78
2022-07-16,Olive Oil,Groceries,West,1.57,1,0.17,2022,7,Jul,2022-07,10.83
2021-12-07,Shorts,Clothing,West,1160.34,7,552.46,2021,12,Dec,2021-12,47.61
2021-09-15,Dress,Clothing,East,399.26,3,166.27,2021,9,Sep,2021-09,41.64
2021-02-04,Olive Oil,Groceries,South,11.65,1,1.64,2021,2,Feb,2021-02,14.08
2021-05-03,Juice,Groceries,East,105.29,4,12.16,2021,5,May,2021-05,11.55
2023-08-30,Bed Frame,Furniture,South,4022.94,7,1093.13,2023,8,Aug,2023-08,27.17
2022-03-24,Monitor,Electronics,Central,5522.76,4,648.16,2022,3,Mar,2022-03,11.74
2021-04-27,Monitor,Electronics,Central,961.07,3,190.71,2021,4,Apr,2021-04,19.84
2022-08-18,Lamp,Furniture,Central,594.48,3,163.65,2022,8,Aug,2022-08,27.53
2023-04-18,Dress,Clothing,Central,436.46000000000004,5,130.83,2023,4,Apr,2023-04,29.98
2022-11-01,Dumbbell Set,Sports,South,247.99,5,95.85,2022,11,Nov,2022-11,38.65
2021-01-17,Laptop,Electronics,Central,2002.38,3,229.7,2021,1,Jan,2021-01,11.47
2022-02-13,Dress,Clothing,West,769.08,5,384.84,2022,2,Feb,2022-02,50.04
2021-03-13,Juice,Groceries,North,21.79,1,2.34,2021,3,Mar,2021-03,10.74
2021-08-26,Monitor,Electronics,East,3886.92,3,445.12,2021,8,Aug,2021-08,11.45
2021-01-24,Juice,Groceries,South,52.98,2,4.76,2021,1,Jan,2021-01,8.98
2021-03-26,Dress,Clothing,East,64.06,1,28.29,2021,3,Mar,2021-03,44.16
2022-10-31,Bed Frame,Furniture,West,4108.05,7,1405.77,2022,10,Oct,2022-10,34.22
2023-07-29,Tablet,Electronics,South,3432.04,3,656.05,2023,7,Jul,2023-07,19.12
2021-11-05,Webcam,Electronics,North,1953.93,5,262.71,2021,11,Nov,2021-11,13.45
2021-08-06,Bicycle,Sports,East,621.95,3,205.7,2021,8,Aug,2021-08,33.07
2023-08-20,Rice,Groceries,West,136.53,6,16.38,2023,8,Aug,2023-08,12.0
2021-06-08,Wardrobe,Furniture,West,437.21,2,94.61,2021,6,Jun,2021-06,21.64
2021-05-27,T-Shirt,Clothing,Central,245.47,2,129.12,2021,5,May,2021-05,52.6
2021-01-22,Tablet,Electronics,South,640.1,1,90.13,2021,1,Jan,2021-01,14.08
2022-02-08,Jeans,Clothing,West,132.72,2,62.59,2022,2,Feb,2022-02,47.16
2021-11-13,Shorts,Clothing,South,508.33,4,232.69,2021,11,Nov,2021-11,45.78
2022-06-06,Jeans,Clothing,North,178.11,2,57.9,2022,6,Jun,2022-06,32.51
2023-10-22,Shorts,Clothing,North,318.98,2,142.41,2023,10,Oct,2023-10,44.65
2022-05-22,Headphones,Electronics,West,1234.7,1,171.5,2022,5,May,2022-05,13.89
2022-07-06,Bookshelf,Furniture,East,767.55,5,184.25,2022,7,Jul,2022-07,24.0
2021-06-10,Shorts,Clothing,West,195.08,2,95.16,2021,6,Jun,2021-06,48.78
2021-05-12,Smartwatch,Electronics,East,380.89,1,32.95,2021,5,May,2021-05,8.65
2021-12-27,Bed Frame,Furniture,North,1549.47,7,583.34,2021,12,Dec,2021-12,37.65
2022-01-09,Sofa,Furniture,East,774.35,2,200.79,2022,1,Jan,2022-01,25.93
2023-04-07,Sofa,Furniture,Central,2215.99,3,455.15,2023,4,Apr,2023-04,20.54
2022-04-14,Laptop,Electronics,Central,4297.83,3,757.5,2022,4,Apr,2022-04,17.63
2021-04-10,Webcam,Electronics,Central,1646.9,3,136.82,2021,4,Apr,2021-04,8.31
2023-06-27,Jeans,Clothing,North,183.53,1,97.58,2023,6,Jun,2023-06,53.17
2022-07-18,Dress,Clothing,North,367.63,2,112.45,2022,7,Jul,2022-07,30.59
2021-08-28,Monitor,Electronics,South,2995.64,2,541.44,2021,8,Aug,2021-08,18.07
2021-08-06,Cereal,Groceries,Central,16.49,2,1.48,2021,8,Aug,2021-08,8.98
2023-05-11,Smartwatch,Electronics,North,739.01,1,83.9,2023,5,May,2023-05,11.35
2023-02-13,Jacket,Clothing,East,134.66,1,71.64,2023,2,Feb,2023-02,53.2
2021-09-24,Chair,Furniture,Central,436.46000000000004,1,99.46,2021,9,Sep,2021-09,22.79
2023-05-28,Tablet,Electronics,East,4579.11,4,526.68,2023,5,May,2023-05,11.5
2022-09-29,Rice,Groceries,Central,120.83,5,11.51,2022,9,Sep,2022-09,9.53
2021-12-01,Chair,Furniture,Central,2022.05,3,575.78,2021,12,Dec,2021-12,28.48
2022-11-13,Dumbbell Set,Sports,East,216.0,3,61.2,2022,11,Nov,2022-11,28.33
2021-09-06,Tablet,Electronics,West,2245.51,5,340.66,2021,9,Sep,2021-09,15.17
2021-05-31,Milk,Groceries,West,76.86,4,5.94,2021,5,May,2021-05,7.73
2023-05-21,Dumbbell Set,Sports,North,307.36,3,106.59,2023,5,May,2023-05,34.68
2022-02-28,Shoes,Clothing,South,458.94,3,172.19,2022,2,Feb,2022-02,37.52
2021-07-04,Juice,Groceries,North,50.19,4,3.39,2021,7,Jul,2021-07,6.75
2023-09-22,Juice,Groceries,North,23.52,2,1.31,2023,9,Sep,2023-09,5.57
2022-05-28,Milk,Groceries,North,51.8,2,6.99,2022,5,May,2022-05,13.49
2023-04-26,Coffee,Groceries,West,41.93,2,3.06,2023,4,Apr,2023-04,7.3
2022-02-19,Sofa,Furniture,West,100.58,1,21.72,2022,2,Feb,2022-02,21.59
2021-01-30,Milk,Groceries,South,43.53,2,2.47,2021,1,Jan,2021-01,5.67
2021-07-26,Olive Oil,Groceries,South,31.63,3,2.81,2021,7,Jul,2021-07,8.88
2021-04-14,Webcam,Electronics,South,4658.63,4,641.39,2021,4,Apr,2021-04,13.77
2022-06-04,Coffee,Groceries,North,4.38,1,0.3,2022,6,Jun,2022-06,6.85
2021-01-24,Sweater,Clothing,East,151.23,1,67.78,2021,1,Jan,2021-01,44.82
2021-12-22,Bed Frame,Furniture,East,567.01,4,133.5,2021,12,Dec,2021-12,23.54
2021-06-01,Yoga Mat,Sports,West,829.98,3,224.97,2021,6,Jun,2021-06,27.11
2022-04-05,Bed Frame,Furniture,South,1382.99,5,515.61,2022,4,Apr,2022-04,37.28
2022-12-25,Shoes,Clothing,East,280.63,2,105.5,2022,12,Dec,2022-12,37.59
2022-11-27,Jeans,Clothing,South,124.57,6,64.82,2022,11,Nov,2022-11,52.04
2023-11-03,Running Shoes,Sports,Central,336.01,6,105.08,2023,11,Nov,2023-11,31.27
2022-08-07,Dumbbell Set,Sports,North,970.47,3,317.65,2022,8,Aug,2022-08,32.73
2021-07-21,Sofa,Furniture,South,979.93,2,221.27,2021,7,Jul,2021-07,22.58
2021-07-18,Tennis Racket,Sports,South,450.93,3,195.34,2021,7,Jul,2021-07,43.32
2023-06-26,Shorts,Clothing,West,238.29,5,86.2,2023,6,Jun,2023-06,36.17
2022-02-05,Laptop,Electronics,West,2663.37,3,219.9,2022,2,Feb,2022-02,8.26
2023-04-06,Wardrobe,Furniture,West,320.85,1,85.29,2023,4,Apr,2023-04,26.58
2021-06-27,Laptop,Electronics,North,1299.08,4,157.17,2021,6,Jun,2021-06,12.1
2022-04-16,Juice,Groceries,West,54.29,2,4.4,2022,4,Apr,2022-04,8.1
2022-02-28,Juice,Groceries,East,17.12,1,1.89,2022,2,Feb,2022-02,11.04
2023-10-04,Smartphone,Electronics,South,1161.77,2,111.16,2023,10,Oct,2023-10,9.57
2022-11-26,Bread,Groceries,Central,115.07,7,13.61,2022,11,Nov,2022-11,11.83
2022-06-10,Jacket,Clothing,North,640.87,5,247.57,2022,6,Jun,2022-06,38.63
2021-10-30,Tennis Racket,Sports,West,1963.69,6,635.71,2021,10,Oct,2021-10,32.37
2023-12-04,Dumbbell Set,Sports,East,520.94,6,195.09,2023,12,Dec,2023-12,37.45
2022-06-04,Coffee,Groceries,West,174.76,6,24.06,2022,6,Jun,2022-06,13.77
2022-12-11,Webcam,Electronics,North,2439.88,5,432.15,2022,12,Dec,2022-12,17.71
2022-01-01,Headphones,Electronics,Central,1693.83,3,147.65,2022,1,Jan,2022-01,8.72
2021-05-31,Desk,Furniture,Central,3326.45,7,1293.12,2021,5,May,2021-05,38.87
2022-07-14,Smartphone,Electronics,North,7762.94,6,1487.37,2022,7,Jul,2022-07,19.16
2021-11-08,Sofa,Furniture,West,2815.92,6,664.85,2021,11,Nov,2021-11,23.61
2022-04-23,Tennis Racket,Sports,South,486.73,2,194.15,2022,4,Apr,2022-04,39.89
2021-06-24,Smartwatch,Electronics,West,713.74,3,85.56,2021,6,Jun,2021-06,11.99
2022-10-18,Olive Oil,Groceries,West,8.47,2,1.09,2022,10,Oct,2022-10,12.87
2022-03-15,Shoes,Clothing,East,377.41,2,125.81,2022,3,Mar,2022-03,33.34
2021-08-18,Bicycle,Sports,West,576.56,4,164.72,2021,8,Aug,2021-08,28.57
2023-08-26,Coffee,Groceries,South,32.65,2,3.31,2023,8,Aug,2023-08,10.14
2022-10-14,Wardrobe,Furniture,South,1328.46,2,271.01,2022,10,Oct,2022-10,20.4
2022-10-02,Jeans,Clothing,South,122.96,5,44.24,2022,10,Oct,2022-10,35.98
2021-03-17,Running Shoes,Sports,Central,1058.92,3,374.23,2021,3,Mar,2021-03,35.34
2021-06-06,Sweater,Clothing,West,50.95,3,22.74,2021,6,Jun,2021-06,44.63
2021-04-18,Bread,Groceries,Central,27.43,1,3.21,2021,4,Apr,2021-04,11.7
2023-06-23,Running Shoes,Sports,East,363.31,1,118.26,2023,6,Jun,2023-06,32.55
2023-01-05,Milk,Groceries,Central,36.82,3,2.66,2023,1,Jan,2023-01,7.22
2023-08-04,Monitor,Electronics,Central,669.45,1,102.73,2023,8,Aug,2023-08,15.35
2021-01-30,Smartphone,Electronics,South,1604.17,2,198.95,2021,1,Jan,2021-01,12.4
2021-02-18,Desk,Furniture,East,2218.45,4,624.78,2021,2,Feb,2021-02,28.16
2021-10-25,Running Shoes,Sports,West,135.09,2,41.26,2021,10,Oct,2021-10,30.54
2022-04-25,Bread,Groceries,North,58.45,2,3.62,2022,4,Apr,2022-04,6.19
2023-11-25,Running Shoes,Sports,Central,103.62,2,39.14,2023,11,Nov,2023-11,37.77
2021-05-31,Cereal,Groceries,Central,80.22,3,4.87,2021,5,May,2021-05,6.07
2023-09-28,Bed Frame,Furniture,Central,3877.82,5,1032.32,2023,9,Sep,2023-09,26.62
2021-12-30,Bicycle,Sports,South,730.89,2,255.64,2021,12,Dec,2021-12,34.98
2023-06-03,Yoga Mat,Sports,West,2345.89,6,800.91,2023,6,Jun,2023-06,34.14
2021-02-20,Dress,Clothing,East,357.9,2,129.66,2021,2,Feb,2021-02,36.23
2022-02-16,Cereal,Groceries,North,20.79,1,2.71,2022,2,Feb,2022-02,13.04
2021-01-13,Cereal,Groceries,North,102.32,5,15.02,2021,1,Jan,2021-01,14.68
2021-08-25,Webcam,Electronics,Central,5144.25,5,663.31,2021,8,Aug,2021-08,12.89
2023-04-19,Wardrobe,Furniture,East,707.88,1,181.91,2023,4,Apr,2023-04,25.7
2021-09-03,Sweater,Clothing,South,96.65,3,40.23,2021,9,Sep,2021-09,41.62
2022-07-17,Shorts,Clothing,South,173.19,2,68.23,2022,7,Jul,2022-07,39.4
2022-09-27,Webcam,Electronics,North,3269.7,5,647.41,2022,9,Sep,2022-09,19.8
2023-07-03,Tablet,Electronics,East,621.01,2,92.88,2023,7,Jul,2023-07,14.96
2023-01-31,Tennis Racket,Sports,South,840.68,4,321.46,2023,1,Jan,2023-01,38.24
2022-07-23,Desk,Furniture,North,91.6,1,34.75,2022,7,Jul,2022-07,37.94
2021-07-01,Jeans,Clothing,East,527.63,3,289.64,2021,7,Jul,2021-07,54.89
2022-11-01,Jeans,Clothing,East,467.78,4,182.09,2022,11,Nov,2022-11,38.93
2022-08-07,Dumbbell Set,Sports,East,665.17,2,273.58,2022,8,Aug,2022-08,41.13
2021-12-30,Headphones,Electronics,West,3772.69,7,446.87,2021,12,Dec,2021-12,11.84
2021-12-18,Dumbbell Set,Sports,West,1094.22,3,319.53,2021,12,Dec,2021-12,29.2
2023-06-09,Milk,Groceries,North,71.45,4,10.13,2023,6,Jun,2023-06,14.18
2021-08-31,Jacket,Clothing,West,300.11,3,94.94,2021,8,Aug,2021-08,31.64
2022-05-30,Coffee,Groceries,West,1.97,1,0.29,2022,5,May,2022-05,14.72
2023-02-11,T-Shirt,Clothing,South,62.14,3,26.25,2023,2,Feb,2023-02,42.24
2023-01-29,T-Shirt,Clothing,South,73.8,2,29.24,2023,1,Jan,2023-01,39.62
2021-07-10,Shorts,Clothing,North,299.64,6,90.77,2021,7,Jul,2021-07,30.29
2022-04-26,Shorts,Clothing,South,101.07,1,47.52,2022,4,Apr,2022-04,47.02
2022-04-06,Monitor,Electronics,Central,1815.9,4,331.84,2022,4,Apr,2022-04,18.27
2021-06-03,Rice,Groceries,West,74.87,3,9.72,2021,6,Jun,2021-06,12.98
2022-01-25,Wardrobe,Furniture,Central,3090.38,4,944.09,2022,1,Jan,2022-01,30.55
2022-01-30,Jeans,Clothing,West,148.47,1,51.51,2022,1,Jan,2022-01,34.69
2022-09-15,Juice,Groceries,South,125.1,5,11.81,2022,9,Sep,2022-09,9.44
2021-06-20,Running Shoes,Sports,North,42.19,2,12.93,2021,6,Jun,2021-06,30.65
2022-09-28,Wardrobe,Furniture,East,868.5,6,245.31,2022,9,Sep,2022-09,28.25
2021-04-06,Webcam,Electronics,East,357.94,1,35.41,2021,4,Apr,2021-04,9.89
2022-06-11,Smartphone,Electronics,South,3922.96,4,370.39,2022,6,Jun,2022-06,9.44
2021-04-03,Shoes,Clothing,North,68.49,2,25.29,2021,4,Apr,2021-04,36.93
2023-04-10,Jacket,Clothing,Central,745.25,4,377.49,2023,4,Apr,2023-04,50.65
2021-08-14,Jacket,Clothing,Central,307.98,2,135.35,2021,8,Aug,2021-08,43.95
2023-12-08,Bookshelf,Furniture,Central,758.89,6,175.44,2023,12,Dec,2023-12,23.12
2022-11-12,Desk,Furniture,South,716.11,1,152.81,2022,11,Nov,2022-11,21.34
2023-11-05,Laptop,Electronics,West,1306.21,5,260.95,2023,11,Nov,2023-11,19.98
2021-07-12,Juice,Groceries,South,72.77,5,8.24,2021,7,Jul,2021-07,11.32
2023-11-15,Headphones,Electronics,Central,5121.16,4,438.89,2023,11,Nov,2023-11,8.57
2021-05-01,Desk,Furniture,North,536.29,1,213.36,2021,5,May,2021-05,39.78
2022-04-25,Cereal,Groceries,Central,436.46000000000004,5,130.83,2022,4,Apr,2022-04,29.98
2023-07-07,Olive Oil,Groceries,Central,2.59,2,0.33,2023,7,Jul,2023-07,12.74
2023-08-17,Dumbbell Set,Sports,South,297.19,1,75.18,2023,8,Aug,2023-08,25.3
2023-07-03,Dress,Clothing,North,154.28,1,80.44,2023,7,Jul,2023-07,52.14
2021-09-12,Bed Frame,Furniture,North,169.4,1,62.92,2021,9,Sep,2021-09,37.14
2023-07-08,Laptop,Electronics,North,333.38,1,66.41,2023,7,Jul,2023-07,19.92
2023-10-16,Headphones,Electronics,South,1160.63,6,107.07,2023,10,Oct,2023-10,9.23
2021-06-04,Olive Oil,Groceries,South,66.13,4,8.0,2021,6,Jun,2021-06,12.1
2021-12-30,Sweater,Clothing,South,311.92,3,134.96,2021,12,Dec,2021-12,43.27
2021-03-30,Wardrobe,Furniture,South,436.46000000000004,4,130.83,2021,3,Mar,2021-03,29.98
2023-06-03,Tennis Racket,Sports,South,1013.72,4,397.74,2023,6,Jun,2023-06,39.24
2023-08-27,T-Shirt,Clothing,South,178.51,2,59.66,2023,8,Aug,2023-08,33.42
2022-04-24,Tennis Racket,Sports,East,736.59,5,237.82,2022,4,Apr,2022-04,32.29
2023-05-18,Monitor,Electronics,West,6300.19,5,794.18,2023,5,May,2023-05,12.61
2021-06-20,Webcam,Electronics,Central,4468.17,3,872.46,2021,6,Jun,2021-06,19.53
2022-01-09,Chair,Furniture,South,570.26,3,201.55,2022,1,Jan,2022-01,35.34
2023-11-29,Jacket,Clothing,West,564.86,4,191.38,2023,11,Nov,2023-11,33.88
2022-01-23,Olive Oil,Groceries,North,47.68,2,5.96,2022,1,Jan,2022-01,12.5
2021-07-06,Desk,Furniture,Central,4022.84,6,1602.67,2021,7,Jul,2021-07,39.84
2021-12-25,Rice,Groceries,South,40.14,2,4.39,2021,12,Dec,2021-12,10.94
2023-06-28,T-Shirt,Clothing,Central,245.97,6,110.26,2023,6,Jun,2023-06,44.83
2023-10-04,Cereal,Groceries,South,27.91,2,1.61,2023,10,Oct,2023-10,5.77
2022-05-23,Olive Oil,Groceries,East,25.25,1,1.96,2022,5,May,2022-05,7.76
2022-01-13,Coffee,Groceries,South,80.89,4,10.44,2022,1,Jan,2022-01,12.91
2023-12-23,Bread,Groceries,South,28.85,7,3.75,2023,12,Dec,2023-12,13.0
2021-10-15,Sweater,Clothing,South,1155.8,6,505.83,2021,10,Oct,2021-10,43.76
2023-07-30,Olive Oil,Groceries,South,82.1,3,12.06,2023,7,Jul,2023-07,14.69
2023-10-03,Jeans,Clothing,South,221.31,2,93.46,2023,10,Oct,2023-10,42.23
2021-12-08,Sweater,Clothing,North,292.46,2,110.69,2021,12,Dec,2021-12,37.85
2023-12-20,Dress,Clothing,Central,30.64,2,12.72,2023,12,Dec,2023-12,41.51
2021-07-14,Running Shoes,Sports,East,328.79,4,110.69,2021,7,Jul,2021-07,33.67
2021-10-24,Cereal,Groceries,East,7.84,2,0.63,2021,10,Oct,2021-10,8.04
2022-09-30,Jacket,Clothing,South,434.47,4,170.55,2022,9,Sep,2022-09,39.25
2022-05-31,Lamp,Furniture,East,683.15,1,173.81,2022,5,May,2022-05,25.44
2022-02-24,Yoga Mat,Sports,North,93.41,2,28.59,2022,2,Feb,2022-02,30.61
2021-08-27,Bed Frame,Furniture,Central,744.16,1,207.59,2021,8,Aug,2021-08,27.9
2023-06-17,Milk,Groceries,Central,57.36,2,5.03,2023,6,Jun,2023-06,8.77
2021-06-01,Dress,Clothing,West,516.43,5,204.29,2021,6,Jun,2021-06,39.56
2021-03-15,Jeans,Clothing,West,82.49,1,26.61,2021,3,Mar,2021-03,32.26
2021-01-07,Smartwatch,Electronics,West,811.79,1,95.19,2021,1,Jan,2021-01,11.73
2022-06-03,Sweater,Clothing,North,359.61,4,188.87,2022,6,Jun,2022-06,52.52
2022-04-11,Lamp,Furniture,South,1264.28,2,340.91,2022,4,Apr,2022-04,26.96
2023-05-01,Smartphone,Electronics,West,2524.75,3,343.19,2023,5,May,2023-05,13.59
2021-08-17,Running Shoes,Sports,North,1600.05,5,565.83,2021,8,Aug,2021-08,35.36
2021-08-24,Wardrobe,Furniture,Central,775.82,1,221.54,2021,8,Aug,2021-08,28.56
2021-05-19,Running Shoes,Sports,South,189.74,3,75.8,2021,5,May,2021-05,39.95
2022-10-08,Tennis Racket,Sports,East,450.68,2,149.39,2022,10,Oct,2022-10,33.15
2021-12-23,Bicycle,Sports,North,749.62,4,286.39,2021,12,Dec,2021-12,38.2
2021-10-05,Bread,Groceries,South,23.73,3,1.41,2021,10,Oct,2021-10,5.94
2022-01-27,Yoga Mat,Sports,North,541.16,3,219.45,2022,1,Jan,2022-01,40.55
2021-04-01,Chair,Furniture,West,712.07,2,241.97,2021,4,Apr,2021-04,33.98
2022-12-05,Coffee,Groceries,North,29.47,4,3.0,2022,12,Dec,2022-12,10.18
2022-11-28,Olive Oil,Groceries,South,42.34,2,3.35,2022,11,Nov,2022-11,7.91
2022-02-11,Headphones,Electronics,Central,3105.64,4,320.64,2022,2,Feb,2022-02,10.32
2021-08-12,Bed Frame,Furniture,North,926.54,6,304.58,2021,8,Aug,2021-08,32.87
2023-10-21,Milk,Groceries,East,21.67,3,2.86,2023,10,Oct,2023-10,13.2
2022-11-18,Coffee,Groceries,West,71.88,6,8.11,2022,11,Nov,2022-11,11.28
2022-08-24,Olive Oil,Groceries,North,60.0,6,4.54,2022,8,Aug,2022-08,7.57
2023-05-24,Running Shoes,Sports,East,100.72,4,31.67,2023,5,May,2023-05,31.44
2021-11-14,Tennis Racket,Sports,Central,2730.8,7,799.84,2021,11,Nov,2021-11,29.29
2023-09-19,Laptop,Electronics,North,917.2,4,153.65,2023,9,Sep,2023-09,16.75
2021-09-15,Bicycle,Sports,North,1130.05,4,422.26,2021,9,Sep,2021-09,37.37
2021-08-17,Yoga Mat,Sports,South,64.9,3,22.87,2021,8,Aug,2021-08,35.24
2023-06-23,Wardrobe,Furniture,North,740.19,3,148.17,2023,6,Jun,2023-06,20.02
2021-01-05,Chair,Furniture,West,2959.85,4,812.39,2021,1,Jan,2021-01,27.45
2021-12-03,Bread,Groceries,East,16.3,3,1.54,2021,12,Dec,2021-12,9.45
2022-03-27,Sofa,Furniture,East,175.17,2,63.93,2022,3,Mar,2022-03,36.5
2023-05-16,Jacket,Clothing,East,504.02,3,236.29,2023,5,May,2023-05,46.88
2023-02-23,Webcam,Electronics,South,160.13,1,15.82,2023,2,Feb,2023-02,9.88
2023-12-28,Shoes,Clothing,West,454.66,3,149.8,2023,12,Dec,2023-12,32.95
2023-05-01,Yoga Mat,Sports,East,1165.33,6,406.33,2023,5,May,2023-05,34.87
2023-05-28,Webcam,Electronics,West,774.76,2,80.16,2023,5,May,2023-05,10.35
2023-12-17,Chair,Furniture,South,1276.89,5,316.46,2023,12,Dec,2023-12,24.78
2023-01-07,Laptop,Electronics,Central,1232.88,1,156.55,2023,1,Jan,2023-01,12.7
2023-08-17,Lamp,Furniture,East,2427.26,5,639.27,2023,8,Aug,2023-08,26.34
2021-09-16,Sofa,Furniture,Central,551.69,2,214.67,2021,9,Sep,2021-09,38.91
2023-02-22,Coffee,Groceries,East,27.01,1,3.47,2023,2,Feb,2023-02,12.85
2021-02-27,Running Shoes,Sports,South,138.59,1,58.71,2021,2,Feb,2021-02,42.36
2022-08-03,Jacket,Clothing,North,108.88,3,58.06,2022,8,Aug,2022-08,53.32
2022-07-20,Desk,Furniture,West,2367.24,4,646.64,2022,7,Jul,2022-07,27.32
2022-03-17,Coffee,Groceries,West,90.56,4,11.14,2022,3,Mar,2022-03,12.3
2021-07-29,Juice,Groceries,South,83.38,3,8.53,2021,7,Jul,2021-07,10.23
2021-12-28,Cereal,Groceries,West,20.31,3,1.88,2021,12,Dec,2021-12,9.26
2021-02-02,Chair,Furniture,East,297.4,1,63.87,2021,2,Feb,2021-02,21.48
2022-11-27,Rice,Groceries,Central,18.3,1,1.57,2022,11,Nov,2022-11,8.58
2023-07-06,Sweater,Clothing,South,319.01,4,124.87,2023,7,Jul,2023-07,39.14
2021-07-31,Dumbbell Set,Sports,Central,489.81,5,132.71,2021,7,Jul,2021-07,27.09
2022-03-10,Wardrobe,Furniture,East,2269.01,3,533.42,2022,3,Mar,2022-03,23.51
2021-06-29,Cereal,Groceries,South,5.26,1,0.76,2021,6,Jun,2021-06,14.45
2021-04-13,Bicycle,Sports,South,436.46000000000004,3,130.83,2021,4,Apr,2021-04,29.98
2023-05-08,Bed Frame,Furniture,South,336.37,1,101.89,2023,5,May,2023-05,30.29
2021-12-20,Coffee,Groceries,Central,125.41,5,11.58,2021,12,Dec,2021-12,9.23
2022-09-04,Desk,Furniture,South,2708.76,6,849.52,2022,9,Sep,2022-09,31.36
2023-02-02,T-Shirt,Clothing,North,85.26,1,46.54,2023,2,Feb,2023-02,54.59
2022-01-20,Jacket,Clothing,Central,375.05,3,181.27,2022,1,Jan,2022-01,48.33
2023-12-18,Tennis Racket,Sports,West,2783.36,7,762.45,2023,12,Dec,2023-12,27.39
2022-03-08,Bread,Groceries,North,16.76,2,1.34,2022,3,Mar,2022-03,8.0
2023-12-28,Shorts,Clothing,Central,527.11,3,208.78,2023,12,Dec,2023-12,39.61
2021-10-05,Wardrobe,Furniture,North,1474.83,3,302.88,2021,10,Oct,2021-10,20.54
2022-01-12,Bed Frame,Furniture,Central,2151.18,3,846.71,2022,1,Jan,2022-01,39.36
2023-04-25,Coffee,Groceries,North,12.8,3,1.29,2023,4,Apr,2023-04,10.08
2023-10-15,Yoga Mat,Sports,East,920.23,4,288.16,2023,10,Oct,2023-10,31.31
2023-05-27,Tennis Racket,Sports,West,1488.65,4,579.03,2023,5,May,2023-05,38.9
2022-11-12,Lamp,Furniture,West,1393.06,6,433.39,2022,11,Nov,2022-11,31.11
2021-03-02,Bed Frame,Furniture,West,464.97,3,94.21,2021,3,Mar,2021-03,20.26
2021-01-03,Lamp,Furniture,Central,318.86,2,120.06,2021,1,Jan,2021-01,37.65
2023-07-20,Jacket,Clothing,East,296.99,4,138.84,2023,7,Jul,2023-07,46.75
2023-11-23,Bicycle,Sports,Central,122.02,2,33.41,2023,11,Nov,2023-11,27.38
2021-10-07,Laptop,Electronics,North,436.46000000000004,1,130.83,2021,10,Oct,2021-10,29.98
2023-02-10,Bookshelf,Furniture,East,1956.01,3,535.45,2023,2,Feb,2023-02,27.37
2023-07-29,Laptop,Electronics,West,2642.6,3,256.95,2023,7,Jul,2023-07,9.72
2022-02-10,Dumbbell Set,Sports,South,1053.65,3,346.93,2022,2,Feb,2022-02,32.93
2022-02-27,Yoga Mat,Sports,East,195.58,2,52.19,2022,2,Feb,2022-02,26.68
2021-11-23,Wardrobe,Furniture,North,1874.22,5,414.83,2021,11,Nov,2021-11,22.13
2021-02-06,Shoes,Clothing,West,528.11,3,181.35,2021,2,Feb,2021-02,34.34
2023-09-11,Lamp,Furniture,North,761.1,2,186.38,2023,9,Sep,2023-09,24.49
2023-10-01,Dress,Clothing,East,336.88,5,142.38,2023,10,Oct,2023-10,42.26
2021-04-09,Cereal,Groceries,West,17.64,3,0.97,2021,4,Apr,2021-04,5.5
2022-07-19,T-Shirt,Clothing,Central,44.44,2,18.34,2022,7,Jul,2022-07,41.27
2022-03-02,Cereal,Groceries,East,22.22,2,2.09,2022,3,Mar,2022-03,9.41
2022-01-11,Sofa,Furniture,Central,1953.37,3,681.75,2022,1,Jan,2022-01,34.9
2022-09-17,Bread,Groceries,North,79.07,3,5.64,2022,9,Sep,2022-09,7.13
2022-01-15,Milk,Groceries,North,101.23,4,10.46,2022,1,Jan,2022-01,10.33
2023-09-19,Jacket,Clothing,East,202.88,4,70.14,2023,9,Sep,2023-09,34.57
2021-12-25,Bicycle,Sports,South,546.77,5,204.92,2021,12,Dec,2021-12,37.48
2023-06-17,Bread,Groceries,East,89.36,3,8.58,2023,6,Jun,2023-06,9.6
2021-08-11,Wardrobe,Furniture,North,1157.36,3,252.78,2021,8,Aug,2021-08,21.84
2023-04-17,Bread,Groceries,West,88.67,3,6.62,2023,4,Apr,2023-04,7.47
2023-03-22,Sweater,Clothing,East,100.84,2,55.29,2023,3,Mar,2023-03,54.83
2022-08-16,Yoga Mat,Sports,West,891.73,5,227.99,2022,8,Aug,2022-08,25.57
2022-01-14,Wardrobe,Furniture,West,472.06,1,95.37,2022,1,Jan,2022-01,20.2
2021-11-21,Yoga Mat,Sports,Central,228.48,3,88.43,2021,11,Nov,2021-11,38.7
2023-05-11,Bookshelf,Furniture,East,1500.94,3,367.9,2023,5,May,2023-05,24.51
2022-02-18,Olive Oil,Groceries,North,13.92,1,1.05,2022,2,Feb,2022-02,7.54
2023-08-14,Running Shoes,Sports,East,146.36,7,50.23,2023,8,Aug,2023-08,34.32
2022-02-17,Yoga Mat,Sports,South,218.08,1,87.83,2022,2,Feb,2022-02,40.27
2023-04-14,Olive Oil,Groceries,West,8.11,3,0.77,2023,4,Apr,2023-04,9.49
2023-09-24,Headphones,Electronics,Central,5390.29,4,775.99,2023,9,Sep,2023-09,14.4
2022-08-11,Dress,Clothing,East,450.07,3,239.91,2022,8,Aug,2022-08,53.31
2021-06-05,Juice,Groceries,West,9.47,2,0.8,2021,6,Jun,2021-06,8.45
2023-12-30,Juice,Groceries,East,106.34,4,7.03,2023,12,Dec,2023-12,6.61
2022-06-07,Olive Oil,Groceries,Central,106.12,5,13.97,2022,6,Jun,2022-06,13.16
2023-06-20,Smartwatch,Electronics,South,124.17,1,11.62,2023,6,Jun,2023-06,9.36
2021-12-29,Monitor,Electronics,South,5146.68,7,434.08,2021,12,Dec,2021-12,8.43
2021-02-23,Wardrobe,Furniture,East,3722.88,6,1228.39,2021,2,Feb,2021-02,33.0
2021-08-12,Smartphone,Electronics,East,563.75,4,49.24,2021,8,Aug,2021-08,8.73
2021-04-26,Running Shoes,Sports,Central,1167.72,3,490.55,2021,4,Apr,2021-04,42.01
2021-09-08,Coffee,Groceries,North,8.85,1,1.18,2021,9,Sep,2021-09,13.33
2021-07-06,Tennis Racket,Sports,East,69.48,1,20.76,2021,7,Jul,2021-07,29.88
2021-10-01,Yoga Mat,Sports,West,385.24,4,117.94,2021,10,Oct,2021-10,30.61
2021-09-29,Sofa,Furniture,North,486.76,1,186.43,2021,9,Sep,2021-09,38.3
2021-03-22,Dumbbell Set,Sports,North,707.02,4,246.49,2021,3,Mar,2021-03,34.86
2023-08-28,Chair,Furniture,South,649.74,5,170.78,2023,8,Aug,2023-08,26.28
2021-02-24,Desk,Furniture,Central,650.67,1,257.75,2021,2,Feb,2021-02,39.61
2021-06-28,Sweater,Clothing,North,18.44,1,8.81,2021,6,Jun,2021-06,47.78
2021-10-20,Sofa,Furniture,South,3545.52,5,1402.28,2021,10,Oct,2021-10,39.55
2023-04-14,Tennis Racket,Sports,North,1378.95,5,485.59,2023,4,Apr,2023-04,35.21
2021-03-03,Sofa,Furniture,West,270.17,2,82.78,2021,3,Mar,2021-03,30.64
2023-02-01,Webcam,Electronics,West,4328.2,3,835.22,2023,2,Feb,2023-02,19.3
2023-12-07,Sweater,Clothing,East,571.24,4,262.83,2023,12,Dec,2023-12,46.01
2023-03-01,Olive Oil,Groceries,East,62.81,3,4.68,2023,3,Mar,2023-03,7.45
2022-04-19,Bicycle,Sports,East,265.43,1,77.53,2022,4,Apr,2022-04,29.21
2022-01-07,Olive Oil,Groceries,Central,58.35,2,5.69,2022,1,Jan,2022-01,9.75
2021-12-04,Yoga Mat,Sports,East,3065.23,8,783.12,2021,12,Dec,2021-12,25.55
2023-09-11,Dumbbell Set,Sports,Central,922.91,3,404.38,2023,9,Sep,2023-09,43.82
2022-10-07,Rice,Groceries,South,21.66,4,1.67,2022,10,Oct,2022-10,7.71
2023-04-30,Chair,Furniture,East,501.46,1,153.82,2023,4,Apr,2023-04,30.67
2021-03-11,Sweater,Clothing,Central,106.93,2,38.31,2021,3,Mar,2021-03,35.83
2021-12-29,Bread,Groceries,East,44.78,2,3.66,2021,12,Dec,2021-12,8.17
2022-05-05,Jeans,Clothing,West,324.08,3,130.1,2022,5,May,2022-05,40.14
2023-09-24,Dumbbell Set,Sports,South,383.1,5,147.57,2023,9,Sep,2023-09,38.52
2022-10-24,Sofa,Furniture,South,2566.98,4,517.16,2022,10,Oct,2022-10,20.15
2021-12-22,Sofa,Furniture,Central,364.2,3,85.92,2021,12,Dec,2021-12,23.59
2023-07-19,Dress,Clothing,Central,156.12,6,81.95,2023,7,Jul,2023-07,52.49
2021-09-17,Webcam,Electronics,Central,436.46000000000004,2,32.92,2021,9,Sep,2021-09,7.54
2022-10-23,Lamp,Furniture,East,1540.5,3,585.31,2022,10,Oct,2022-10,37.99
2021-10-28,Jacket,Clothing,Central,146.91,1,59.08,2021,10,Oct,2021-10,40.22
2022-01-29,Milk,Groceries,North,45.2,3,6.74,2022,1,Jan,2022-01,14.91
2023-10-30,Dress,Clothing,West,695.08,6,359.77,2023,10,Oct,2023-10,51.76
2021-10-17,Laptop,Electronics,Central,963.32,2,93.82,2021,10,Oct,2021-10,9.74
2021-06-16,Cereal,Groceries,South,7.47,2,0.93,2021,6,Jun,2021-06,12.45
2022-03-02,Wardrobe,Furniture,East,1483.78,3,316.31,2022,3,Mar,2022-03,21.32
2023-11-18,Coffee,Groceries,West,34.6,4,2.13,2023,11,Nov,2023-11,6.16
2023-04-14,Jacket,Clothing,North,60.19,2,25.28,2023,4,Apr,2023-04,42.0
2021-03-12,Tennis Racket,Sports,West,315.74,2,129.45,2021,3,Mar,2021-03,41.0
2022-12-22,Yoga Mat,Sports,East,272.72,2,71.04,2022,12,Dec,2022-12,26.05
2022-01-30,Juice,Groceries,West,73.13,3,4.25,2022,1,Jan,2022-01,5.81
2022-02-17,Jacket,Clothing,East,19.27,1,10.5,2022,2,Feb,2022-02,54.49
2022-08-14,Juice,Groceries,Central,87.64,4,11.19,2022,8,Aug,2022-08,12.77
2021-08-18,Tennis Racket,Sports,Central,398.31,4,103.58,2021,8,Aug,2021-08,26.0
2022-02-28,Cereal,Groceries,West,9.83,3,1.26,2022,2,Feb,2022-02,12.82
2021-03-09,Cereal,Groceries,Central,10.16,1,1.42,2021,3,Mar,2021-03,13.98
2021-06-05,Running Shoes,Sports,South,413.43,2,182.97,2021,6,Jun,2021-06,44.26
2021-03-01,Smartwatch,Electronics,East,1490.74,2,159.82,2021,3,Mar,2021-03,10.72
2022-01-05,Rice,Groceries,East,64.83,3,8.73,2022,1,Jan,2022-01,13.47
2022-07-28,Coffee,Groceries,South,29.1,3,3.98,2022,7,Jul,2022-07,13.68
2022-02-11,Tennis Racket,Sports,West,828.03,3,253.41,2022,2,Feb,2022-02,30.6
2023-06-15,Bed Frame,Furniture,South,3880.82,5,1087.86,2023,6,Jun,2023-06,28.03
2022-01-10,Chair,Furniture,Central,148.03,1,53.4,2022,1,Jan,2022-01,36.07
2021-03-19,Sweater,Clothing,South,150.17,1,65.27,2021,3,Mar,2021-03,43.46
2022-08-04,Monitor,Electronics,East,402.92,2,56.94,2022,8,Aug,2022-08,14.13
2023-08-03,Milk,Groceries,North,56.39,4,3.09,2023,8,Aug,2023-08,5.48
2021-10-17,Olive Oil,Groceries,Central,28.19,2,2.79,2021,10,Oct,2021-10,9.9
2023-01-19,Running Shoes,Sports,East,1316.68,5,432.93,2023,1,Jan,2023-01,32.88
2021-08-08,Monitor,Electronics,North,5786.96,7,992.51,2021,8,Aug,2021-08,17.15
2021-06-26,Juice,Groceries,West,79.31,3,8.03,2021,6,Jun,2021-06,10.12
2023-05-17,Tennis Racket,Sports,Central,405.98,3,164.79,2023,5,May,2023-05,40.59
2023-05-08,Bookshelf,Furniture,West,268.47,1,76.14,2023,5,May,2023-05,28.36
2021-10-09,Sofa,Furniture,West,5191.44,7,1644.46,2021,10,Oct,2021-10,31.68
2023-08-15,Shorts,Clothing,North,292.15,3,106.03,2023,8,Aug,2023-08,36.29
2022-09-15,Sofa,Furniture,North,334.55,3,90.19,2022,9,Sep,2022-09,26.96
2022-05-25,Dress,Clothing,North,1145.0,6,367.89,2022,5,May,2022-05,32.13
2023-12-15,Laptop,Electronics,East,1844.01,6,291.67,2023,12,Dec,2023-12,15.82
2023-06-12,Dress,Clothing,West,112.3,1,46.99,2023,6,Jun,2023-06,41.84
2021-07-09,Rice,Groceries,South,71.14,3,4.82,2021,7,Jul,2021-07,6.78
2023-11-04,Desk,Furniture,South,1747.16,6,590.7,2023,11,Nov,2023-11,33.81
2023-03-27,Webcam,Electronics,North,5968.71,5,1019.95,2023,3,Mar,2023-03,17.09
2023-11-15,Bed Frame,Furniture,East,2158.26,3,718.91,2023,11,Nov,2023-11,33.31
2023-05-28,Headphones,Electronics,East,501.44,1,86.12,2023,5,May,2023-05,17.17
2023-09-26,Cereal,Groceries,Central,25.46,1,1.28,2023,9,Sep,2023-09,5.03
2023-02-18,Bed Frame,Furniture,South,2261.58,4,823.42,2023,2,Feb,2023-02,36.41
2021-08-07,Chair,Furniture,North,2329.23,4,856.48,2021,8,Aug,2021-08,36.77
2022-08-17,Lamp,Furniture,North,472.33,2,120.57,2022,8,Aug,2022-08,25.53
2023-06-12,Sofa,Furniture,South,1500.5,2,321.35,2023,6,Jun,2023-06,21.42
2022-04-03,Lamp,Furniture,West,1519.26,3,445.16,2022,4,Apr,2022-04,29.3
2023-08-03,Yoga Mat,Sports,East,683.09,2,190.95,2023,8,Aug,2023-08,27.95
2021-02-12,T-Shirt,Clothing,West,87.7,1,28.07,2021,2,Feb,2021-02,32.01
2023-02-03,Olive Oil,Groceries,Central,28.46,1,2.22,2023,2,Feb,2023-02,7.8
2021-06-04,Shorts,Clothing,North,199.96,5,65.95,2021,6,Jun,2021-06,32.98
2021-02-06,Dumbbell Set,Sports,Central,1361.19,4,597.67,2021,2,Feb,2021-02,43.91
2022-05-16,Dumbbell Set,Sports,West,678.51,3,256.41,2022,5,May,2022-05,37.79
2023-04-16,Coffee,Groceries,South,10.58,1,1.22,2023,4,Apr,2023-04,11.53
2023-03-01,Smartwatch,Electronics,North,2033.46,2,232.78,2023,3,Mar,2023-03,11.45
2023-10-10,Smartphone,Electronics,East,3393.89,3,284.05,2023,10,Oct,2023-10,8.37
2021-01-06,Rice,Groceries,Central,23.84,1,2.34,2021,1,Jan,2021-01,9.82
2023-01-27,Laptop,Electronics,North,1378.08,2,151.09,2023,1,Jan,2023-01,10.96
2022-04-23,Bookshelf,Furniture,East,1493.65,2,441.53,2022,4,Apr,2022-04,29.56
2023-11-12,Tennis Racket,Sports,Central,219.1,6,98.23,2023,11,Nov,2023-11,44.83
2023-10-18,Rice,Groceries,South,2.85,1,0.24,2023,10,Oct,2023-10,8.42
2021-02-14,Sweater,Clothing,West,52.83,2,23.81,2021,2,Feb,2021-02,45.07
2022-12-03,Running Shoes,Sports,East,436.46000000000004,2,130.83,2022,12,Dec,2022-12,29.98
2021-12-17,Rice,Groceries,Central,131.73,6,18.86,2021,12,Dec,2021-12,14.32
2022-05-10,Milk,Groceries,West,32.25,2,3.45,2022,5,May,2022-05,10.7
2023-04-13,Sofa,Furniture,Central,4747.51,6,1337.27,2023,4,Apr,2023-04,28.17
2023-11-05,Bicycle,Sports,Central,374.05,3,150.79,2023,11,Nov,2023-11,40.31
2023-02-01,Rice,Groceries,North,59.33,3,5.98,2023,2,Feb,2023-02,10.08
2023-06-04,Bookshelf,Furniture,South,1875.11,6,418.38,2023,6,Jun,2023-06,22.31
2023-01-30,Chair,Furniture,West,1595.03,2,406.62,2023,1,Jan,2023-01,25.49
2023-01-12,Olive Oil,Groceries,West,41.7,2,6.2,2023,1,Jan,2023-01,14.87
2023-05-10,Tennis Racket,Sports,West,313.59,2,129.11,2023,5,May,2023-05,41.17
2023-03-21,T-Shirt,Clothing,Central,130.34,1,48.04,2023,3,Mar,2023-03,36.86
2022-05-22,Bed Frame,Furniture,Central,1075.65,2,381.43,2022,5,May,2022-05,35.46
2023-06-15,Juice,Groceries,North,8.91,1,0.91,2023,6,Jun,2023-06,10.21
2021-01-01,Olive Oil,Groceries,South,24.02,1,3.53,2021,1,Jan,2021-01,14.7
2021-09-11,Coffee,Groceries,East,68.87,3,4.42,2021,9,Sep,2021-09,6.42
2021-12-16,Dumbbell Set,Sports,West,622.12,3,246.33,2021,12,Dec,2021-12,39.6
2023-05-25,Juice,Groceries,Central,64.88,5,9.22,2023,5,May,2023-05,14.21
2023-11-11,Smartphone,Electronics,North,2864.29,2,408.62,2023,11,Nov,2023-11,14.27
2022-10-20,Sofa,Furniture,South,2305.66,5,702.4,2022,10,Oct,2022-10,30.46
2022-06-14,Webcam,Electronics,Central,1040.01,4,178.74,2022,6,Jun,2022-06,17.19
2022-09-26,T-Shirt,Clothing,South,717.57,4,238.12,2022,9,Sep,2022-09,33.18
2022-12-05,Sofa,Furniture,West,1972.89,3,787.6,2022,12,Dec,2022-12,39.92
2022-07-15,Shoes,Clothing,East,90.33,3,31.29,2022,7,Jul,2022-07,34.64
2021-05-07,T-Shirt,Clothing,South,185.04,1,56.3,2021,5,May,2021-05,30.43
2022-09-26,Yoga Mat,Sports,Central,421.14,2,171.18,2022,9,Sep,2022-09,40.65
2022-06-04,Smartwatch,Electronics,South,291.7,2,32.57,2022,6,Jun,2022-06,11.17
2022-07-06,Wardrobe,Furniture,North,436.46000000000004,5,130.83,2022,7,Jul,2022-07,29.98
2022-04-24,Bicycle,Sports,South,64.68,2,23.68,2022,4,Apr,2022-04,36.61
2023-01-06,Bread,Groceries,East,7.85,1,0.76,2023,1,Jan,2023-01,9.68
2023-10-26,Yoga Mat,Sports,South,423.3,6,161.26,2023,10,Oct,2023-10,38.1
2021-04-24,Lamp,Furniture,West,1390.25,2,319.52,2021,4,Apr,2021-04,22.98
2021-10-09,Tennis Racket,Sports,North,40.84,2,13.98,2021,10,Oct,2021-10,34.23
2021-07-21,Running Shoes,Sports,North,1724.45,6,515.49,2021,7,Jul,2021-07,29.89
2021-12-15,Yoga Mat,Sports,East,1233.58,6,442.77,2021,12,Dec,2021-12,35.89
2021-09-16,Shoes,Clothing,North,178.81,3,75.35,2021,9,Sep,2021-09,42.14
2021-10-27,Monitor,Electronics,South,531.23,1,83.39,2021,10,Oct,2021-10,15.7
2021-11-16,Jacket,Clothing,Central,356.12,2,133.34,2021,11,Nov,2021-11,37.44
2021-07-02,Jeans,Clothing,West,80.71,1,32.85,2021,7,Jul,2021-07,40.7
2023-01-30,Milk,Groceries,West,4.13,1,0.44,2023,1,Jan,2023-01,10.65
2023-06-04,Jeans,Clothing,West,844.66,5,414.87,2023,6,Jun,2023-06,49.12
2021-03-28,T-Shirt,Clothing,East,249.18,2,107.15,2021,3,Mar,2021-03,43.0
2021-09-11,Jacket,Clothing,South,391.12,2,155.79,2021,9,Sep,2021-09,39.83
2021-12-08,Shorts,Clothing,Central,410.02,3,178.46,2021,12,Dec,2021-12,43.52
2022-10-06,Webcam,Electronics,West,2813.85,2,491.77,2022,10,Oct,2022-10,17.48
2023-03-17,Smartwatch,Electronics,Central,2068.11,2,344.6,2023,3,Mar,2023-03,16.66
2023-08-18,Yoga Mat,Sports,North,1043.71,3,437.83,2023,8,Aug,2023-08,41.95
2021-12-13,Milk,Groceries,North,2.2,1,0.21,2021,12,Dec,2021-12,9.55
2021-06-21,Yoga Mat,Sports,West,926.51,3,256.1,2021,6,Jun,2021-06,27.64
2021-12-18,Sweater,Clothing,East,600.48,6,316.09,2021,12,Dec,2021-12,52.64
2022-05-10,Tennis Racket,Sports,Central,990.9,3,323.47,2022,5,May,2022-05,32.64
2021-01-08,Lamp,Furniture,South,2385.19,4,699.07,2021,1,Jan,2021-01,29.31
2023-08-21,Bread,Groceries,West,40.49,2,5.11,2023,8,Aug,2023-08,12.62
2021-01-21,Bread,Groceries,West,59.23,4,8.44,2021,1,Jan,2021-01,14.25
2023-04-18,Dress,Clothing,North,506.55,3,275.29,2023,4,Apr,2023-04,54.35
2023-08-24,Wardrobe,Furniture,Central,938.16,4,295.62,2023,8,Aug,2023-08,31.51
2023-12-12,Sweater,Clothing,Central,504.19,3,203.73,2023,12,Dec,2023-12,40.41
2023-04-14,Juice,Groceries,South,101.84,4,9.17,2023,4,Apr,2023-04,9.0
2022-02-07,Sweater,Clothing,Central,63.39,1,19.34,2022,2,Feb,2022-02,30.51
2021-11-14,Juice,Groceries,East,85.7,3,5.1,2021,11,Nov,2021-11,5.95
2022-06-22,Jacket,Clothing,North,261.36,2,136.27,2022,6,Jun,2022-06,52.14
2022-08-23,Monitor,Electronics,East,1335.25,4,157.06,2022,8,Aug,2022-08,11.76
2022-08-17,Bookshelf,Furniture,Central,1311.49,3,446.94,2022,8,Aug,2022-08,34.08
2022-08-01,Milk,Groceries,West,21.5,1,2.14,2022,8,Aug,2022-08,9.95
2022-01-31,Smartphone,Electronics,East,183.18,1,24.57,2022,1,Jan,2022-01,13.41
2021-11-16,Yoga Mat,Sports,East,645.37,3,232.97,2021,11,Nov,2021-11,36.1
2023-03-04,Bed Frame,Furniture,North,1243.8,2,287.89,2023,3,Mar,2023-03,23.15
2021-11-06,Smartphone,Electronics,North,3102.6,3,286.29,2021,11,Nov,2021-11,9.23
2021-02-27,Smartphone,Electronics,South,2447.48,2,228.87,2021,2,Feb,2021-02,9.35
2023-11-20,T-Shirt,Clothing,Central,768.07,4,250.08,2023,11,Nov,2023-11,32.56
2022-08-30,Rice,Groceries,West,60.8,4,7.77,2022,8,Aug,2022-08,12.78
2021-11-22,Yoga Mat,Sports,East,711.94,2,207.99,2021,11,Nov,2021-11,29.21
2023-05-02,Monitor,Electronics,North,7085.93,6,1343.67,2023,5,May,2023-05,18.96
2022-09-13,Tennis Racket,Sports,North,457.92,3,155.88,2022,9,Sep,2022-09,34.04
2023-02-25,Running Shoes,Sports,Central,579.68,4,207.9,2023,2,Feb,2023-02,35.86
2022-07-16,Bed Frame,Furniture,East,3961.01,5,1306.27,2022,7,Jul,2022-07,32.98
2021-02-03,Bed Frame,Furniture,North,865.79,3,284.93,2021,2,Feb,2021-02,32.91
2023-12-20,Headphones,Electronics,North,1126.58,4,167.64,2023,12,Dec,2023-12,14.88
2021-07-13,Jeans,Clothing,North,161.99,2,77.61,2021,7,Jul,2021-07,47.91
2022-08-24,Tennis Racket,Sports,Central,1311.43,4,372.01,2022,8,Aug,2022-08,28.37
2022-06-16,Sweater,Clothing,Central,296.62,4,95.02,2022,6,Jun,2022-06,32.03
2021-09-12,Smartphone,Electronics,East,1440.39,1,172.07,2021,9,Sep,2021-09,11.95
2022-04-17,Dumbbell Set,Sports,West,41.86,1,14.81,2022,4,Apr,2022-04,35.38
2022-07-21,Yoga Mat,Sports,East,160.06,3,56.66,2022,7,Jul,2022-07,35.4
2021-12-05,Yoga Mat,Sports,North,1066.22,3,444.06,2021,12,Dec,2021-12,41.65
2022-01-17,Jacket,Clothing,Central,339.22,2,124.73,2022,1,Jan,2022-01,36.77
2021-10-09,Dumbbell Set,Sports,Central,995.89,5,421.93,2021,10,Oct,2021-10,42.37
2023-06-02,Laptop,Electronics,East,664.41,1,94.26,2023,6,Jun,2023-06,14.19
2023-07-25,T-Shirt,Clothing,East,670.77,4,260.98,2023,7,Jul,2023-07,38.91
2023-06-28,Dumbbell Set,Sports,East,2164.68,6,752.95,2023,6,Jun,2023-06,34.78
2023-01-19,Milk,Groceries,South,18.9,1,1.48,2023,1,Jan,2023-01,7.83
2023-07-28,Smartwatch,Electronics,West,385.8,2,47.49,2023,7,Jul,2023-07,12.31
2021-01-29,Jeans,Clothing,West,189.36,1,64.83,2021,1,Jan,2021-01,34.24
2022-10-02,Smartphone,Electronics,West,1775.23,3,300.8,2022,10,Oct,2022-10,16.94
2023-09-12,Headphones,Electronics,East,1422.84,2,215.81,2023,9,Sep,2023-09,15.17
2023-04-08,Olive Oil,Groceries,Central,65.91,3,4.62,2023,4,Apr,2023-04,7.01
2022-09-11,Laptop,Electronics,Central,1733.15,3,156.31,2022,9,Sep,2022-09,9.02
2023-07-19,Bed Frame,Furniture,South,1424.55,2,485.06,2023,7,Jul,2023-07,34.05
2021-09-21,Monitor,Electronics,Central,6647.16,5,536.03,2021,9,Sep,2021-09,8.06
2022-10-02,Tennis Racket,Sports,Central,379.36,5,97.51,2022,10,Oct,2022-10,25.7
2021-11-29,Tennis Racket,Sports,Central,983.46,3,329.38,2021,11,Nov,2021-11,33.49
2023-07-20,Sweater,Clothing,West,64.17,1,22.86,2023,7,Jul,2023-07,35.62
2021-11-18,Tennis Racket,Sports,North,356.28,4,128.82,2021,11,Nov,2021-11,36.16
2021-12-27,Shoes,Clothing,Central,105.64,1,55.18,2021,12,Dec,2021-12,52.23
2023-05-26,Lamp,Furniture,West,2677.32,5,650.38,2023,5,May,2023-05,24.29
2021-08-19,Juice,Groceries,South,32.98,4,3.35,2021,8,Aug,2021-08,10.16
2021-07-25,Dumbbell Set,Sports,West,175.57,1,46.39,2021,7,Jul,2021-07,26.42
2021-12-03,Dress,Clothing,North,1150.53,8,534.91,2021,12,Dec,2021-12,46.49
2023-06-28,Headphones,Electronics,North,4683.05,5,600.5,2023,6,Jun,2023-06,12.82
2021-05-20,Smartwatch,Electronics,Central,3688.16,3,326.36,2021,5,May,2021-05,8.85
2022-12-28,Smartphone,Electronics,West,364.53,5,65.43,2022,12,Dec,2022-12,17.95
2022-11-19,Dumbbell Set,Sports,North,456.2,2,118.59,2022,11,Nov,2022-11,26.0
2022-10-02,Milk,Groceries,East,69.23,5,8.7,2022,10,Oct,2022-10,12.57
2023-11-17,Laptop,Electronics,West,213.07,3,26.02,2023,11,Nov,2023-11,12.21
2023-12-29,Milk,Groceries,West,169.09,6,10.33,2023,12,Dec,2023-12,6.11
2021-09-15,Webcam,Electronics,North,255.88,1,50.38,2021,9,Sep,2021-09,19.69
2021-01-10,Rice,Groceries,East,31.27,2,4.65,2021,1,Jan,2021-01,14.87
2022-04-05,T-Shirt,Clothing,North,191.53,1,68.07,2022,4,Apr,2022-04,35.54
2022-12-28,Running Shoes,Sports,South,1388.0,6,457.22,2022,12,Dec,2022-12,32.94
2022-09-08,Rice,Groceries,North,9.85,1,0.66,2022,9,Sep,2022-09,6.7
2021-04-29,Laptop,Electronics,South,2756.75,2,513.29,2021,4,Apr,2021-04,18.62
2022-01-11,Shoes,Clothing,North,102.75,1,50.75,2022,1,Jan,2022-01,49.39
2022-09-24,Jeans,Clothing,North,614.86,4,328.73,2022,9,Sep,2022-09,53.46
2023-10-04,Lamp,Furniture,West,2955.96,6,1076.44,2023,10,Oct,2023-10,36.42
2023-08-31,Laptop,Electronics,East,2923.06,3,437.78,2023,8,Aug,2023-08,14.98
2021-12-01,Dress,Clothing,Central,643.69,4,333.18,2021,12,Dec,2021-12,51.76
2022-10-14,Olive Oil,Groceries,Central,63.22,3,8.02,2022,10,Oct,2022-10,12.69
2022-10-13,Tennis Racket,Sports,East,1196.91,3,322.98,2022,10,Oct,2022-10,26.98
2023-12-18,Cereal,Groceries,North,82.2,6,6.81,2023,12,Dec,2023-12,8.28
2022-11-12,Headphones,Electronics,North,3964.54,5,394.27,2022,11,Nov,2022-11,9.94
2023-06-07,Laptop,Electronics,South,1404.14,2,186.11,2023,6,Jun,2023-06,13.25
2021-07-04,Webcam,Electronics,Central,1113.67,1,94.74,2021,7,Jul,2021-07,8.51
2021-07-18,Monitor,Electronics,East,596.49,1,84.67,2021,7,Jul,2021-07,14.19
2022-03-13,Shorts,Clothing,West,229.61,3,90.74,2022,3,Mar,2022-03,39.52
2022-07-27,Bicycle,Sports,South,222.46,4,64.23,2022,7,Jul,2022-07,28.87
2021-12-17,Wardrobe,Furniture,South,1626.06,3,598.78,2021,12,Dec,2021-12,36.82
2021-03-18,Olive Oil,Groceries,West,21.79,1,2.2,2021,3,Mar,2021-03,10.1
2023-02-20,Jeans,Clothing,South,268.82,3,96.01,2023,2,Feb,2023-02,35.72
2022-10-26,Tennis Racket,Sports,East,933.9,4,262.24,2022,10,Oct,2022-10,28.08
2022-03-10,Tablet,Electronics,South,2854.16,6,288.37,2022,3,Mar,2022-03,10.1
2021-01-19,Tennis Racket,Sports,West,186.75,3,65.58,2021,1,Jan,2021-01,35.12
2022-08-19,Running Shoes,Sports,East,1727.01,5,637.24,2022,8,Aug,2022-08,36.9
2022-12-29,Lamp,Furniture,North,1599.2,4,463.97,2022,12,Dec,2022-12,29.01
2023-10-14,Bread,Groceries,West,33.16,3,2.12,2023,10,Oct,2023-10,6.39
2023-06-03,T-Shirt,Clothing,South,121.26,1,57.5,2023,6,Jun,2023-06,47.42
2022-08-30,Bread,Groceries,West,4.56,1,0.35,2022,8,Aug,2022-08,7.68
2023-08-17,Coffee,Groceries,South,29.83,3,3.05,2023,8,Aug,2023-08,10.22
2021-12-03,Dress,Clothing,North,270.3,3,144.19,2021,12,Dec,2021-12,53.34
2022-02-14,Desk,Furniture,South,648.27,1,132.49,2022,2,Feb,2022-02,20.44
2023-03-25,Lamp,Furniture,North,864.91,3,308.4,2023,3,Mar,2023-03,35.66
2023-05-13,Smartwatch,Electronics,South,4493.51,5,715.15,2023,5,May,2023-05,15.92
2023-08-27,Tennis Racket,Sports,North,805.99,3,333.75,2023,8,Aug,2023-08,41.41
2022-12-10,Dress,Clothing,North,136.37,2,43.68,2022,12,Dec,2022-12,32.03
2022-04-05,Sofa,Furniture,Central,383.08,2,134.08,2022,4,Apr,2022-04,35.0
2021-08-17,Jacket,Clothing,East,476.3,4,230.56,2021,8,Aug,2021-08,48.41
2022-06-28,Yoga Mat,Sports,North,1870.28,5,735.96,2022,6,Jun,2022-06,39.35
2023-11-10,Shoes,Clothing,North,197.45,5,107.25,2023,11,Nov,2023-11,54.32
2022-08-03,Jacket,Clothing,West,67.98,6,27.05,2022,8,Aug,2022-08,39.79
2022-02-17,Bicycle,Sports,Central,280.54,1,99.21,2022,2,Feb,2022-02,35.36
2021-08-14,Chair,Furniture,East,4355.27,7,1450.85,2021,8,Aug,2021-08,33.31
2022-07-17,Sweater,Clothing,West,70.62,2,21.26,2022,7,Jul,2022-07,30.1
2021-05-21,Bicycle,Sports,North,1110.71,3,343.87,2021,5,May,2021-05,30.96
2023-09-10,Tennis Racket,Sports,North,1753.51,7,650.32,2023,9,Sep,2023-09,37.09
2023-10-12,Yoga Mat,Sports,Central,805.58,4,214.46,2023,10,Oct,2023-10,26.62
2021-01-21,Chair,Furniture,North,476.32,1,124.94,2021,1,Jan,2021-01,26.23
2023-09-11,Shorts,Clothing,South,665.91,7,336.29,2023,9,Sep,2023-09,50.5
2021-06-26,Sweater,Clothing,Central,212.87,2,108.08,2021,6,Jun,2021-06,50.77
2021-04-24,Sofa,Furniture,West,398.96,1,127.45,2021,4,Apr,2021-04,31.95
2023-03-21,Yoga Mat,Sports,South,190.47,1,70.06,2023,3,Mar,2023-03,36.78
2021-11-14,Coffee,Groceries,South,20.65,10,2.8,2021,11,Nov,2021-11,13.56
2021-01-20,Jeans,Clothing,West,325.31,3,106.79,2021,1,Jan,2021-01,32.83
2021-02-09,Coffee,Groceries,East,83.42,3,9.02,2021,2,Feb,2021-02,10.81
2022-09-17,Bread,Groceries,North,47.31,2,2.6,2022,9,Sep,2022-09,5.5
2023-12-19,Dress,Clothing,East,56.84,4,28.47,2023,12,Dec,2023-12,50.09
2021-01-07,Wardrobe,Furniture,South,455.25,2,145.43,2021,1,Jan,2021-01,31.95
2021-11-26,Laptop,Electronics,North,4203.18,3,670.12,2021,11,Nov,2021-11,15.94
2021-11-14,Shoes,Clothing,West,16.16,1,6.92,2021,11,Nov,2021-11,42.82
2023-09-02,Desk,Furniture,West,744.48,2,222.83,2023,9,Sep,2023-09,29.93
2021-08-02,Lamp,Furniture,East,1525.45,3,524.54,2021,8,Aug,2021-08,34.39
2021-10-15,Shoes,Clothing,North,484.33,4,145.49,2021,10,Oct,2021-10,30.04
2022-07-11,Coffee,Groceries,West,25.42,5,2.69,2022,7,Jul,2022-07,10.58
2022-05-06,Milk,Groceries,East,20.17,4,1.9,2022,5,May,2022-05,9.42
2023-07-25,Sweater,Clothing,South,240.82,2,76.03,2023,7,Jul,2023-07,31.57
2023-07-02,Desk,Furniture,West,918.53,3,236.07,2023,7,Jul,2023-07,25.7
2021-05-28,Juice,Groceries,East,33.52,5,4.57,2021,5,May,2021-05,13.63
2022-07-04,Milk,Groceries,Central,50.0,3,7.19,2022,7,Jul,2022-07,14.38
2021-03-14,Chair,Furniture,East,622.43,1,192.12,2021,3,Mar,2021-03,30.87
2023-06-02,Lamp,Furniture,North,1688.22,4,542.54,2023,6,Jun,2023-06,32.14
2021-09-19,Yoga Mat,Sports,Central,1746.87,5,496.58,2021,9,Sep,2021-09,28.43
2023-03-30,Webcam,Electronics,Central,3836.65,3,484.01,2023,3,Mar,2023-03,12.62
2021-10-22,Dress,Clothing,Central,180.27,1,86.24,2021,10,Oct,2021-10,47.84
2022-09-19,Bed Frame,Furniture,West,1456.28,5,302.22,2022,9,Sep,2022-09,20.75
2022-10-08,Yoga Mat,Sports,Central,552.32,6,216.04,2022,10,Oct,2022-10,39.12
2023-03-11,Bed Frame,Furniture,West,636.56,3,179.12,2023,3,Mar,2023-03,28.14
2023-12-29,Webcam,Electronics,West,2885.5,2,337.69,2023,12,Dec,2023-12,11.7
2022-06-28,Tablet,Electronics,Central,4969.27,5,848.18,2022,6,Jun,2022-06,17.07
2023-03-24,Jacket,Clothing,North,48.94,2,23.34,2023,3,Mar,2023-03,47.69
2023-09-04,Jacket,Clothing,West,47.91,2,22.4,2023,9,Sep,2023-09,46.75
2021-11-19,Sofa,Furniture,North,2678.6,8,740.3,2021,11,Nov,2021-11,27.64
2021-09-24,Shorts,Clothing,South,948.91,7,478.73,2021,9,Sep,2021-09,50.45
2023-07-08,Tennis Racket,Sports,North,509.57,4,188.94,2023,7,Jul,2023-07,37.08
2022-08-15,Running Shoes,Sports,East,298.24,2,75.91,2022,8,Aug,2022-08,25.45
2022-11-13,Smartphone,Electronics,Central,3992.62,4,607.29,2022,11,Nov,2022-11,15.21
2021-06-28,Olive Oil,Groceries,West,21.52,3,1.53,2021,6,Jun,2021-06,7.11
2022-01-17,Yoga Mat,Sports,North,265.82,3,106.29,2022,1,Jan,2022-01,39.99
2023-02-14,Sweater,Clothing,Central,464.45,3,155.34,2023,2,Feb,2023-02,33.45
2023-08-06,Cereal,Groceries,West,15.34,1,0.88,2023,8,Aug,2023-08,5.74
2023-07-21,Juice,Groceries,North,39.24,2,4.84,2023,7,Jul,2023-07,12.33
2021-09-13,Sweater,Clothing,Central,394.05,2,194.84,2021,9,Sep,2021-09,49.45
2021-01-28,T-Shirt,Clothing,East,179.94,1,72.93,2021,1,Jan,2021-01,40.53
2021-11-28,Tennis Racket,Sports,East,1896.63,5,501.49,2021,11,Nov,2021-11,26.44
2023-06-02,Jeans,Clothing,East,289.29,3,141.24,2023,6,Jun,2023-06,48.82
2022-06-07,Headphones,Electronics,East,2408.32,3,346.34,2022,6,Jun,2022-06,14.38
2021-04-10,Sofa,Furniture,East,1918.49,6,672.72,2021,4,Apr,2021-04,35.07
2021-10-25,Bed Frame,Furniture,East,1374.73,2,539.11,2021,10,Oct,2021-10,39.22
2022-02-13,Jeans,Clothing,East,62.48,2,34.1,2022,2,Feb,2022-02,54.58
2022-08-16,Milk,Groceries,North,66.65,3,5.36,2022,8,Aug,2022-08,8.04
2023-04-07,Milk,Groceries,Central,23.29,2,1.44,2023,4,Apr,2023-04,6.18
2022-02-23,Tennis Racket,Sports,West,346.6,3,113.23,2022,2,Feb,2022-02,32.67
2022-06-15,Smartwatch,Electronics,Central,772.96,2,144.9,2022,6,Jun,2022-06,18.75
2022-03-15,Dress,Clothing,West,577.96,3,277.58,2022,3,Mar,2022-03,48.03
2023-03-22,Dumbbell Set,Sports,East,307.41,2,85.06,2023,3,Mar,2023-03,27.67
2023-09-16,T-Shirt,Clothing,North,61.42,1,18.68,2023,9,Sep,2023-09,30.41
2022-02-12,Jacket,Clothing,Central,698.55,5,345.95,2022,2,Feb,2022-02,49.52
2023-12-18,Dumbbell Set,Sports,Central,276.65,1,121.09,2023,12,Dec,2023-12,43.77
2022-11-28,Smartwatch,Electronics,Central,5488.64,4,1030.99,2022,11,Nov,2022-11,18.78
2023-03-24,Running Shoes,Sports,West,1381.13,4,518.36,2023,3,Mar,2023-03,37.53
2022-08-20,Chair,Furniture,East,749.76,2,225.82,2022,8,Aug,2022-08,30.12
2021-04-04,Milk,Groceries,Central,6.7,1,0.53,2021,4,Apr,2021-04,7.91
2021-02-25,Shoes,Clothing,West,114.79,1,42.91,2021,2,Feb,2021-02,37.38
2021-03-20,Tennis Racket,Sports,East,42.56,1,12.87,2021,3,Mar,2021-03,30.24
2021-03-22,Bicycle,Sports,Central,409.58,4,147.95,2021,3,Mar,2021-03,36.12
2021-12-24,Smartwatch,Electronics,West,2510.15,2,247.96,2021,12,Dec,2021-12,9.88
2022-07-23,Dumbbell Set,Sports,West,639.03,2,167.8,2022,7,Jul,2022-07,26.26
2022-09-01,Running Shoes,Sports,Central,1362.97,5,563.05,2022,9,Sep,2022-09,41.31
2022-10-12,Coffee,Groceries,North,36.0,4,1.98,2022,10,Oct,2022-10,5.5
2022-07-30,Chair,Furniture,West,558.62,3,205.71,2022,7,Jul,2022-07,36.82
2021-11-15,Dress,Clothing,North,648.57,5,308.4,2021,11,Nov,2021-11,47.55
2021-08-30,Olive Oil,Groceries,East,76.98,5,4.96,2021,8,Aug,2021-08,6.44
2023-10-18,Monitor,Electronics,North,3145.76,4,408.65,2023,10,Oct,2023-10,12.99
2021-03-11,Smartphone,Electronics,South,1982.4,3,241.45,2021,3,Mar,2021-03,12.18
2022-07-22,Yoga Mat,Sports,South,802.72,4,304.16,2022,7,Jul,2022-07,37.89
2021-07-03,Jeans,Clothing,Central,772.75,5,315.75,2021,7,Jul,2021-07,40.86
2021-06-18,Smartphone,Electronics,South,2872.0,3,445.85,2021,6,Jun,2021-06,15.52
2021-10-19,Shorts,Clothing,West,436.12,3,224.67,2021,10,Oct,2021-10,51.52
2023-06-14,Bicycle,Sports,West,513.91,2,204.89,2023,6,Jun,2023-06,39.87
2023-09-08,Tablet,Electronics,East,10069.6,7,915.63,2023,9,Sep,2023-09,9.09
2022-07-29,Desk,Furniture,North,293.04,1,111.76,2022,7,Jul,2022-07,38.14
2023-02-02,Yoga Mat,Sports,West,1586.56,4,667.66,2023,2,Feb,2023-02,42.08
2022-04-20,Jeans,Clothing,West,124.02,1,37.76,2022,4,Apr,2022-04,30.45
2022-05-03,Bicycle,Sports,North,1074.6,4,320.9,2022,5,May,2022-05,29.86
2023-07-18,Bookshelf,Furniture,Central,779.76,3,281.48,2023,7,Jul,2023-07,36.1
2022-12-12,Bread,Groceries,West,160.02,6,17.05,2022,12,Dec,2022-12,10.65
2021-01-06,Sweater,Clothing,East,88.74,4,32.38,2021,1,Jan,2021-01,36.49
2023-08-20,Tablet,Electronics,South,3874.75,4,485.46,2023,8,Aug,2023-08,12.53
2023-09-27,Olive Oil,Groceries,South,4.47,1,0.65,2023,9,Sep,2023-09,14.54
2023-04-19,Lamp,Furniture,West,450.67,1,160.14,2023,4,Apr,2023-04,35.53
2022-02-05,Chair,Furniture,Central,422.69,4,136.96,2022,2,Feb,2022-02,32.4
2022-01-09,Juice,Groceries,South,40.42,2,2.6,2022,1,Jan,2022-01,6.43
2021-05-06,Webcam,Electronics,South,1550.11,2,250.92,2021,5,May,2021-05,16.19
2022-05-17,Cereal,Groceries,East,43.53,3,2.77,2022,5,May,2022-05,6.36
2023-11-23,Coffee,Groceries,North,33.24,2,2.29,2023,11,Nov,2023-11,6.89
2021-04-06,Sweater,Clothing,South,99.47,1,42.6,2021,4,Apr,2021-04,42.83
2022-01-01,Monitor,Electronics,Central,2326.69,2,239.4,2022,1,Jan,2022-01,10.29
2023-09-23,Coffee,Groceries,North,128.96,5,17.92,2023,9,Sep,2023-09,13.9
2023-02-10,Jacket,Clothing,West,221.96,2,79.49,2023,2,Feb,2023-02,35.81
2021-07-05,Dumbbell Set,Sports,South,462.84,6,155.91,2021,7,Jul,2021-07,33.69
2022-07-31,Bookshelf,Furniture,Central,420.17,2,122.33,2022,7,Jul,2022-07,29.11
2023-06-08,Milk,Groceries,East,71.51,3,6.11,2023,6,Jun,2023-06,8.54
2021-06-17,Lamp,Furniture,South,1700.56,3,560.36,2021,6,Jun,2021-06,32.95
2023-09-16,Cereal,Groceries,East,28.44,5,2.56,2023,9,Sep,2023-09,9.0
2023-11-16,Tablet,Electronics,South,2474.83,2,376.63,2023,11,Nov,2023-11,15.22
2023-06-07,Smartwatch,Electronics,South,1456.2,3,193.06,2023,6,Jun,2023-06,13.26
2021-05-27,Sofa,Furniture,Central,591.58,2,206.94,2021,5,May,2021-05,34.98
2023-10-22,Bicycle,Sports,South,1433.8,10,635.24,2023,10,Oct,2023-10,44.3
2023-02-20,Running Shoes,Sports,North,453.31,3,148.54,2023,2,Feb,2023-02,32.77
2023-12-27,Olive Oil,Groceries,Central,28.84,2,3.48,2023,12,Dec,2023-12,12.07
2022-07-02,Bookshelf,Furniture,East,2586.96,6,643.19,2022,7,Jul,2022-07,24.86
2022-11-13,Tennis Racket,Sports,North,305.4,2,86.91,2022,11,Nov,2022-11,28.46
2022-03-31,Rice,Groceries,South,28.79,1,2.63,2022,3,Mar,2022-03,9.14
2023-06-26,Monitor,Electronics,South,940.85,4,177.79,2023,6,Jun,2023-06,18.9
2022-09-28,Bicycle,Sports,West,69.17,2,23.47,2022,9,Sep,2022-09,33.93
2021-03-12,Smartwatch,Electronics,South,1052.38,6,96.25,2021,3,Mar,2021-03,9.15
2021-07-12,Cereal,Groceries,West,41.64,2,2.91,2021,7,Jul,2021-07,6.99
2022-08-27,Dumbbell Set,Sports,North,1198.56,3,318.17,2022,8,Aug,2022-08,26.55
2021-02-05,Tennis Racket,Sports,South,567.55,2,170.43,2021,2,Feb,2021-02,30.03
2022-07-20,Smartphone,Electronics,Central,1176.5,2,223.91,2022,7,Jul,2022-07,19.03
2022-06-24,Dress,Clothing,East,356.59,4,124.98,2022,6,Jun,2022-06,35.05
2023-09-24,Coffee,Groceries,East,47.83,3,3.59,2023,9,Sep,2023-09,7.51
2023-03-28,Shorts,Clothing,Central,905.04,5,398.15,2023,3,Mar,2023-03,43.99
2023-12-16,Lamp,Furniture,North,137.91,1,35.12,2023,12,Dec,2023-12,25.47
2021-10-15,Sweater,Clothing,North,43.43,2,13.54,2021,10,Oct,2021-10,31.18
2022-09-08,Running Shoes,Sports,East,114.07,7,30.22,2022,9,Sep,2022-09,26.49
2021-03-02,Bicycle,Sports,North,1051.95,4,415.32,2021,3,Mar,2021-03,39.48
2021-10-29,Tablet,Electronics,Central,1041.4,3,188.58,2021,10,Oct,2021-10,18.11
2022-11-27,Dress,Clothing,West,103.97,3,39.28,2022,11,Nov,2022-11,37.78
2023-12-10,Shoes,Clothing,South,555.38,4,182.27,2023,12,Dec,2023-12,32.82
2023-10-21,Bread,Groceries,East,59.49,6,6.83,2023,10,Oct,2023-10,11.48
2022-02-12,Headphones,Electronics,North,3989.05,4,360.03,2022,2,Feb,2022-02,9.03
2021-07-02,Juice,Groceries,West,141.06,5,18.44,2021,7,Jul,2021-07,13.07
2022-11-16,Yoga Mat,Sports,Central,680.69,5,293.39,2022,11,Nov,2022-11,43.1
2023-07-27,Olive Oil,Groceries,Central,8.56,1,1.25,2023,7,Jul,2023-07,14.6
2022-11-03,Sweater,Clothing,North,857.3,7,451.76,2022,11,Nov,2022-11,52.7
2022-11-04,Wardrobe,Furniture,South,523.4,3,151.26,2022,11,Nov,2022-11,28.9
2023-06-10,Jacket,Clothing,Central,359.5,2,135.22,2023,6,Jun,2023-06,37.61
2021-10-21,Olive Oil,Groceries,South,27.39,1,3.18,2021,10,Oct,2021-10,11.61
2023-07-17,Rice,Groceries,East,92.6,4,6.04,2023,7,Jul,2023-07,6.52
2022-01-14,Tablet,Electronics,North,2394.72,4,367.68,2022,1,Jan,2022-01,15.35
2021-04-17,Jeans,Clothing,Central,124.27,2,53.45,2021,4,Apr,2021-04,43.01
2021-08-05,Jacket,Clothing,West,755.55,5,409.34,2021,8,Aug,2021-08,54.18
2022-11-16,Juice,Groceries,East,86.17,8,7.58,2022,11,Nov,2022-11,8.8
2021-05-28,Webcam,Electronics,Central,2914.43,2,294.94,2021,5,May,2021-05,10.12
2021-08-22,T-Shirt,Clothing,East,399.57,3,187.79,2021,8,Aug,2021-08,47.0
2021-01-23,Monitor,Electronics,East,1495.89,2,255.56,2021,1,Jan,2021-01,17.08
2021-02-15,Milk,Groceries,Central,85.28,3,4.6,2021,2,Feb,2021-02,5.39
2022-01-08,Tablet,Electronics,West,299.6,1,56.65,2022,1,Jan,2022-01,18.91
2022-10-08,Running Shoes,Sports,Central,2972.41,9,1187.56,2022,10,Oct,2022-10,39.95
2021-02-17,Laptop,Electronics,Central,646.85,1,127.32,2021,2,Feb,2021-02,19.68
2022-12-01,Jeans,Clothing,North,725.3,4,260.35,2022,12,Dec,2022-12,35.9
2023-09-12,Monitor,Electronics,North,6242.95,7,835.2,2023,9,Sep,2023-09,13.38
2021-08-07,Yoga Mat,Sports,Central,305.42,2,124.24,2021,8,Aug,2021-08,40.68
2022-03-24,Headphones,Electronics,South,3285.51,5,494.4,2022,3,Mar,2022-03,15.05
2021-09-28,Laptop,Electronics,Central,1948.04,2,249.73,2021,9,Sep,2021-09,12.82
2023-12-03,Dumbbell Set,Sports,West,248.69,1,63.9,2023,12,Dec,2023-12,25.69
2023-04-21,Jacket,Clothing,West,436.46000000000004,3,108.93,2023,4,Apr,2023-04,24.96
2023-03-04,Milk,Groceries,Central,16.77,2,1.53,2023,3,Mar,2023-03,9.12
2021-01-30,T-Shirt,Clothing,North,236.78,2,96.96,2021,1,Jan,2021-01,40.95
2022-03-08,Bookshelf,Furniture,North,399.0,1,113.22,2022,3,Mar,2022-03,28.38
2021-04-12,Cereal,Groceries,South,99.75,5,10.27,2021,4,Apr,2021-04,10.3
2022-10-14,Juice,Groceries,North,15.84,2,1.11,2022,10,Oct,2022-10,7.01
2021-06-12,Sweater,Clothing,East,162.96,2,61.78,2021,6,Jun,2021-06,37.91
2023-01-10,Smartphone,Electronics,Central,2995.76,2,410.65,2023,1,Jan,2023-01,13.71
2022-01-23,Monitor,Electronics,North,1978.98,3,173.03,2022,1,Jan,2022-01,8.74
2021-10-20,Coffee,Groceries,Central,125.33,5,18.21,2021,10,Oct,2021-10,14.53
2022-07-20,Smartphone,Electronics,East,1208.37,1,209.32,2022,7,Jul,2022-07,17.32
2022-04-27,Yoga Mat,Sports,Central,156.95,3,59.53,2022,4,Apr,2022-04,37.93
2022-01-07,Bicycle,Sports,Central,266.51,2,89.06,2022,1,Jan,2022-01,33.42
2022-07-10,Wardrobe,Furniture,West,579.51,4,163.89,2022,7,Jul,2022-07,28.28
2023-08-09,Bed Frame,Furniture,South,2573.12,5,875.9,2023,8,Aug,2023-08,34.04
2022-06-12,Bed Frame,Furniture,Central,215.49,2,47.23,2022,6,Jun,2022-06,21.92
2021-04-24,Bread,Groceries,Central,4.73,3,0.32,2021,4,Apr,2021-04,6.77
2021-12-07,Desk,Furniture,South,3201.55,8,1141.87,2021,12,Dec,2021-12,35.67
2021-09-23,Milk,Groceries,Central,4.62,2,0.58,2021,9,Sep,2021-09,12.55
2022-10-05,Wardrobe,Furniture,East,250.47,3,83.55,2022,10,Oct,2022-10,33.36
2023-04-12,Olive Oil,Groceries,Central,32.11,2,1.75,2023,4,Apr,2023-04,5.45
2023-02-18,Bread,Groceries,North,35.6,2,5.18,2023,2,Feb,2023-02,14.55
2022-10-15,Webcam,Electronics,East,750.02,1,82.28,2022,10,Oct,2022-10,10.97
2023-05-25,Lamp,Furniture,South,2214.54,5,836.33,2023,5,May,2023-05,37.77
2022-11-24,Tablet,Electronics,West,3772.37,3,465.91,2022,11,Nov,2022-11,12.35
2022-02-08,Wardrobe,Furniture,East,745.47,1,235.56,2022,2,Feb,2022-02,31.6
2023-10-14,Wardrobe,Furniture,South,1312.18,2,443.79,2023,10,Oct,2023-10,33.82
2023-11-15,Monitor,Electronics,North,647.37,1,91.58,2023,11,Nov,2023-11,14.15
2021-02-26,Monitor,Electronics,East,6641.33,5,1122.02,2021,2,Feb,2021-02,16.89
2023-03-22,Wardrobe,Furniture,East,725.64,1,273.02,2023,3,Mar,2023-03,37.62
2021-12-14,Dumbbell Set,Sports,North,144.77,2,57.59,2021,12,Dec,2021-12,39.78
2021-10-31,Jeans,Clothing,Central,94.93,1,47.89,2021,10,Oct,2021-10,50.45
2022-04-16,Dumbbell Set,Sports,East,303.2,2,82.83,2022,4,Apr,2022-04,27.32
2022-05-21,Sweater,Clothing,Central,215.93,3,94.41,2022,5,May,2022-05,43.72
2021-12-05,Headphones,Electronics,South,975.78,3,131.4,2021,12,Dec,2021-12,13.47
2021-10-20,Laptop,Electronics,North,5244.91,4,658.93,2021,10,Oct,2021-10,12.56
2023-07-12,Tennis Racket,Sports,East,1386.07,4,405.72,2023,7,Jul,2023-07,29.27
2022-02-04,Jeans,Clothing,North,184.12,1,86.69,2022,2,Feb,2022-02,47.08
2021-04-13,Wardrobe,Furniture,West,639.6,1,194.28,2021,4,Apr,2021-04,30.38
2022-12-17,Cereal,Groceries,East,94.7,4,7.37,2022,12,Dec,2022-12,7.78
2022-07-08,Shoes,Clothing,Central,65.7,2,35.91,2022,7,Jul,2022-07,54.66
2023-12-07,T-Shirt,Clothing,West,508.39,6,237.93,2023,12,Dec,2023-12,46.8
2021-01-20,T-Shirt,Clothing,West,176.96,1,81.53,2021,1,Jan,2021-01,46.07
2022-01-12,Smartwatch,Electronics,South,1710.73,2,188.74,2022,1,Jan,2022-01,11.03
2022-10-29,Smartwatch,Electronics,East,5195.8,5,618.52,2022,10,Oct,2022-10,11.9
2023-10-26,Shoes,Clothing,East,67.11,2,34.19,2023,10,Oct,2023-10,50.95
2023-09-14,Wardrobe,Furniture,Central,267.19,2,69.81,2023,9,Sep,2023-09,26.13
2023-06-06,Milk,Groceries,East,6.47,2,0.8,2023,6,Jun,2023-06,12.36
2023-12-01,Dress,Clothing,Central,688.72,4,353.87,2023,12,Dec,2023-12,51.38
2021-06-30,Smartwatch,Electronics,North,4229.92,5,417.89,2021,6,Jun,2021-06,9.88
2021-03-01,Tennis Racket,Sports,North,405.79,2,117.32,2021,3,Mar,2021-03,28.91
2023-02-20,Dumbbell Set,Sports,West,1121.61,5,503.86,2023,2,Feb,2023-02,44.92
2022-07-25,Rice,Groceries,Central,18.89,5,1.77,2022,7,Jul,2022-07,9.37
2021-08-05,Dress,Clothing,West,382.92,6,154.54,2021,8,Aug,2021-08,40.36
2023-02-15,Shoes,Clothing,Central,778.62,4,348.11,2023,2,Feb,2023-02,44.71
2021-10-30,Dumbbell Set,Sports,South,279.46,5,121.09,2021,10,Oct,2021-10,43.33
2022-05-21,Milk,Groceries,West,27.11,1,2.15,2022,5,May,2022-05,7.93
2021-10-20,Running Shoes,Sports,South,917.22,6,259.76,2021,10,Oct,2021-10,28.32
2022-11-01,Laptop,Electronics,East,913.09,2,80.72,2022,11,Nov,2022-11,8.84
2021-10-11,Bookshelf,Furniture,West,1575.01,4,605.61,2021,10,Oct,2021-10,38.45
2021-08-22,Yoga Mat,Sports,North,874.82,4,269.17,2021,8,Aug,2021-08,30.77
2022-09-07,Wardrobe,Furniture,East,1308.09,2,439.1,2022,9,Sep,2022-09,33.57
2022-04-11,Smartwatch,Electronics,South,1397.77,2,220.51,2022,4,Apr,2022-04,15.78
2023-11-30,Sofa,Furniture,Central,1384.31,5,399.43,2023,11,Nov,2023-11,28.85
2021-05-15,Shoes,Clothing,West,91.14,1,30.05,2021,5,May,2021-05,32.97
2022-05-25,Wardrobe,Furniture,North,1514.17,3,525.11,2022,5,May,2022-05,34.68
2022-06-17,Sofa,Furniture,Central,652.25,3,248.52,2022,6,Jun,2022-06,38.1
2022-10-19,Shoes,Clothing,North,194.89,3,97.43,2022,10,Oct,2022-10,49.99
2023-02-05,Wardrobe,Furniture,South,712.4,1,261.79,2023,2,Feb,2023-02,36.75
2023-09-01,Wardrobe,Furniture,West,174.0,1,44.45,2023,9,Sep,2023-09,25.55
2021-11-28,Headphones,Electronics,South,4747.46,4,802.75,2021,11,Nov,2021-11,16.91
2023-02-28,Bookshelf,Furniture,North,1972.26,3,745.63,2023,2,Feb,2023-02,37.81
2021-05-03,Dumbbell Set,Sports,Central,58.58,2,19.96,2021,5,May,2021-05,34.07
2022-07-21,Jacket,Clothing,West,102.04,3,47.0,2022,7,Jul,2022-07,46.06
2023-07-26,Dumbbell Set,Sports,North,394.74,1,116.34,2023,7,Jul,2023-07,29.47
2023-03-26,Bed Frame,Furniture,North,1406.31,2,540.57,2023,3,Mar,2023-03,38.44
2021-12-30,Laptop,Electronics,East,2863.7,4,520.52,2021,12,Dec,2021-12,18.18
2022-08-04,Shorts,Clothing,Central,119.1,3,59.06,2022,8,Aug,2022-08,49.59
2021-06-15,Smartphone,Electronics,East,6312.79,5,765.39,2021,6,Jun,2021-06,12.12
2021-06-04,Smartphone,Electronics,South,4324.1,7,588.13,2021,6,Jun,2021-06,13.6
2023-07-20,Dress,Clothing,North,1305.68,7,544.15,2023,7,Jul,2023-07,41.68
2022-10-17,Dumbbell Set,Sports,Central,278.44,1,76.87,2022,10,Oct,2022-10,27.61
2023-10-29,Coffee,Groceries,Central,49.56,4,6.79,2023,10,Oct,2023-10,13.7
2023-12-29,Smartphone,Electronics,North,8434.25,11,732.81,2023,12,Dec,2023-12,8.69
2022-09-19,Dumbbell Set,Sports,East,318.84,1,109.45,2022,9,Sep,2022-09,34.33
2023-10-13,Lamp,Furniture,West,653.39,3,256.08,2023,10,Oct,2023-10,39.19
2023-03-24,Smartphone,Electronics,Central,743.04,1,142.68,2023,3,Mar,2023-03,19.2
2023-12-13,Smartwatch,Electronics,East,5744.09,5,624.42,2023,12,Dec,2023-12,10.87
2022-10-17,Bicycle,Sports,North,764.24,2,228.66,2022,10,Oct,2022-10,29.92
2023-03-18,T-Shirt,Clothing,West,53.22,3,20.02,2023,3,Mar,2023-03,37.62
2022-08-31,Monitor,Electronics,South,5988.59,5,847.03,2022,8,Aug,2022-08,14.14
2022-07-30,Smartphone,Electronics,South,1092.04,2,140.33,2022,7,Jul,2022-07,12.85
2023-03-09,Tablet,Electronics,East,1123.19,1,113.53,2023,3,Mar,2023-03,10.11
2023-01-22,Desk,Furniture,East,2978.03,5,650.16,2023,1,Jan,2023-01,21.83
2022-04-08,Running Shoes,Sports,East,991.29,3,253.0,2022,4,Apr,2022-04,25.52
2023-11-25,Wardrobe,Furniture,Central,681.33,4,241.49,2023,11,Nov,2023-11,35.44
2023-04-17,Cereal,Groceries,West,54.6,8,7.88,2023,4,Apr,2023-04,14.43
2022-04-11,Bed Frame,Furniture,Central,2045.53,3,590.98,2022,4,Apr,2022-04,28.89
2022-04-30,Shorts,Clothing,West,166.54,4,76.25,2022,4,Apr,2022-04,45.78
2021-01-23,Running Shoes,Sports,South,1044.56,3,269.61,2021,1,Jan,2021-01,25.81
2021-06-02,Coffee,Groceries,West,102.3,4,7.16,2021,6,Jun,2021-06,7.0
2023-04-25,Smartphone,Electronics,West,979.24,3,121.26,2023,4,Apr,2023-04,12.38
2022-08-11,Shorts,Clothing,North,353.75,2,181.04,2022,8,Aug,2022-08,51.18
2023-11-17,Webcam,Electronics,Central,1834.94,2,198.76,2023,11,Nov,2023-11,10.83
2023-06-09,Bread,Groceries,South,64.56,5,8.85,2023,6,Jun,2023-06,13.71
2023-04-13,Dress,Clothing,East,1250.61,7,566.67,2023,4,Apr,2023-04,45.31
2021-02-09,Yoga Mat,Sports,West,974.14,3,398.83,2021,2,Feb,2021-02,40.94
2022-02-14,Bread,Groceries,East,17.43,2,1.35,2022,2,Feb,2022-02,7.75
2022-08-18,Milk,Groceries,South,68.06,4,9.49,2022,8,Aug,2022-08,13.94
2022-09-26,Olive Oil,Groceries,North,192.96,7,18.72,2022,9,Sep,2022-09,9.7
2022-07-18,Wardrobe,Furniture,North,187.39,1,52.35,2022,7,Jul,2022-07,27.94
2023-08-29,Desk,Furniture,South,947.31,3,229.77,2023,8,Aug,2023-08,24.25
2021-08-29,Monitor,Electronics,North,3367.31,3,420.47,2021,8,Aug,2021-08,12.49
2023-10-31,Bed Frame,Furniture,South,1099.83,2,328.8,2023,10,Oct,2023-10,29.9
2023-01-23,Dress,Clothing,Central,32.35,1,12.5,2023,1,Jan,2023-01,38.64
2021-02-07,Smartwatch,Electronics,North,1280.08,6,173.8,2021,2,Feb,2021-02,13.58
2021-05-15,Webcam,Electronics,West,6093.3,5,755.73,2021,5,May,2021-05,12.4
2021-09-10,Smartwatch,Electronics,East,436.46000000000004,2,541.75,2021,9,Sep,2021-09,124.12
2023-07-05,Tennis Racket,Sports,North,668.33,5,274.59,2023,7,Jul,2023-07,41.09
2023-02-01,Bread,Groceries,North,19.97,1,1.74,2023,2,Feb,2023-02,8.71
2021-10-31,Headphones,Electronics,North,5424.62,5,1045.49,2021,10,Oct,2021-10,19.27
2021-06-17,Bread,Groceries,Central,53.51,2,3.8,2021,6,Jun,2021-06,7.1
2022-11-15,Tablet,Electronics,East,5250.88,4,573.37,2022,11,Nov,2022-11,10.92
2022-11-05,Dumbbell Set,Sports,West,265.89,4,92.01,2022,11,Nov,2022-11,34.6
2022-08-16,Wardrobe,Furniture,West,849.12,2,269.73,2022,8,Aug,2022-08,31.77
2022-01-13,Bicycle,Sports,North,101.22,1,31.87,2022,1,Jan,2022-01,31.49
2022-03-23,Dress,Clothing,North,321.2,2,105.85,2022,3,Mar,2022-03,32.95
2022-12-07,Bookshelf,Furniture,East,867.07,5,281.49,2022,12,Dec,2022-12,32.46
2023-05-27,Yoga Mat,Sports,South,106.1,1,34.24,2023,5,May,2023-05,32.27
2021-02-14,Milk,Groceries,East,1.95,1,0.2,2021,2,Feb,2021-02,10.26
2022-02-22,Yoga Mat,Sports,South,77.88,1,32.55,2022,2,Feb,2022-02,41.8
2022-08-22,Olive Oil,Groceries,West,9.31,3,0.72,2022,8,Aug,2022-08,7.73
2022-01-16,Cereal,Groceries,East,24.72,3,1.6,2022,1,Jan,2022-01,6.47
2021-01-28,Wardrobe,Furniture,Central,808.59,3,196.35,2021,1,Jan,2021-01,24.28
2023-01-27,Jacket,Clothing,Central,132.18,1,43.6,2023,1,Jan,2023-01,32.99
2021-01-09,Wardrobe,Furniture,East,840.01,2,317.16,2021,1,Jan,2021-01,37.76
2023-03-29,Rice,Groceries,Central,31.88,3,1.88,2023,3,Mar,2023-03,5.9
2022-10-20,Tennis Racket,Sports,South,644.53,3,186.8,2022,10,Oct,2022-10,28.98
2023-05-10,Dress,Clothing,East,230.75,2,115.09,2023,5,May,2023-05,49.88
2022-04-25,Yoga Mat,Sports,South,1255.34,4,506.67,2022,4,Apr,2022-04,40.36
2021-06-23,Cereal,Groceries,East,10.1,1,1.03,2021,6,Jun,2021-06,10.2
2022-06-07,Wardrobe,Furniture,Central,722.51,1,162.26,2022,6,Jun,2022-06,22.46
2022-04-18,Tennis Racket,Sports,West,278.48,2,81.46,2022,4,Apr,2022-04,29.25
2021-01-20,Headphones,Electronics,Central,1010.86,1,115.63,2021,1,Jan,2021-01,11.44
2022-01-14,Shoes,Clothing,West,52.31,2,23.35,2022,1,Jan,2022-01,44.64
2021-12-28,Sofa,Furniture,South,1314.01,3,429.16,2021,12,Dec,2021-12,32.66
2022-06-08,Monitor,Electronics,North,8375.71,7,727.77,2022,6,Jun,2022-06,8.69
2021-09-18,Bicycle,Sports,North,545.63,4,191.47,2021,9,Sep,2021-09,35.09
2023-09-09,Sofa,Furniture,East,1175.34,6,286.68,2023,9,Sep,2023-09,24.39
2023-08-27,Jeans,Clothing,Central,156.3,1,81.05,2023,8,Aug,2023-08,51.86
2023-01-29,Yoga Mat,Sports,East,73.32,1,29.47,2023,1,Jan,2023-01,40.19
2023-03-29,Shoes,Clothing,West,165.87,1,65.34,2023,3,Mar,2023-03,39.39
2023-10-17,Coffee,Groceries,Central,6.7,1,0.64,2023,10,Oct,2023-10,9.55
2021-10-31,Coffee,Groceries,Central,86.53,5,12.28,2021,10,Oct,2021-10,14.19
2023-01-06,Lamp,Furniture,West,3342.22,5,1068.3,2023,1,Jan,2023-01,31.96
2023-04-24,Bookshelf,Furniture,South,1079.21,3,317.61,2023,4,Apr,2023-04,29.43
2023-03-16,Bookshelf,Furniture,West,1356.68,2,481.62,2023,3,Mar,2023-03,35.5
2023-09-16,Tennis Racket,Sports,North,631.94,3,235.88,2023,9,Sep,2023-09,37.33
2021-02-01,Smartphone,Electronics,South,2969.96,2,576.24,2021,2,Feb,2021-02,19.4
2023-11-12,Chair,Furniture,South,491.21,4,175.73,2023,11,Nov,2023-11,35.77
2022-06-07,Bicycle,Sports,North,37.07,1,10.26,2022,6,Jun,2022-06,27.68
2023-07-04,Webcam,Electronics,East,2105.05,2,230.92,2023,7,Jul,2023-07,10.97
2021-01-04,Bookshelf,Furniture,Central,903.49,4,183.68,2021,1,Jan,2021-01,20.33
2021-12-03,Rice,Groceries,West,54.13,2,7.64,2021,12,Dec,2021-12,14.11
2022-12-01,Jacket,Clothing,North,993.68,5,396.81,2022,12,Dec,2022-12,39.93
2023-10-23,Juice,Groceries,West,20.69,2,2.24,2023,10,Oct,2023-10,10.83
2022-07-03,Bookshelf,Furniture,North,627.78,4,171.4,2022,7,Jul,2022-07,27.3
2023-01-16,Bicycle,Sports,West,225.89,1,92.76,2023,1,Jan,2023-01,41.06
2021-08-23,Smartphone,Electronics,East,7575.64,11,1272.22,2021,8,Aug,2021-08,16.79
2022-03-22,Juice,Groceries,East,51.29,2,3.31,2022,3,Mar,2022-03,6.45
2021-12-24,Coffee,Groceries,South,24.18,3,3.05,2021,12,Dec,2021-12,12.61
2021-02-21,T-Shirt,Clothing,Central,33.44,1,16.23,2021,2,Feb,2021-02,48.53
2021-04-05,T-Shirt,Clothing,North,30.19,2,14.37,2021,4,Apr,2021-04,47.6
2021-05-02,Lamp,Furniture,South,739.03,1,248.54,2021,5,May,2021-05,33.63
2023-09-07,Olive Oil,Groceries,East,55.92,4,5.21,2023,9,Sep,2023-09,9.32
2023-07-21,Bread,Groceries,Central,6.94,2,0.35,2023,7,Jul,2023-07,5.04
2021-12-24,Headphones,Electronics,South,171.67,2,21.35,2021,12,Dec,2021-12,12.44
2022-07-08,Bicycle,Sports,Central,1021.32,3,296.26,2022,7,Jul,2022-07,29.01
2022-03-28,Wardrobe,Furniture,Central,1352.68,6,434.96,2022,3,Mar,2022-03,32.16
2021-12-19,Jeans,Clothing,South,145.42,3,67.0,2021,12,Dec,2021-12,46.07
2023-08-11,Shorts,Clothing,West,191.49,1,90.96,2023,8,Aug,2023-08,47.5
2021-09-21,Chair,Furniture,North,1277.84,2,357.55,2021,9,Sep,2021-09,27.98
2021-09-17,Shoes,Clothing,West,273.26,2,124.73,2021,9,Sep,2021-09,45.65
2021-07-05,Lamp,Furniture,Central,1258.22,2,337.59,2021,7,Jul,2021-07,26.83
2023-03-18,Cereal,Groceries,North,109.37,6,14.31,2023,3,Mar,2023-03,13.08
2023-06-26,Bookshelf,Furniture,East,1878.5,6,660.02,2023,6,Jun,2023-06,35.14
2023-02-26,Running Shoes,Sports,North,1069.63,3,429.69,2023,2,Feb,2023-02,40.17
2021-02-13,Monitor,Electronics,Central,1164.92,2,216.89,2021,2,Feb,2021-02,18.62
2021-02-05,Webcam,Electronics,East,898.23,5,127.86,2021,2,Feb,2021-02,14.23
2021-01-25,Monitor,Electronics,Central,235.67,1,35.3,2021,1,Jan,2021-01,14.98
2022-04-03,Dumbbell Set,Sports,East,25.84,1,10.4,2022,4,Apr,2022-04,40.25
2022-09-04,Shoes,Clothing,Central,249.99,4,110.55,2022,9,Sep,2022-09,44.22
2021-05-17,Rice,Groceries,South,67.07,4,9.6,2021,5,May,2021-05,14.31
2023-12-04,Rice,Groceries,North,58.51,4,3.65,2023,12,Dec,2023-12,6.24
2023-03-05,Olive Oil,Groceries,East,99.07,5,7.43,2023,3,Mar,2023-03,7.5
2022-12-14,Tennis Racket,Sports,North,1970.81,5,662.31,2022,12,Dec,2022-12,33.61
2023-04-17,Wardrobe,Furniture,South,778.49,2,205.35,2023,4,Apr,2023-04,26.38
2021-03-29,Yoga Mat,Sports,North,180.95,1,72.31,2021,3,Mar,2021-03,39.96
2023-09-26,Cereal,Groceries,North,39.23,5,5.43,2023,9,Sep,2023-09,13.84
2023-04-07,Yoga Mat,Sports,West,588.31,3,182.32,2023,4,Apr,2023-04,30.99
2023-07-31,Yoga Mat,Sports,West,94.15,1,26.05,2023,7,Jul,2023-07,27.67
2022-11-16,Dress,Clothing,East,844.53,6,455.48,2022,11,Nov,2022-11,53.93
2023-03-18,Dress,Clothing,West,747.9,5,349.77,2023,3,Mar,2023-03,46.77
2022-11-13,Bicycle,Sports,Central,295.83,1,97.02,2022,11,Nov,2022-11,32.8
2022-05-30,Smartwatch,Electronics,South,7306.1,5,1002.1,2022,5,May,2022-05,13.72
2021-10-22,Dress,Clothing,West,121.24,2,49.25,2021,10,Oct,2021-10,40.62
2022-05-15,Sweater,Clothing,North,74.63,1,37.83,2022,5,May,2022-05,50.69
2022-10-18,Smartphone,Electronics,East,321.06,3,28.08,2022,10,Oct,2022-10,8.75
2022-09-01,Smartwatch,Electronics,Central,2682.65,4,356.76,2022,9,Sep,2022-09,13.3
2022-10-15,Desk,Furniture,South,1735.86,3,612.94,2022,10,Oct,2022-10,35.31
2022-06-20,Bookshelf,Furniture,Central,108.65,1,30.3,2022,6,Jun,2022-06,27.89
2021-09-27,Shoes,Clothing,Central,577.24,4,300.11,2021,9,Sep,2021-09,51.99
2021-02-18,Yoga Mat,Sports,Central,296.02,2,120.35,2021,2,Feb,2021-02,40.66
2022-04-12,Cereal,Groceries,South,13.02,1,0.85,2022,4,Apr,2022-04,6.53
2021-01-06,Yoga Mat,Sports,North,264.7,2,99.24,2021,1,Jan,2021-01,37.49
2022-11-26,Coffee,Groceries,West,111.15,5,9.55,2022,11,Nov,2022-11,8.59
2021-11-26,Bed Frame,Furniture,South,1151.76,4,458.14,2021,11,Nov,2021-11,39.78
2023-04-08,Headphones,Electronics,Central,2699.59,2,317.5,2023,4,Apr,2023-04,11.76
2022-07-09,T-Shirt,Clothing,South,710.36,4,265.13,2022,7,Jul,2022-07,37.32
2021-01-14,Sofa,Furniture,Central,173.21,1,54.61,2021,1,Jan,2021-01,31.53
2022-09-04,Bed Frame,Furniture,West,113.67,1,28.62,2022,9,Sep,2022-09,25.18
2021-06-10,Tablet,Electronics,South,2815.9,3,479.28,2021,6,Jun,2021-06,17.02
2023-10-22,Juice,Groceries,South,12.24,2,1.07,2023,10,Oct,2023-10,8.74
2021-03-15,T-Shirt,Clothing,West,159.89,1,76.02,2021,3,Mar,2021-03,47.55
2021-03-18,Rice,Groceries,Central,129.04,5,13.34,2021,3,Mar,2021-03,10.34
2022-11-22,Cereal,Groceries,North,59.2,2,5.48,2022,11,Nov,2022-11,9.26
2023-09-22,Dress,Clothing,East,677.49,4,252.52,2023,9,Sep,2023-09,37.27
2021-11-27,Bicycle,Sports,East,537.54,2,240.61,2021,11,Nov,2021-11,44.76
2021-07-03,Laptop,Electronics,West,250.12,5,41.68,2021,7,Jul,2021-07,16.66
2023-01-15,Cereal,Groceries,West,14.63,1,1.66,2023,1,Jan,2023-01,11.35
2021-04-11,Milk,Groceries,South,55.37,3,7.72,2021,4,Apr,2021-04,13.94
2022-02-22,Shorts,Clothing,East,304.19,4,129.32,2022,2,Feb,2022-02,42.51
2023-09-17,Laptop,Electronics,North,414.72,2,68.93,2023,9,Sep,2023-09,16.62
2022-10-08,Rice,Groceries,Central,32.32,3,2.95,2022,10,Oct,2022-10,9.13
2022-01-22,Shorts,Clothing,South,424.95,3,135.86,2022,1,Jan,2022-01,31.97
2021-02-13,Coffee,Groceries,West,5.33,3,0.47,2021,2,Feb,2021-02,8.82
2022-09-27,Coffee,Groceries,North,91.03,4,7.51,2022,9,Sep,2022-09,8.25
2023-01-29,Jeans,Clothing,West,381.93,2,187.49,2023,1,Jan,2023-01,49.09
2023-05-01,Tennis Racket,Sports,South,173.5,1,67.24,2023,5,May,2023-05,38.76
2023-09-20,Monitor,Electronics,West,939.8,3,114.99,2023,9,Sep,2023-09,12.24
2022-03-26,Sweater,Clothing,South,33.18,1,15.85,2022,3,Mar,2022-03,47.77
2022-02-04,Chair,Furniture,East,1455.7,2,358.53,2022,2,Feb,2022-02,24.63
2021-06-12,Coffee,Groceries,West,55.53,2,8.27,2021,6,Jun,2021-06,14.89
2022-04-15,Tennis Racket,Sports,South,784.36,3,271.92,2022,4,Apr,2022-04,34.67
2022-05-20,Webcam,Electronics,East,1945.55,3,322.29,2022,5,May,2022-05,16.57
2021-05-18,Jeans,Clothing,Central,101.69,2,52.11,2021,5,May,2021-05,51.24
2023-10-30,Bread,Groceries,North,135.35,5,7.93,2023,10,Oct,2023-10,5.86
2023-05-02,Smartwatch,Electronics,North,845.92,2,113.67,2023,5,May,2023-05,13.44
2021-03-10,Laptop,Electronics,South,3898.32,3,495.94,2021,3,Mar,2021-03,12.72
2023-10-03,Bicycle,Sports,North,1092.14,3,413.56,2023,10,Oct,2023-10,37.87
2022-07-29,Shorts,Clothing,East,118.91,1,51.39,2022,7,Jul,2022-07,43.22
2021-07-25,Cereal,Groceries,North,59.23,3,4.61,2021,7,Jul,2021-07,7.78
2023-09-27,Smartphone,Electronics,East,3797.95,4,753.66,2023,9,Sep,2023-09,19.84
2022-07-23,Shoes,Clothing,South,123.86,2,61.24,2022,7,Jul,2022-07,49.44
2023-12-05,Wardrobe,Furniture,North,952.16,3,238.82,2023,12,Dec,2023-12,25.08
2023-04-05,Lamp,Furniture,West,260.59,2,55.47,2023,4,Apr,2023-04,21.29
2021-08-10,Bed Frame,Furniture,North,343.93,2,129.99,2021,8,Aug,2021-08,37.8
2021-08-03,Bookshelf,Furniture,East,1487.05,2,394.27,2021,8,Aug,2021-08,26.51
2021-12-23,Shoes,Clothing,South,733.62,5,288.44,2021,12,Dec,2021-12,39.32
2022-06-29,Desk,Furniture,West,345.24,1,105.44,2022,6,Jun,2022-06,30.54
2023-04-05,Yoga Mat,Sports,South,669.86,2,258.49,2023,4,Apr,2023-04,38.59
2023-04-01,Juice,Groceries,West,2.75,1,0.35,2023,4,Apr,2023-04,12.73
2021-09-12,Sofa,Furniture,South,2675.43,5,906.93,2021,9,Sep,2021-09,33.9
2021-09-26,Sweater,Clothing,East,866.79,6,329.74,2021,9,Sep,2021-09,38.04
2023-06-06,Cereal,Groceries,West,37.57,4,3.6,2023,6,Jun,2023-06,9.58
2023-03-13,Jeans,Clothing,North,387.89,2,153.6,2023,3,Mar,2023-03,39.6
2022-02-19,Headphones,Electronics,North,241.91,1,41.44,2022,2,Feb,2022-02,17.13
2022-03-24,Running Shoes,Sports,North,314.57,1,125.5,2022,3,Mar,2022-03,39.9
2022-09-16,Headphones,Electronics,East,312.35,1,57.56,2022,9,Sep,2022-09,18.43
2023-12-29,Jacket,Clothing,West,982.88,6,497.79,2023,12,Dec,2023-12,50.65
2022-11-28,T-Shirt,Clothing,South,209.14,5,111.25,2022,11,Nov,2022-11,53.19
2023-06-17,Webcam,Electronics,East,2858.24,4,395.67,2023,6,Jun,2023-06,13.84
2022-08-05,Bread,Groceries,West,9.29,2,1.04,2022,8,Aug,2022-08,11.19
2022-01-18,Cereal,Groceries,South,14.96,2,2.19,2022,1,Jan,2022-01,14.64
2023-08-25,Yoga Mat,Sports,South,237.73,3,102.0,2023,8,Aug,2023-08,42.91
2023-07-27,T-Shirt,Clothing,North,221.66,3,102.74,2023,7,Jul,2023-07,46.35
2022-07-12,Shoes,Clothing,West,92.95,2,30.13,2022,7,Jul,2022-07,32.42
2023-10-08,Jeans,Clothing,South,91.92,1,50.44,2023,10,Oct,2023-10,54.87
2021-07-27,Bed Frame,Furniture,Central,1015.25,4,380.61,2021,7,Jul,2021-07,37.49
2021-03-21,Bicycle,Sports,West,749.39,2,281.7,2021,3,Mar,2021-03,37.59
2022-11-26,Laptop,Electronics,Central,1407.95,1,215.35,2022,11,Nov,2022-11,15.3
2022-07-14,Smartwatch,Electronics,West,4340.5,3,734.06,2022,7,Jul,2022-07,16.91
2021-07-05,Shorts,Clothing,Central,876.12,7,335.82,2021,7,Jul,2021-07,38.33
2022-07-08,Yoga Mat,Sports,East,349.91,3,155.75,2022,7,Jul,2022-07,44.51
2022-06-10,Olive Oil,Groceries,South,97.97,4,5.97,2022,6,Jun,2022-06,6.09
2023-09-06,Desk,Furniture,East,430.07,1,119.15,2023,9,Sep,2023-09,27.7
2023-10-07,Smartwatch,Electronics,North,2605.1,5,270.09,2023,10,Oct,2023-10,10.37
2022-09-12,Coffee,Groceries,South,42.87,2,5.2,2022,9,Sep,2022-09,12.13
2023-03-21,Laptop,Electronics,North,182.77,1,23.24,2023,3,Mar,2023-03,12.72
2021-12-15,Lamp,Furniture,West,1049.97,6,229.7,2021,12,Dec,2021-12,21.88
2022-07-29,Laptop,Electronics,Central,1496.32,4,232.4,2022,7,Jul,2022-07,15.53
2023-12-22,Smartphone,Electronics,Central,1640.48,9,309.19,2023,12,Dec,2023-12,18.85
2021-01-10,Cereal,Groceries,West,16.44,3,1.31,2021,1,Jan,2021-01,7.97
2021-09-27,Jeans,Clothing,Central,148.43,2,59.64,2021,9,Sep,2021-09,40.18
2023-05-17,Smartphone,Electronics,East,3965.32,5,747.09,2023,5,May,2023-05,18.84
2021-11-26,Wardrobe,Furniture,Central,1774.8,4,555.73,2021,11,Nov,2021-11,31.31
2023-11-09,Smartphone,Electronics,South,2653.47,5,274.6,2023,11,Nov,2023-11,10.35
2021-07-23,Dumbbell Set,Sports,West,376.26,5,132.13,2021,7,Jul,2021-07,35.12
2023-03-02,Dress,Clothing,Central,382.59,3,209.43,2023,3,Mar,2023-03,54.74
2022-12-04,Smartwatch,Electronics,North,1439.79,1,122.86,2022,12,Dec,2022-12,8.53
2023-11-16,Lamp,Furniture,West,316.59,3,113.21,2023,11,Nov,2023-11,35.76
2021-08-31,Coffee,Groceries,West,6.36,1,0.42,2021,8,Aug,2021-08,6.6
2021-12-26,Sweater,Clothing,Central,198.17,1,63.63,2021,12,Dec,2021-12,32.11
2023-01-28,Wardrobe,Furniture,South,175.54,1,51.26,2023,1,Jan,2023-01,29.2
2021-03-28,Olive Oil,Groceries,South,27.48,1,1.53,2021,3,Mar,2021-03,5.57
2021-03-10,Monitor,Electronics,East,1130.25,6,164.69,2021,3,Mar,2021-03,14.57
2021-03-02,Tennis Racket,Sports,East,285.31,1,79.53,2021,3,Mar,2021-03,27.87
2023-08-08,Desk,Furniture,East,1415.96,3,352.95,2023,8,Aug,2023-08,24.93
2022-04-24,Sweater,Clothing,North,403.2,4,182.02,2022,4,Apr,2022-04,45.14
2023-11-26,Shoes,Clothing,Central,616.03,7,192.73,2023,11,Nov,2023-11,31.29
2021-04-29,Juice,Groceries,South,28.07,2,1.94,2021,4,Apr,2021-04,6.91
2021-04-29,Milk,Groceries,East,63.69,6,5.44,2021,4,Apr,2021-04,8.54
2021-10-09,Olive Oil,Groceries,North,116.84,5,11.07,2021,10,Oct,2021-10,9.47
2021-11-28,Tennis Racket,Sports,South,855.71,4,266.11,2021,11,Nov,2021-11,31.1
2021-02-20,Tennis Racket,Sports,South,189.19,1,61.05,2021,2,Feb,2021-02,32.27
2021-04-12,Cereal,Groceries,East,31.42,2,3.13,2021,4,Apr,2021-04,9.96
2021-04-29,Juice,Groceries,North,16.56,1,0.85,2021,4,Apr,2021-04,5.13
2022-12-18,Bicycle,Sports,East,118.76,4,52.16,2022,12,Dec,2022-12,43.92
2022-04-27,Shoes,Clothing,North,446.37,5,187.06,2022,4,Apr,2022-04,41.91
2023-12-26,Running Shoes,Sports,Central,1009.38,5,283.31,2023,12,Dec,2023-12,28.07
2023-04-15,Bicycle,Sports,Central,313.82,5,106.51,2023,4,Apr,2023-04,33.94
2021-04-27,Dress,Clothing,East,483.86,4,217.44,2021,4,Apr,2021-04,44.94
2021-06-25,Running Shoes,Sports,East,281.22,1,93.32,2021,6,Jun,2021-06,33.18
2021-03-22,Wardrobe,Furniture,East,655.47,1,182.01,2021,3,Mar,2021-03,27.77
2022-09-07,Cereal,Groceries,South,21.59,1,2.58,2022,9,Sep,2022-09,11.95
2022-08-02,Rice,Groceries,North,45.28,5,3.82,2022,8,Aug,2022-08,8.44
2023-04-04,Cereal,Groceries,East,436.46000000000004,4,6.97,2023,4,Apr,2023-04,1.6
2023-07-06,Cereal,Groceries,Central,103.33,4,11.44,2023,7,Jul,2023-07,11.07
2021-10-04,Bed Frame,Furniture,Central,798.65,2,280.31,2021,10,Oct,2021-10,35.1
2023-01-17,Headphones,Electronics,East,2021.57,2,225.91,2023,1,Jan,2023-01,11.17
2021-11-21,Dumbbell Set,Sports,East,545.56,6,235.13,2021,11,Nov,2021-11,43.1
2023-10-26,Sweater,Clothing,West,578.21,4,223.54,2023,10,Oct,2023-10,38.66
2023-10-19,Jeans,Clothing,North,627.03,6,205.12,2023,10,Oct,2023-10,32.71
2021-09-17,Jacket,Clothing,North,145.44,2,48.65,2021,9,Sep,2021-09,33.45
2023-03-14,Chair,Furniture,West,627.41,1,139.96,2023,3,Mar,2023-03,22.31
2023-01-29,Running Shoes,Sports,West,308.38,1,104.17,2023,1,Jan,2023-01,33.78
2021-03-29,Jeans,Clothing,West,75.74,1,31.45,2021,3,Mar,2021-03,41.52
2023-12-16,Bread,Groceries,East,107.24,6,7.75,2023,12,Dec,2023-12,7.23
2023-10-24,Webcam,Electronics,Central,3814.6,5,458.65,2023,10,Oct,2023-10,12.02
2023-05-06,Tennis Racket,Sports,North,443.53,3,182.46,2023,5,May,2023-05,41.14
2021-07-19,Bicycle,Sports,East,250.58,1,96.25,2021,7,Jul,2021-07,38.41
2023-06-15,Tennis Racket,Sports,South,825.74,3,209.0,2023,6,Jun,2023-06,25.31
2023-11-20,Sofa,Furniture,West,3254.17,6,994.84,2023,11,Nov,2023-11,30.57
2022-09-02,Sweater,Clothing,Central,356.3,2,180.98,2022,9,Sep,2022-09,50.79
2021-05-06,Lamp,Furniture,North,680.46,1,271.45,2021,5,May,2021-05,39.89
2022-10-30,Jacket,Clothing,Central,956.98,5,339.89,2022,10,Oct,2022-10,35.52
2021-01-04,Coffee,Groceries,South,40.73,2,5.04,2021,1,Jan,2021-01,12.37
2023-02-25,Webcam,Electronics,East,191.66,1,29.81,2023,2,Feb,2023-02,15.55
2021-05-01,Desk,Furniture,West,1347.21,2,471.6,2021,5,May,2021-05,35.01
2023-03-18,Bed Frame,Furniture,West,1113.05,2,228.68,2023,3,Mar,2023-03,20.55
2023-08-08,Headphones,Electronics,North,157.69,3,12.84,2023,8,Aug,2023-08,8.14
2021-06-18,Webcam,Electronics,South,1946.45,2,363.95,2021,6,Jun,2021-06,18.7
2022-11-20,Webcam,Electronics,East,2278.2,4,366.26,2022,11,Nov,2022-11,16.08
2022-07-20,Shoes,Clothing,North,45.02,2,15.44,2022,7,Jul,2022-07,34.3
2021-08-26,Tablet,Electronics,North,2839.81,3,446.37,2021,8,Aug,2021-08,15.72
2021-07-08,Bookshelf,Furniture,North,3091.21,5,1198.0,2021,7,Jul,2021-07,38.76
2022-05-03,Laptop,Electronics,West,7912.31,6,1420.62,2022,5,May,2022-05,17.95
2021-10-20,Shoes,Clothing,South,56.16,2,23.11,2021,10,Oct,2021-10,41.15
2021-06-25,Sofa,Furniture,West,2542.35,5,726.31,2021,6,Jun,2021-06,28.57
2023-11-26,Dress,Clothing,West,111.86,2,46.51,2023,11,Nov,2023-11,41.58
2022-06-16,Headphones,Electronics,East,2160.06,3,414.28,2022,6,Jun,2022-06,19.18
2022-05-23,Juice,Groceries,West,25.09,2,3.69,2022,5,May,2022-05,14.71
2023-11-11,Dumbbell Set,Sports,East,907.53,4,310.94,2023,11,Nov,2023-11,34.26
2021-09-21,Coffee,Groceries,East,43.47,3,3.55,2021,9,Sep,2021-09,8.17
2023-12-18,Webcam,Electronics,East,4468.72,3,406.17,2023,12,Dec,2023-12,9.09
2022-01-22,Bicycle,Sports,North,1150.85,5,439.76,2022,1,Jan,2022-01,38.21
2021-07-10,Bookshelf,Furniture,Central,3962.77,6,1561.45,2021,7,Jul,2021-07,39.4
2021-07-01,Tablet,Electronics,West,414.31,2,82.09,2021,7,Jul,2021-07,19.81
2021-10-14,Webcam,Electronics,East,2167.36,2,328.09,2021,10,Oct,2021-10,15.14
2023-10-23,Tennis Racket,Sports,West,413.74,2,177.19,2023,10,Oct,2023-10,42.83
2022-03-07,Chair,Furniture,East,1358.88,3,313.84,2022,3,Mar,2022-03,23.1
2022-05-18,Dress,Clothing,West,252.29,3,133.29,2022,5,May,2022-05,52.83
2023-05-15,Milk,Groceries,North,71.66,6,4.63,2023,5,May,2023-05,6.46
2023-12-25,Smartwatch,Electronics,East,8509.49,9,1360.88,2023,12,Dec,2023-12,15.99
2023-03-15,Smartwatch,Electronics,Central,1406.11,2,118.67,2023,3,Mar,2023-03,8.44
2022-04-02,Bread,Groceries,West,10.26,5,1.49,2022,4,Apr,2022-04,14.52
2021-02-19,Tennis Racket,Sports,South,520.38,3,130.23,2021,2,Feb,2021-02,25.03
2021-07-06,Running Shoes,Sports,East,718.7,3,225.4,2021,7,Jul,2021-07,31.36
2023-03-02,Sofa,Furniture,South,806.01,2,208.1,2023,3,Mar,2023-03,25.82
2022-06-29,Chair,Furniture,South,491.18,1,145.69,2022,6,Jun,2022-06,29.66
2023-01-12,Desk,Furniture,Central,1344.29,3,346.81,2023,1,Jan,2023-01,25.8
2021-10-21,Monitor,Electronics,North,1354.29,2,234.4,2021,10,Oct,2021-10,17.31
2022-12-20,Lamp,Furniture,South,401.17,2,116.51,2022,12,Dec,2022-12,29.04
2023-11-19,Dress,Clothing,East,90.08,2,43.26,2023,11,Nov,2023-11,48.02
2021-10-15,Tennis Racket,Sports,South,373.12,6,100.89,2021,10,Oct,2021-10,27.04
2023-09-28,Yoga Mat,Sports,Central,663.57,3,285.37,2023,9,Sep,2023-09,43.01
2021-05-04,Coffee,Groceries,Central,8.79,5,1.27,2021,5,May,2021-05,14.45
2021-07-05,Running Shoes,Sports,North,480.81,4,175.08,2021,7,Jul,2021-07,36.41
2022-10-16,Dumbbell Set,Sports,South,958.75,3,363.96,2022,10,Oct,2022-10,37.96
2023-06-01,Dumbbell Set,Sports,West,2686.66,8,845.4,2023,6,Jun,2023-06,31.47
2022-12-17,Rice,Groceries,South,436.46000000000004,7,130.83,2022,12,Dec,2022-12,29.98
2021-08-14,Dumbbell Set,Sports,North,135.76,2,44.17,2021,8,Aug,2021-08,32.54
2023-07-21,Smartphone,Electronics,South,1297.78,1,249.36,2023,7,Jul,2023-07,19.21
2021-03-15,Lamp,Furniture,South,1503.54,2,562.76,2021,3,Mar,2021-03,37.43
2023-04-08,Bicycle,Sports,Central,1248.5,4,554.65,2023,4,Apr,2023-04,44.43
2022-06-25,T-Shirt,Clothing,West,140.21,2,59.65,2022,6,Jun,2022-06,42.54
2023-07-22,Bed Frame,Furniture,North,359.85,1,135.64,2023,7,Jul,2023-07,37.69
2022-04-26,Smartwatch,Electronics,Central,678.48,2,103.8,2022,4,Apr,2022-04,15.3
2021-08-31,Shorts,Clothing,North,154.03,1,66.34,2021,8,Aug,2021-08,43.07
2022-03-30,Chair,Furniture,East,717.02,1,276.7,2022,3,Mar,2022-03,38.59
2023-01-08,Tablet,Electronics,West,1584.22,4,238.97,2023,1,Jan,2023-01,15.08
2023-01-18,Rice,Groceries,East,1.81,1,0.23,2023,1,Jan,2023-01,12.71
2021-11-29,Monitor,Electronics,West,6196.07,5,1184.51,2021,11,Nov,2021-11,19.12
2021-03-04,Bread,Groceries,West,97.06,4,10.84,2021,3,Mar,2021-03,11.17
2021-12-21,Sweater,Clothing,West,664.12,4,205.37,2021,12,Dec,2021-12,30.92
2023-06-10,Monitor,Electronics,South,8304.86,6,1521.71,2023,6,Jun,2023-06,18.32
2023-11-10,Headphones,Electronics,North,1409.13,3,160.48,2023,11,Nov,2023-11,11.39
2021-02-16,Bed Frame,Furniture,South,636.7,2,202.85,2021,2,Feb,2021-02,31.86
2023-10-05,Tablet,Electronics,South,2580.39,5,287.35,2023,10,Oct,2023-10,11.14
2022-05-10,Smartphone,Electronics,West,954.82,4,86.67,2022,5,May,2022-05,9.08
2022-12-27,Running Shoes,Sports,South,867.28,3,307.23,2022,12,Dec,2022-12,35.42
2023-08-25,Chair,Furniture,North,860.25,4,208.05,2023,8,Aug,2023-08,24.18
2021-01-06,Running Shoes,Sports,East,470.5,3,133.72,2021,1,Jan,2021-01,28.42
2021-01-23,Smartphone,Electronics,South,1145.28,1,112.19,2021,1,Jan,2021-01,9.8
2021-01-12,Jeans,Clothing,Central,51.87,1,26.56,2021,1,Jan,2021-01,51.2
2022-04-10,Monitor,Electronics,East,150.8,1,23.87,2022,4,Apr,2022-04,15.83
2022-10-04,Wardrobe,Furniture,East,1000.45,3,359.47,2022,10,Oct,2022-10,35.93
2021-05-02,Sofa,Furniture,Central,1144.61,3,401.37,2021,5,May,2021-05,35.07
2023-04-29,Jacket,Clothing,East,320.16,2,98.94,2023,4,Apr,2023-04,30.9
2023-07-04,Tablet,Electronics,Central,1591.5,4,155.17,2023,7,Jul,2023-07,9.75
2022-10-31,Running Shoes,Sports,East,153.46,2,54.67,2022,10,Oct,2022-10,35.62
2022-01-19,Monitor,Electronics,South,2943.23,2,506.38,2022,1,Jan,2022-01,17.2
2023-01-29,Tablet,Electronics,North,2688.02,2,477.69,2023,1,Jan,2023-01,17.77
2022-11-23,Bed Frame,Furniture,North,3153.53,5,948.82,2022,11,Nov,2022-11,30.09
2022-08-17,Jeans,Clothing,North,62.35,2,24.0,2022,8,Aug,2022-08,38.49
2022-01-04,Yoga Mat,Sports,North,1151.57,4,396.56,2022,1,Jan,2022-01,34.44
2022-01-22,Running Shoes,Sports,Central,618.67,3,198.68,2022,1,Jan,2022-01,32.11
2023-11-19,Dumbbell Set,Sports,East,232.27,2,91.26,2023,11,Nov,2023-11,39.29
2022-07-25,Bread,Groceries,North,92.36,6,11.05,2022,7,Jul,2022-07,11.96
2023-10-15,Bookshelf,Furniture,South,1050.33,2,316.99,2023,10,Oct,2023-10,30.18
2022-01-06,Bookshelf,Furniture,Central,708.42,1,263.2,2022,1,Jan,2022-01,37.15
2023-06-16,Bed Frame,Furniture,Central,3081.39,5,713.74,2023,6,Jun,2023-06,23.16
2022-09-15,Bicycle,Sports,Central,226.04,1,62.95,2022,9,Sep,2022-09,27.85
2022-02-02,Smartphone,Electronics,North,854.54,2,87.95,2022,2,Feb,2022-02,10.29
2022-11-06,Rice,Groceries,South,4.65,2,0.69,2022,11,Nov,2022-11,14.84
2021-03-18,Headphones,Electronics,South,2047.92,2,281.3,2021,3,Mar,2021-03,13.74
2022-12-26,Dress,Clothing,South,436.29,5,180.59,2022,12,Dec,2022-12,41.39
2021-03-06,Olive Oil,Groceries,West,16.9,2,2.08,2021,3,Mar,2021-03,12.31
2021-10-09,Tablet,Electronics,West,1091.28,3,158.0,2021,10,Oct,2021-10,14.48
2022-06-20,Rice,Groceries,West,82.63,3,5.25,2022,6,Jun,2022-06,6.35
2023-05-30,Laptop,Electronics,South,983.77,1,131.31,2023,5,May,2023-05,13.35
2022-08-01,Smartphone,Electronics,South,3549.56,6,651.98,2022,8,Aug,2022-08,18.37
2023-12-21,Rice,Groceries,South,49.45,3,6.62,2023,12,Dec,2023-12,13.39
2022-09-22,Bread,Groceries,South,91.65,5,9.8,2022,9,Sep,2022-09,10.69
2022-09-03,Wardrobe,Furniture,West,1272.12,4,459.76,2022,9,Sep,2022-09,36.14
2022-04-18,Laptop,Electronics,East,4038.51,3,368.18,2022,4,Apr,2022-04,9.12
2021-06-28,Desk,Furniture,Central,382.34,1,80.56,2021,6,Jun,2021-06,21.07
2023-11-21,Olive Oil,Groceries,North,102.71,8,15.07,2023,11,Nov,2023-11,14.67
2023-05-14,Monitor,Electronics,East,4454.47,3,670.91,2023,5,May,2023-05,15.06
2023-02-15,Rice,Groceries,North,37.9,2,2.18,2023,2,Feb,2023-02,5.75
2021-09-25,Milk,Groceries,North,54.41,2,7.49,2021,9,Sep,2021-09,13.77
2023-08-16,Shorts,Clothing,West,272.37,4,114.12,2023,8,Aug,2023-08,41.9
2022-11-11,Running Shoes,Sports,West,324.15,2,112.13,2022,11,Nov,2022-11,34.59
2022-05-28,Tablet,Electronics,Central,6586.62,6,1160.65,2022,5,May,2022-05,17.62
2022-11-21,Yoga Mat,Sports,East,392.66,4,112.62,2022,11,Nov,2022-11,28.68
2022-10-15,Bread,Groceries,Central,109.12,6,12.47,2022,10,Oct,2022-10,11.43
2023-08-14,Dumbbell Set,Sports,East,177.31,4,53.19,2023,8,Aug,2023-08,30.0
2022-11-06,Lamp,Furniture,East,1273.88,2,482.27,2022,11,Nov,2022-11,37.86
2023-04-21,Milk,Groceries,Central,64.23,3,3.73,2023,4,Apr,2023-04,5.81
2022-06-23,Wardrobe,Furniture,West,1030.58,3,372.53,2022,6,Jun,2022-06,36.15
2023-05-07,Bread,Groceries,Central,70.29,3,4.39,2023,5,May,2023-05,6.25
2022-11-16,Tennis Racket,Sports,South,436.46000000000004,5,130.83,2022,11,Nov,2022-11,29.98
2023-01-23,Bread,Groceries,West,38.24,6,2.14,2023,1,Jan,2023-01,5.6
2023-06-27,Webcam,Electronics,North,2874.52,2,249.91,2023,6,Jun,2023-06,8.69
2021-06-12,Dumbbell Set,Sports,North,2327.35,6,962.5,2021,6,Jun,2021-06,41.36
2022-09-25,Lamp,Furniture,East,1099.59,4,225.65,2022,9,Sep,2022-09,20.52
2022-04-12,Headphones,Electronics,North,4186.31,3,510.56,2022,4,Apr,2022-04,12.2
2021-04-23,Shorts,Clothing,West,106.22,1,32.73,2021,4,Apr,2021-04,30.81
2023-10-03,Laptop,Electronics,North,2300.49,2,234.4,2023,10,Oct,2023-10,10.19
2022-08-22,Bed Frame,Furniture,West,1408.62,2,553.37,2022,8,Aug,2022-08,39.28
2023-06-09,Bread,Groceries,East,58.53,2,6.88,2023,6,Jun,2023-06,11.75
2021-02-21,Tennis Racket,Sports,Central,517.16,3,177.05,2021,2,Feb,2021-02,34.24
2022-11-20,Bread,Groceries,North,19.54,3,1.97,2022,11,Nov,2022-11,10.08
2021-10-23,Sweater,Clothing,West,788.91,5,415.32,2021,10,Oct,2021-10,52.64
2023-09-16,Smartphone,Electronics,East,4578.89,5,860.94,2023,9,Sep,2023-09,18.8
2021-01-13,T-Shirt,Clothing,East,107.28,2,33.03,2021,1,Jan,2021-01,30.79
2021-06-30,Bread,Groceries,North,23.15,2,1.84,2021,6,Jun,2021-06,7.95
2023-02-28,Bicycle,Sports,Central,151.35,2,40.07,2023,2,Feb,2023-02,26.48
2022-08-17,Sweater,Clothing,West,287.85,5,136.95,2022,8,Aug,2022-08,47.58
2022-08-08,Tennis Racket,Sports,Central,1193.19,3,463.8,2022,8,Aug,2022-08,38.87
2023-06-07,Bed Frame,Furniture,East,1453.53,3,451.05,2023,6,Jun,2023-06,31.03
2022-12-09,Milk,Groceries,Central,76.83,3,9.98,2022,12,Dec,2022-12,12.99
2021-05-11,Smartwatch,Electronics,West,306.02,1,42.1,2021,5,May,2021-05,13.76
2022-09-16,Bookshelf,Furniture,West,1333.13,2,330.5,2022,9,Sep,2022-09,24.79
2021-04-28,Dumbbell Set,Sports,North,1638.34,5,496.37,2021,4,Apr,2021-04,30.3
2023-11-03,Bread,Groceries,West,33.84,6,2.77,2023,11,Nov,2023-11,8.19
2022-06-06,Lamp,Furniture,South,4166.01,6,1488.53,2022,6,Jun,2022-06,35.73
2023-11-19,Running Shoes,Sports,West,938.59,3,324.11,2023,11,Nov,2023-11,34.53
2022-02-16,Wardrobe,Furniture,Central,287.69,1,66.4,2022,2,Feb,2022-02,23.08
2021-06-19,Bicycle,Sports,Central,310.22,1,117.91,2021,6,Jun,2021-06,38.01
2023-10-02,Monitor,Electronics,East,611.81,3,105.52,2023,10,Oct,2023-10,17.25
2022-11-05,Smartwatch,Electronics,Central,6203.17,8,896.02,2022,11,Nov,2022-11,14.44
2023-06-03,Bread,Groceries,North,21.5,3,2.39,2023,6,Jun,2023-06,11.12
2022-09-28,Smartwatch,Electronics,West,1641.3,2,237.39,2022,9,Sep,2022-09,14.46
2022-02-08,Yoga Mat,Sports,East,126.16,1,51.08,2022,2,Feb,2022-02,40.49
2023-03-15,Smartwatch,Electronics,East,1140.71,1,92.37,2023,3,Mar,2023-03,8.1
2021-08-09,Dress,Clothing,South,166.73,1,78.74,2021,8,Aug,2021-08,47.23
2023-10-01,T-Shirt,Clothing,East,70.45,2,28.98,2023,10,Oct,2023-10,41.14
2023-12-09,Smartwatch,Electronics,East,2233.17,2,376.35,2023,12,Dec,2023-12,16.85
2022-04-25,Headphones,Electronics,North,1018.22,2,98.31,2022,4,Apr,2022-04,9.66
2022-04-19,Tennis Racket,Sports,Central,1107.97,4,329.57,2022,4,Apr,2022-04,29.75
2021-01-05,Rice,Groceries,South,44.08,3,5.72,2021,1,Jan,2021-01,12.98
2021-03-04,Sofa,Furniture,West,1342.91,3,535.02,2021,3,Mar,2021-03,39.84
2022-06-17,Monitor,Electronics,North,5684.57,5,476.26,2022,6,Jun,2022-06,8.38
2021-07-31,Laptop,Electronics,South,1247.28,2,128.79,2021,7,Jul,2021-07,10.33
2021-10-23,Yoga Mat,Sports,Central,604.35,3,211.48,2021,10,Oct,2021-10,34.99
2021-07-02,Wardrobe,Furniture,South,2380.03,3,727.15,2021,7,Jul,2021-07,30.55
2022-02-05,Coffee,Groceries,South,35.1,2,2.36,2022,2,Feb,2022-02,6.72
2021-02-07,Running Shoes,Sports,Central,661.74,2,185.82,2021,2,Feb,2021-02,28.08
2021-12-01,Juice,Groceries,North,16.31,6,1.67,2021,12,Dec,2021-12,10.24
2023-05-14,Jacket,Clothing,North,97.46,2,35.28,2023,5,May,2023-05,36.2
2021-08-27,Headphones,Electronics,East,2778.23,3,469.13,2021,8,Aug,2021-08,16.89
2023-01-08,Tablet,Electronics,Central,1140.62,2,155.86,2023,1,Jan,2023-01,13.66
2021-11-07,Milk,Groceries,North,17.16,1,1.47,2021,11,Nov,2021-11,8.57
2022-10-17,Webcam,Electronics,South,2600.85,4,498.57,2022,10,Oct,2022-10,19.17
2021-04-02,Bookshelf,Furniture,North,417.76,1,89.21,2021,4,Apr,2021-04,21.35
2021-01-16,Bed Frame,Furniture,East,2750.15,4,1017.81,2021,1,Jan,2021-01,37.01
2022-12-30,Lamp,Furniture,West,4502.37,6,1734.93,2022,12,Dec,2022-12,38.53
2022-09-22,Bookshelf,Furniture,West,1321.84,4,313.69,2022,9,Sep,2022-09,23.73
2023-03-30,Juice,Groceries,North,55.49,2,4.74,2023,3,Mar,2023-03,8.54
2021-11-06,Olive Oil,Groceries,West,79.89,4,4.7,2021,11,Nov,2021-11,5.88
2023-11-15,Rice,Groceries,Central,117.3,5,11.27,2023,11,Nov,2023-11,9.61
2021-08-25,Running Shoes,Sports,East,344.14,4,132.95,2021,8,Aug,2021-08,38.63
2022-02-08,Rice,Groceries,South,1.72,1,0.19,2022,2,Feb,2022-02,11.05
2021-03-02,Bicycle,Sports,South,93.75,1,35.14,2021,3,Mar,2021-03,37.48
2023-09-23,Headphones,Electronics,West,2410.93,3,478.33,2023,9,Sep,2023-09,19.84
2022-08-21,Juice,Groceries,South,22.08,3,2.45,2022,8,Aug,2022-08,11.1
2022-07-30,Bookshelf,Furniture,Central,412.01,1,145.09,2022,7,Jul,2022-07,35.22
2023-06-11,Headphones,Electronics,East,2122.62,2,325.35,2023,6,Jun,2023-06,15.33
2021-12-07,Laptop,Electronics,Central,5916.86,4,514.18,2021,12,Dec,2021-12,8.69
2023-11-13,Smartphone,Electronics,East,3708.03,6,487.55,2023,11,Nov,2023-11,13.15
2021-03-22,Shorts,Clothing,North,116.86,2,44.16,2021,3,Mar,2021-03,37.79
2022-02-28,Sweater,Clothing,East,115.33,1,49.61,2022,2,Feb,2022-02,43.02
2021-11-18,Coffee,Groceries,West,39.36,3,2.67,2021,11,Nov,2021-11,6.78
2023-02-11,Tablet,Electronics,North,865.04,1,128.64,2023,2,Feb,2023-02,14.87
2023-06-23,Dress,Clothing,North,506.01,4,270.76,2023,6,Jun,2023-06,53.51
2021-02-05,Sweater,Clothing,West,29.62,1,9.05,2021,2,Feb,2021-02,30.55
2021-02-04,Coffee,Groceries,East,27.95,1,1.55,2021,2,Feb,2021-02,5.55
2021-10-09,Sweater,Clothing,North,112.57,1,57.43,2021,10,Oct,2021-10,51.02
2022-11-08,Running Shoes,Sports,South,471.11,7,130.41,2022,11,Nov,2022-11,27.68
2021-03-14,Rice,Groceries,North,52.99,2,6.83,2021,3,Mar,2021-03,12.89
2023-10-28,Rice,Groceries,West,163.79,7,17.61,2023,10,Oct,2023-10,10.75
2022-03-21,Webcam,Electronics,Central,2403.18,2,408.8,2022,3,Mar,2022-03,17.01
2021-06-12,Bed Frame,Furniture,Central,1944.39,3,636.58,2021,6,Jun,2021-06,32.74
2021-10-22,Lamp,Furniture,West,262.42,3,79.67,2021,10,Oct,2021-10,30.36
2022-02-21,Lamp,Furniture,West,385.5,1,133.06,2022,2,Feb,2022-02,34.52
2023-12-09,Smartphone,Electronics,Central,1373.02,3,186.84,2023,12,Dec,2023-12,13.61
2021-02-28,Bicycle,Sports,North,136.25,2,35.7,2021,2,Feb,2021-02,26.2
2021-06-04,Rice,Groceries,East,7.39,1,0.64,2021,6,Jun,2021-06,8.66
2022-06-06,Juice,Groceries,Central,95.86,5,12.63,2022,6,Jun,2022-06,13.18
2022-11-17,Wardrobe,Furniture,West,3606.15,6,1251.64,2022,11,Nov,2022-11,34.71
2022-09-28,T-Shirt,Clothing,Central,737.64,6,267.8,2022,9,Sep,2022-09,36.3
2021-10-20,Desk,Furniture,North,732.98,1,171.28,2021,10,Oct,2021-10,23.37
2023-09-07,Bookshelf,Furniture,West,1503.35,3,409.82,2023,9,Sep,2023-09,27.26
2022-03-16,Headphones,Electronics,East,408.93,2,65.11,2022,3,Mar,2022-03,15.92
2023-07-22,Dress,Clothing,Central,247.86,2,132.98,2023,7,Jul,2023-07,53.65
2022-04-16,Monitor,Electronics,South,2014.35,3,233.01,2022,4,Apr,2022-04,11.57
2022-06-22,Webcam,Electronics,Central,781.5,1,147.1,2022,6,Jun,2022-06,18.82
2023-12-15,Monitor,Electronics,North,11403.24,8,1929.29,2023,12,Dec,2023-12,16.92
2023-06-21,Tennis Racket,Sports,Central,128.87,6,57.02,2023,6,Jun,2023-06,44.25
2023-01-26,Bicycle,Sports,North,500.69,4,156.01,2023,1,Jan,2023-01,31.16
2022-09-19,Rice,Groceries,North,11.03,3,1.32,2022,9,Sep,2022-09,11.97
2022-04-21,Laptop,Electronics,South,473.34,3,53.84,2022,4,Apr,2022-04,11.37
2023-03-19,Yoga Mat,Sports,South,355.98,1,155.61,2023,3,Mar,2023-03,43.71
2023-12-06,T-Shirt,Clothing,Central,335.05,3,124.3,2023,12,Dec,2023-12,37.1
2023-08-31,Bicycle,Sports,West,757.72,2,335.37,2023,8,Aug,2023-08,44.26
2021-08-05,Yoga Mat,Sports,South,249.45,4,77.79,2021,8,Aug,2021-08,31.18
2021-11-01,Chair,Furniture,East,500.5,4,135.2,2021,11,Nov,2021-11,27.01
2021-07-14,T-Shirt,Clothing,West,292.91,2,138.62,2021,7,Jul,2021-07,47.33
2022-09-20,Juice,Groceries,South,21.45,1,1.1,2022,9,Sep,2022-09,5.13
2021-12-20,Tennis Racket,Sports,East,2211.48,7,717.28,2021,12,Dec,2021-12,32.43
2023-09-09,Tablet,Electronics,South,3916.91,4,652.43,2023,9,Sep,2023-09,16.66
2022-03-18,Dumbbell Set,Sports,North,565.0,3,145.44,2022,3,Mar,2022-03,25.74
2021-03-25,Yoga Mat,Sports,Central,711.2,3,202.12,2021,3,Mar,2021-03,28.42
2021-07-07,Dress,Clothing,South,1302.11,7,647.16,2021,7,Jul,2021-07,49.7
2022-10-04,Monitor,Electronics,Central,2346.18,2,390.48,2022,10,Oct,2022-10,16.64
2023-07-03,Monitor,Electronics,West,2407.44,3,464.49,2023,7,Jul,2023-07,19.29
2021-02-25,Tennis Racket,Sports,East,296.18,1,132.26,2021,2,Feb,2021-02,44.66
2023-01-01,Tennis Racket,Sports,West,234.7,1,62.7,2023,1,Jan,2023-01,26.71
2022-08-01,Tablet,Electronics,West,523.37,2,47.34,2022,8,Aug,2022-08,9.05
2023-05-01,Sofa,Furniture,North,4494.57,6,971.78,2023,5,May,2023-05,21.62
2023-12-17,Rice,Groceries,West,14.91,1,0.79,2023,12,Dec,2023-12,5.3
2023-03-13,Webcam,Electronics,Central,3787.27,3,604.88,2023,3,Mar,2023-03,15.97
2023-10-09,Milk,Groceries,Central,3.34,1,0.2,2023,10,Oct,2023-10,5.99
2022-10-10,Jeans,Clothing,South,213.1,2,104.15,2022,10,Oct,2022-10,48.87
2022-04-03,Coffee,Groceries,West,58.27,2,4.86,2022,4,Apr,2022-04,8.34
2022-09-19,Juice,Groceries,West,78.68,4,6.96,2022,9,Sep,2022-09,8.85
2023-09-30,Jacket,Clothing,South,21.71,2,8.18,2023,9,Sep,2023-09,37.68
2023-01-12,Sweater,Clothing,North,392.5,3,172.02,2023,1,Jan,2023-01,43.83
2021-01-28,Bookshelf,Furniture,East,548.17,1,109.88,2021,1,Jan,2021-01,20.04
2023-12-26,Juice,Groceries,East,109.31,7,11.29,2023,12,Dec,2023-12,10.33
2021-12-11,Tablet,Electronics,Central,10058.28,7,1414.64,2021,12,Dec,2021-12,14.06
2022-03-06,Tennis Racket,Sports,Central,1478.75,4,477.73,2022,3,Mar,2022-03,32.31
2021-11-17,Dumbbell Set,Sports,East,587.36,2,242.61,2021,11,Nov,2021-11,41.31
2021-03-28,Cereal,Groceries,East,17.2,1,1.93,2021,3,Mar,2021-03,11.22
2022-09-06,Smartwatch,Electronics,West,8239.8,6,1369.43,2022,9,Sep,2022-09,16.62
2021-04-12,Bed Frame,Furniture,North,2075.28,3,419.02,2021,4,Apr,2021-04,20.19
2022-02-24,Yoga Mat,Sports,South,177.36,1,47.59,2022,2,Feb,2022-02,26.83
2023-09-10,Shoes,Clothing,North,700.68,5,268.1,2023,9,Sep,2023-09,38.26
2023-12-15,Laptop,Electronics,West,1063.22,2,136.47,2023,12,Dec,2023-12,12.84
2021-08-21,Sofa,Furniture,South,3036.54,4,698.84,2021,8,Aug,2021-08,23.01
2021-12-22,Smartwatch,Electronics,South,1406.82,4,166.55,2021,12,Dec,2021-12,11.84
2022-04-20,Milk,Groceries,North,10.42,4,0.65,2022,4,Apr,2022-04,6.24
2021-08-10,T-Shirt,Clothing,Central,309.27,3,93.71,2021,8,Aug,2021-08,30.3
2021-01-16,Wardrobe,Furniture,South,1911.69,3,383.68,2021,1,Jan,2021-01,20.07
2022-06-13,Shoes,Clothing,Central,33.14,1,10.35,2022,6,Jun,2022-06,31.23
2023-07-19,Chair,Furniture,North,1649.4,3,619.42,2023,7,Jul,2023-07,37.55
2023-05-24,Yoga Mat,Sports,Central,750.59,2,230.94,2023,5,May,2023-05,30.77
2021-05-20,Monitor,Electronics,Central,854.88,1,122.81,2021,5,May,2021-05,14.37
2023-12-27,Chair,Furniture,South,513.37,5,197.55,2023,12,Dec,2023-12,38.48
2023-04-26,Chair,Furniture,East,279.86,1,111.93,2023,4,Apr,2023-04,39.99
2023-06-14,Cereal,Groceries,South,58.62,3,3.57,2023,6,Jun,2023-06,6.09
2022-10-06,Jacket,Clothing,South,149.34,1,70.17,2022,10,Oct,2022-10,46.99
2021-12-22,Running Shoes,Sports,Central,2213.59,7,904.48,2021,12,Dec,2021-12,40.86
2021-08-05,Lamp,Furniture,West,2195.86,4,454.89,2021,8,Aug,2021-08,20.72
2022-12-20,Dress,Clothing,West,404.05,7,159.04,2022,12,Dec,2022-12,39.36
2023-05-24,Rice,Groceries,West,116.25,4,11.81,2023,5,May,2023-05,10.16
2022-12-17,Dumbbell Set,Sports,South,1550.5,6,454.97,2022,12,Dec,2022-12,29.34
2023-09-01,Dumbbell Set,Sports,East,393.53,1,120.62,2023,9,Sep,2023-09,30.65
2022-03-02,T-Shirt,Clothing,North,59.6,2,20.61,2022,3,Mar,2022-03,34.58
2021-02-23,Dumbbell Set,Sports,Central,22.03,1,8.72,2021,2,Feb,2021-02,39.58
2023-11-25,Desk,Furniture,South,4216.15,6,1308.13,2023,11,Nov,2023-11,31.03
2022-05-30,Sweater,Clothing,Central,312.23,4,143.47,2022,5,May,2022-05,45.95
